Year,Circuit,Round,DriverNumber,DriverCode,DriverName,Team,GridPosition,Position,Points,Status,Date,PositionsGained,Position_Rolling_3,Points_Rolling_3,PositionsGained_Rolling_3,Podiums_Rolling_3,DNF_Rolling_3,Position_Rolling_5,Points_Rolling_5,PositionsGained_Rolling_5,Podiums_Rolling_5,DNF_Rolling_5,Position_Rolling_10,Points_Rolling_10,PositionsGained_Rolling_10,Podiums_Rolling_10,DNF_Rolling_10,DriverTrackAvg,DriverTrackBest,TeamTrackAvg,CircuitAvgPosition,CircuitBestPosition,CircuitRacesCount,TeamCircuitBest,PositionTrend_3,PointsMomentum,WinStreak,PodiumStreak,PointsFinishStreak,RecentReliability,TeamYearAvgPosition,TeamYearPoints,TeamYearReliability,TeamYearBest,TeamRecentForm,TeamRaceAvgPosition,AvgPositionsGained,PositionsGainedStd,AvgRacePaceVsQuali,ChampionshipPoints,ChampionshipPosition,GapToLeader,FightingForTitle,CareerRaceCount,RacesWithTeam,CareerPodiums,CareerWins,CareerPoints
2023,Bahrain Grand Prix,1,23,ALB,Alexander Albon,Williams,12.0,10,1.0,Finished,2023-01-01,2.0,11.333333333333334,2.0,0.3333333333333333,0.0,0.0,11.4,2.2,0.2,0.0,0.0,11.5,2.0,0.1,0.0,0.0,10.0,8.0,10.4,10.018518518518519,8.0,0,7.0,-5.909437655256903e-17,0.864957264957265,0.0,0.0,2.0,5.0,11.722222222222221,0.0,1.0,5.0,11.0,11.511904761904763,0.0,0.0,1.013313220561811,0.0,1.0,0.0,1,0,0,0.0,0.0,0.0
2023,Saudi Arabian Grand Prix,2,23,ALB,Alexander Albon,Williams,16.0,19,0.0,Finished,2023-01-15,-3.0,10.0,1.0,2.0,0.0,0.0,10.0,1.0,2.0,0.0,0.0,10.0,1.0,2.0,0.0,0.0,10.0,8.0,10.4,10.203703703703704,8.0,0,7.0,-5.909437655256903e-17,1.0,0.0,0.0,1.0,1.0,11.0,1.0,1.0,10.0,11.0,11.0,2.0,0.0,0.7692307692307693,1.0,10.0,24.0,0,1,1,0.0,0.0,1.0
2023,Australian Grand Prix,3,23,ALB,Alexander Albon,Williams,7.0,19,0.0,Finished,2023-01-29,-12.0,14.5,0.5,-0.5,0.0,0.0,14.5,0.5,-0.5,0.0,0.0,14.5,0.5,-0.5,0.0,0.0,10.0,8.0,10.4,9.981481481481481,8.0,0,7.0,8.999999999999996,1.0,0.0,0.0,1.0,2.0,14.25,1.0,1.0,10.0,15.666666666666666,14.25,-0.5,3.5355339059327378,0.9434389140271493,1.0,12.0,42.0,0,2,2,0.0,0.0,1.0
2023,Azerbaijan Grand Prix,4,23,ALB,Alexander Albon,Williams,12.0,12,0.0,Finished,2023-02-12,0.0,16.0,0.3333333333333333,-4.333333333333333,0.0,0.0,16.0,0.3333333333333333,-4.333333333333333,0.0,0.0,16.0,0.3333333333333333,-4.333333333333333,0.0,0.0,10.0,8.0,10.4,10.61111111111111,8.0,0,7.0,4.499999999999999,1.0,0.0,0.0,1.0,3.0,15.333333333333334,1.0,1.0,10.0,17.0,15.333333333333334,-4.333333333333333,7.094598884597588,1.4206259426847663,1.0,15.0,67.0,0,3,3,0.0,0.0,1.0
2023,Miami Grand Prix,5,23,ALB,Alexander Albon,Williams,12.0,14,0.0,Finished,2023-02-26,-2.0,16.666666666666668,0.0,-5.0,0.0,0.0,15.0,0.25,-3.25,0.0,0.0,15.0,0.25,-3.25,0.0,0.0,10.0,8.0,10.4,10.055555555555555,8.0,0,7.0,-3.5,0.0,0.0,0.0,1.0,4.0,15.0,1.0,1.0,10.0,14.666666666666666,15.0,-3.25,6.18465843842649,1.2962386877828054,1.0,15.0,85.0,0,4,4,0.0,0.0,1.0
2023,Monaco Grand Prix,6,23,ALB,Alexander Albon,Williams,13.0,14,0.0,Finished,2023-03-12,-1.0,15.0,0.0,-4.666666666666667,0.0,0.0,14.8,0.2,-3.0,0.0,0.0,14.8,0.2,-3.0,0.0,0.0,10.0,8.0,10.4,10.277777777777779,8.0,0,7.0,-2.4999999999999996,0.0,0.0,0.0,1.0,5.0,15.4,1.0,1.0,10.0,16.666666666666668,15.4,-3.0,5.385164807134504,1.2523755656108597,1.0,16.0,110.0,0,5,5,0.0,0.0,1.0
2023,Spanish Grand Prix,7,23,ALB,Alexander Albon,Williams,17.0,16,0.0,Finished,2023-03-26,1.0,13.333333333333334,0.0,-1.0,0.0,0.0,15.6,0.0,-3.6,0.0,0.0,14.666666666666666,0.16666666666666666,-2.6666666666666665,0.0,0.0,10.0,8.0,10.4,9.471698113207546,8.0,0,7.0,0.999999999999999,0.0,0.0,0.0,0.0,5.0,15.5,1.0,1.0,10.0,17.333333333333332,15.5,-2.6666666666666665,4.88535225614967,1.2103129713423832,1.0,16.0,135.0,0,6,6,0.0,0.0,1.0
2023,Canadian Grand Prix,8,23,ALB,Alexander Albon,Williams,10.0,7,6.0,Finished,2023-04-09,3.0,14.666666666666666,0.0,-0.6666666666666666,0.0,0.0,15.0,0.0,-2.8,0.0,0.0,14.857142857142858,0.14285714285714285,-2.142857142857143,0.0,0.0,10.0,8.0,10.4,9.925925925925926,8.0,0,7.0,0.9999999999999992,0.0,0.0,0.0,0.0,5.0,15.857142857142858,1.0,1.0,10.0,18.0,15.857142857142858,-2.142857142857143,4.6700667885506535,1.1643952452775983,1.0,18.0,160.0,0,7,7,0.0,0.0,1.0
2023,Austrian Grand Prix,9,23,ALB,Alexander Albon,Williams,11.0,11,0.0,Finished,2023-04-23,0.0,12.333333333333334,2.0,1.0,0.0,0.0,12.6,1.2,0.2,0.0,0.0,13.875,0.875,-1.5,0.0,0.0,10.0,8.0,10.4,9.944444444444445,8.0,0,7.0,-3.499999999999998,2.2857142857142856,0.0,0.0,1.0,5.0,15.5625,7.0,1.0,7.0,15.666666666666666,15.5625,-1.5,4.69041575982343,1.098391294163353,7.0,12.0,179.0,0,8,8,0.0,0.0,7.0
2023,British Grand Prix,10,23,ALB,Alexander Albon,Williams,10.0,8,4.0,Finished,2023-05-07,2.0,11.333333333333334,2.0,1.3333333333333333,0.0,0.0,12.4,1.2,0.2,0.0,0.0,13.555555555555555,0.7777777777777778,-1.3333333333333333,0.0,0.0,10.0,8.0,10.4,10.555555555555555,8.0,0,7.0,-2.5000000000000013,2.571428571428571,0.0,0.0,1.0,5.0,15.166666666666666,7.0,1.0,7.0,14.666666666666666,15.166666666666666,-1.3333333333333333,4.415880433163924,1.0781996688859434,7.0,12.0,204.0,0,9,9,0.0,0.0,7.0
2023,Hungarian Grand Prix,11,23,ALB,Alexander Albon,Williams,15.0,11,0.0,Finished,2023-05-21,4.0,8.666666666666666,3.3333333333333335,1.6666666666666667,0.0,0.0,11.2,2.0,1.0,0.0,0.0,13.0,1.1,-1.0,0.0,0.0,10.0,8.0,10.4,10.018518518518519,8.0,0,7.0,0.5000000000000011,3.0303030303030303,0.0,0.0,2.0,5.0,14.65,11.0,1.0,7.0,11.0,14.65,-1.0,4.2946995755750415,1.0431069747246218,11.0,13.0,225.0,0,10,10,0.0,0.0,11.0
2023,Belgian Grand Prix,12,23,ALB,Alexander Albon,Williams,11.0,14,0.0,Finished,2023-06-04,-3.0,10.0,1.3333333333333333,2.0,0.0,0.0,10.6,2.0,2.0,0.0,0.0,13.1,1.0,-0.8,0.0,0.0,10.0,8.0,10.4,10.074074074074074,8.0,0,7.0,-4.505104267826223e-16,1.3333333333333333,0.0,0.0,2.0,5.0,14.636363636363637,11.0,1.0,7.0,13.666666666666666,14.636363636363637,-0.5454545454545454,4.344275229854489,1.0107790679314743,11.0,13.0,250.0,0,11,11,0.0,0.0,11.0
2023,Dutch Grand Prix,13,23,ALB,Alexander Albon,Williams,5.0,8,4.0,Finished,2023-06-18,-3.0,11.0,1.3333333333333333,1.0,0.0,0.0,10.2,2.0,1.2,0.0,0.0,12.6,1.0,-0.8,0.0,0.0,10.0,8.0,10.4,10.24074074074074,8.0,0,7.0,2.9999999999999987,1.4545454545454546,0.0,0.0,2.0,5.0,14.708333333333334,11.0,1.0,7.0,16.333333333333332,14.708333333333334,-0.75,4.202272112689862,1.023769701159407,11.0,13.0,275.0,0,12,12,0.0,0.0,11.0
2023,Italian Grand Prix,14,23,ALB,Alexander Albon,Williams,8.0,7,6.0,Finished,2023-07-02,1.0,11.0,1.3333333333333333,-0.6666666666666666,0.0,0.0,10.4,1.6,0.0,0.0,0.0,11.5,1.4,0.1,0.0,0.0,10.0,8.0,10.4,10.537037037037036,8.0,0,7.0,-1.4999999999999987,1.1555555555555557,0.0,0.0,2.0,5.0,14.653846153846153,15.0,1.0,7.0,15.0,14.653846153846153,-0.9230769230769231,4.071476768559914,1.047582288249709,15.0,13.0,296.0,0,13,13,0.0,0.0,15.0
2023,Singapore Grand Prix,15,23,ALB,Alexander Albon,Williams,16.0,12,0.0,Finished,2023-07-16,4.0,9.666666666666666,3.3333333333333335,-1.6666666666666667,0.0,0.0,9.6,2.8,0.2,0.0,0.0,11.0,2.0,0.2,0.0,0.0,10.0,8.0,10.4,9.962264150943396,8.0,0,7.0,-3.4999999999999996,2.2222222222222223,0.0,0.0,3.0,5.0,14.321428571428571,21.0,1.0,7.0,13.333333333333334,14.321428571428571,-0.7857142857142857,3.945368685678699,1.028310537501714,21.0,12.0,315.0,0,14,14,0.0,0.0,21.0
2023,Japanese Grand Prix,16,23,ALB,Alexander Albon,Williams,17.0,16,0.0,Finished,2023-07-30,1.0,9.0,3.3333333333333335,0.6666666666666666,0.0,0.0,10.4,2.0,0.6,0.0,0.0,10.8,2.0,0.8,0.0,0.0,10.0,8.0,10.4,9.962962962962964,8.0,0,7.0,1.9999999999999991,2.3809523809523814,0.0,0.0,2.0,5.0,14.266666666666667,21.0,1.0,7.0,13.333333333333334,14.266666666666667,-0.4666666666666667,3.997618338580158,1.0068153251976781,21.0,13.0,325.0,0,15,15,0.0,0.0,21.0
2023,Qatar Grand Prix,17,23,ALB,Alexander Albon,Williams,12.0,13,0.0,Finished,2023-08-13,-1.0,11.666666666666666,2.0,2.0,0.0,0.0,11.4,2.0,0.0,0.0,0.0,11.0,2.0,1.0,0.0,0.0,10.0,8.0,10.4,10.018867924528301,8.0,0,7.0,4.499999999999998,1.5238095238095237,0.0,0.0,2.0,5.0,14.40625,21.0,1.0,7.0,16.0,14.40625,-0.375,3.879432948254165,0.9994449229283788,21.0,12.0,350.0,0,16,16,0.0,0.0,21.0
2023,United States Grand Prix,18,23,ALB,Alexander Albon,Williams,14.0,11,0.0,Finished,2023-08-27,3.0,13.666666666666666,0.0,1.3333333333333333,0.0,0.0,11.2,2.0,0.4,0.0,0.0,10.7,2.0,0.8,0.0,0.0,10.0,8.0,10.4,10.12962962962963,8.0,0,7.0,0.5000000000000003,0.0,0.0,0.0,2.0,5.0,14.470588235294118,21.0,1.0,7.0,16.0,14.470588235294118,-0.4117647058823529,3.7593021880631614,0.9994775745208271,21.0,13.0,375.0,0,17,17,0.0,0.0,21.0
2023,Mexico City Grand Prix,19,23,ALB,Alexander Albon,Williams,11.0,9,2.0,Finished,2023-09-10,2.0,13.333333333333334,0.0,1.0,0.0,0.0,11.8,1.2,1.6,0.0,0.0,11.1,1.4,0.8,0.0,0.0,10.0,8.0,10.4,10.166666666666666,8.0,0,7.0,-2.5000000000000013,0.0,0.0,0.0,1.0,5.0,14.305555555555555,21.0,1.0,7.0,13.666666666666666,14.305555555555555,-0.2222222222222222,3.7346636285347916,0.9846917833437442,21.0,13.0,400.0,0,18,18,0.0,0.0,21.0
2023,São Paulo Grand Prix,20,23,ALB,Alexander Albon,Williams,3.0,18,0.0,Finished,2023-09-24,-15.0,11.0,0.6666666666666666,1.3333333333333333,0.0,0.0,12.2,0.4,1.8,0.0,0.0,10.9,1.6,1.0,0.0,0.0,10.0,8.0,10.4,10.0,8.0,0,7.0,-2.0000000000000004,0.5507246376811594,0.0,0.0,1.0,5.0,14.105263157894736,23.0,1.0,7.0,11.0,14.105263157894736,-0.10526315789473684,3.665071423316563,0.9723395842203892,23.0,13.0,423.0,0,19,19,0.0,0.0,23.0
2023,Las Vegas Grand Prix,21,23,ALB,Alexander Albon,Williams,5.0,12,0.0,Finished,2023-10-08,-7.0,12.666666666666666,0.6666666666666666,-3.3333333333333335,0.0,0.0,13.4,0.4,-2.0,0.0,0.0,11.9,1.2,-0.7,0.0,0.0,10.0,8.0,10.4,10.074074074074074,8.0,0,7.0,3.4999999999999982,0.5797101449275363,0.0,0.0,1.0,5.0,14.125,23.0,1.0,7.0,13.666666666666666,14.125,-0.85,4.880411975707745,1.1487226050093695,23.0,13.0,448.0,0,20,20,0.0,0.0,23.0
2023,Abu Dhabi Grand Prix,22,23,ALB,Alexander Albon,Williams,17.0,14,0.0,Finished,2023-10-22,3.0,13.0,0.6666666666666666,-6.666666666666667,0.0,0.0,12.6,0.4,-3.6,0.0,0.0,12.0,1.2,-1.8,0.0,0.0,10.0,8.0,10.4,10.018518518518519,8.0,0,7.0,1.5000000000000024,0.608695652173913,0.0,0.0,1.0,5.0,14.119047619047619,23.0,1.0,7.0,13.0,14.119047619047619,-1.1428571428571428,4.942526826287484,1.1892596238184472,23.0,13.0,473.0,0,21,21,0.0,0.0,23.0
2024,Bahrain Grand Prix,1,23,ALB,Alexander Albon,Williams,11.0,15,0.0,Finished,2024-01-01,-4.0,14.666666666666666,0.0,-6.333333333333333,0.0,0.0,12.8,0.4,-2.8,0.0,0.0,12.0,1.2,-1.2,0.0,0.0,10.0,10.0,11.0,10.053571428571429,10.0,1,10.0,-2.0,0.0,0.0,0.0,1.0,5.0,11.722222222222221,0.0,1.0,5.0,15.333333333333334,14.159090909090908,-0.9545454545454546,4.90361647617904,1.1705559035438713,0.0,1.0,0.0,1,22,22,0.0,0.0,23.0
2024,Saudi Arabian Grand Prix,2,23,ALB,Alexander Albon,Williams,13.0,12,0.0,Finished,2024-01-15,1.0,13.666666666666666,0.0,-2.6666666666666665,0.0,0.0,13.6,0.4,-4.2,0.0,0.0,12.7,0.8,-1.3,0.0,0.0,19.0,19.0,17.5,10.464285714285714,19.0,1,16.0,1.4999999999999998,0.0,0.0,0.0,1.0,5.0,17.5,0.0,1.0,15.0,17.0,14.304347826086957,-1.0869565217391304,4.832776761376056,1.1740099946941378,0.0,10.0,25.0,0,23,23,0.0,0.0,23.0
2024,Australian Grand Prix,3,23,ALB,Alexander Albon,Williams,14.0,11,0.0,Finished,2024-01-29,3.0,13.666666666666666,0.0,0.0,0.0,0.0,14.2,0.0,-4.4,0.0,0.0,13.2,0.2,-1.3,0.0,0.0,19.0,19.0,17.5,10.25,19.0,1,16.0,-0.9999999999999994,0.0,0.0,0.0,0.0,5.0,15.5,0.0,1.0,12.0,15.666666666666666,14.270833333333334,-1.0,4.745707442566891,1.1608071972961678,0.0,12.0,50.0,0,24,24,0.0,0.0,23.0
2024,Japanese Grand Prix,4,23,ALB,Alexander Albon,Williams,2.0,19,0.0,Finished,2024-02-12,-17.0,12.666666666666666,0.0,0.0,0.0,0.0,12.8,0.0,-0.8,0.0,0.0,13.1,0.2,-1.4,0.0,0.0,16.0,16.0,16.5,10.196428571428571,16.0,1,16.0,-2.0000000000000018,0.0,0.0,0.0,0.0,5.0,14.6,0.0,1.0,11.0,12.666666666666666,14.204081632653061,-0.84,4.714163057567412,1.1437082427376546,0.0,14.0,50.0,0,25,25,0.0,0.0,23.0
2024,Chinese Grand Prix,5,23,ALB,Alexander Albon,Williams,13.0,12,0.0,Finished,2024-02-26,1.0,14.0,0.0,-4.333333333333333,0.0,0.0,14.2,0.0,-2.8,0.0,0.0,13.4,0.2,-3.2,0.0,0.0,10.0,8.0,10.4,10.25,8.0,0,7.0,3.4999999999999982,0.0,0.0,0.0,0.0,5.0,15.571428571428571,0.0,1.0,11.0,15.666666666666666,14.352941176470589,-1.4615384615384615,5.601648109124808,1.3433092077605653,0.0,14.0,75.0,0,26,26,0.0,0.0,23.0
2024,Miami Grand Prix,6,23,ALB,Alexander Albon,Williams,15.0,19,0.0,Finished,2024-03-11,-4.0,14.0,0.0,-4.333333333333333,0.0,0.0,13.8,0.0,-3.2,0.0,0.0,13.3,0.2,-3.0,0.0,0.0,14.0,14.0,17.0,10.303571428571429,14.0,1,14.0,0.4999999999999999,0.0,0.0,0.0,0.0,5.0,15.333333333333334,0.0,1.0,11.0,15.333333333333334,14.358490566037736,-1.3703703703703705,5.513257784287925,1.3253030466265758,0.0,14.0,100.0,0,27,27,0.0,0.0,23.0
2024,Emilia Romagna Grand Prix,7,23,ALB,Alexander Albon,Williams,14.0,20,0.0,Finished,2024-03-25,-6.0,16.666666666666668,0.0,-6.666666666666667,0.0,0.0,14.6,0.0,-3.2,0.0,0.0,14.1,0.2,-3.7,0.0,0.0,10.0,8.0,10.4,10.277777777777779,8.0,0,7.0,-4.0848787693570955e-16,0.0,0.0,0.0,0.0,5.0,16.09090909090909,0.0,1.0,11.0,18.666666666666668,14.545454545454545,-1.4642857142857142,5.432973013663492,1.3203815092470552,0.0,15.0,118.0,0,28,28,0.0,0.0,23.0
2024,Monaco Grand Prix,8,23,ALB,Alexander Albon,Williams,13.0,9,2.0,Finished,2024-04-08,4.0,17.0,0.0,-3.0,0.0,0.0,16.2,0.0,-4.6,0.0,0.0,15.2,0.0,-4.5,0.0,0.0,14.0,14.0,16.0,10.482142857142858,14.0,1,14.0,3.9999999999999982,0.0,0.0,0.0,0.0,5.0,16.46153846153846,0.0,1.0,11.0,19.0,14.68421052631579,-1.6206896551724137,5.401149302982047,1.3208281238707202,0.0,15.0,143.0,0,29,29,0.0,0.0,23.0
2024,Canadian Grand Prix,9,23,ALB,Alexander Albon,Williams,12.0,17,0.0,Finished,2024-04-22,-5.0,16.0,0.6666666666666666,-2.0,0.0,0.0,15.8,0.4,-4.4,0.0,0.0,14.3,0.2,-2.6,0.0,0.0,7.0,7.0,13.5,10.053571428571429,7.0,1,7.0,-4.999999999999999,0.7999999999999999,0.0,0.0,1.0,5.0,15.866666666666667,2.0,1.0,9.0,13.666666666666666,14.59322033898305,-1.4333333333333333,5.405510172951769,1.2982290911702676,2.0,13.0,149.0,0,30,30,0.0,0.0,25.0
2024,Spanish Grand Prix,10,23,ALB,Alexander Albon,Williams,20.0,18,0.0,Finished,2024-05-06,2.0,15.333333333333334,0.6666666666666666,-2.3333333333333335,0.0,0.0,15.4,0.4,-2.0,0.0,0.0,14.8,0.2,-2.4,0.0,0.0,16.0,16.0,18.0,9.781818181818181,16.0,1,16.0,-1.5000000000000029,0.8266666666666667,0.0,0.0,1.0,5.0,16.176470588235293,2.0,1.0,9.0,17.333333333333332,14.721311475409836,-1.5483870967741935,5.353121890868414,1.2985343562193656,2.0,15.0,174.0,0,31,31,0.0,0.0,25.0
2024,Austrian Grand Prix,11,23,ALB,Alexander Albon,Williams,15.0,14,0.0,Finished,2024-05-20,1.0,14.666666666666666,0.6666666666666666,0.3333333333333333,0.0,0.0,16.6,0.4,-1.8,0.0,0.0,15.2,0.2,-2.5,0.0,0.0,11.0,11.0,12.0,10.017857142857142,11.0,1,11.0,4.5,0.8533333333333333,0.0,0.0,1.0,5.0,16.473684210526315,2.0,1.0,9.0,19.333333333333332,14.857142857142858,-1.4375,5.303300858899107,1.2847408718732247,2.0,16.0,199.0,0,32,32,0.0,0.0,25.0
2024,British Grand Prix,12,23,ALB,Alexander Albon,Williams,13.0,9,2.0,Finished,2024-06-03,4.0,16.333333333333332,0.0,-0.6666666666666666,0.0,0.0,15.6,0.4,-0.8,0.0,0.0,15.1,0.2,-2.0,0.0,0.0,8.0,8.0,10.0,10.535714285714286,8.0,1,8.0,-1.4999999999999978,0.0,0.0,0.0,1.0,5.0,16.476190476190474,2.0,1.0,9.0,17.666666666666668,14.907692307692308,-1.3636363636363635,5.2369968840583025,1.2723244818164603,2.0,17.0,209.0,0,33,33,0.0,0.0,25.0
2024,Hungarian Grand Prix,13,23,ALB,Alexander Albon,Williams,9.0,14,0.0,Finished,2024-06-17,-5.0,13.666666666666666,0.6666666666666666,2.3333333333333335,0.0,0.0,13.4,0.8,1.2,0.0,0.0,14.8,0.4,-1.7,0.0,0.0,11.0,11.0,14.5,10.178571428571429,11.0,1,11.0,-4.5,0.8395061728395061,0.0,0.0,2.0,5.0,15.91304347826087,4.0,1.0,9.0,13.0,14.761194029850746,-1.2058823529411764,5.238432634919365,1.2538107365529512,4.0,16.0,225.0,0,34,34,0.0,0.0,27.0
2024,Belgian Grand Prix,14,23,ALB,Alexander Albon,Williams,10.0,13,0.0,Finished,2024-07-01,-3.0,12.333333333333334,0.6666666666666666,0.0,0.0,0.0,14.4,0.4,-0.6,0.0,0.0,15.1,0.4,-2.5,0.0,0.0,14.0,14.0,15.5,10.267857142857142,14.0,1,14.0,-1.5840487348175418e-15,0.8641975308641975,0.0,0.0,1.0,5.0,15.88,4.0,1.0,9.0,14.0,14.782608695652174,-1.3142857142857143,5.200517104217667,1.2579875726514382,4.0,16.0,235.0,0,35,35,0.0,0.0,27.0
2024,Dutch Grand Prix,15,23,ALB,Alexander Albon,Williams,17.0,14,0.0,Finished,2024-07-15,3.0,12.0,0.6666666666666666,-1.3333333333333333,0.0,0.0,13.6,0.4,-0.2,0.0,0.0,14.5,0.4,-1.1,0.0,0.0,8.0,8.0,14.0,10.375,8.0,1,8.0,2.0000000000000004,0.8888888888888888,0.0,0.0,1.0,5.0,15.851851851851851,4.0,1.0,9.0,16.0,14.80281690140845,-1.3611111111111112,5.133379715313032,1.2558717562394033,4.0,16.0,245.0,0,36,36,0.0,0.0,27.0
2024,Italian Grand Prix,16,23,ALB,Alexander Albon,Williams,9.0,10,1.0,Finished,2024-07-29,-1.0,13.666666666666666,0.0,-1.6666666666666667,0.0,0.0,12.8,0.4,0.0,0.0,0.0,14.7,0.4,-0.9,0.0,0.0,7.0,7.0,10.0,10.517857142857142,7.0,1,7.0,7.497616381660868e-16,0.0,0.0,0.0,1.0,5.0,15.793103448275861,4.0,1.0,9.0,16.0,14.808219178082192,-1.2432432432432432,5.112106574948691,1.242950297362062,4.0,16.0,263.0,0,37,37,0.0,0.0,27.0
2024,Azerbaijan Grand Prix,17,23,ALB,Alexander Albon,Williams,9.0,7,6.0,Finished,2024-08-12,2.0,12.333333333333334,0.3333333333333333,-0.3333333333333333,0.0,0.0,12.0,0.6,-0.4,0.0,0.0,13.8,0.5,-0.6,0.0,0.0,12.0,12.0,14.0,10.732142857142858,12.0,1,12.0,-1.4999999999999996,0.4523809523809524,0.0,0.0,2.0,5.0,15.516129032258064,5.0,1.0,9.0,13.0,14.72,-1.236842105263158,5.042705250623491,1.236556868484113,5.0,16.0,270.0,0,38,38,0.0,0.0,28.0
2024,Singapore Grand Prix,18,23,ALB,Alexander Albon,Williams,15.0,20,0.0,Finished,2024-08-26,-5.0,10.333333333333334,2.3333333333333335,1.3333333333333333,0.0,0.0,11.6,1.4,-0.8,0.0,0.0,12.5,1.1,0.2,0.0,0.0,12.0,12.0,13.5,10.090909090909092,12.0,1,12.0,-3.5000000000000013,2.6764705882352944,0.0,0.0,2.0,5.0,15.030303030303031,15.0,1.0,7.0,9.333333333333334,14.532467532467532,-1.1538461538461537,5.002833205391887,1.2227990000614435,11.0,13.0,274.0,0,39,39,0.0,0.0,34.0
2024,United States Grand Prix,19,23,ALB,Alexander Albon,Williams,18.0,16,0.0,Finished,2024-09-09,2.0,12.333333333333334,2.3333333333333335,-1.3333333333333333,0.0,0.0,12.8,1.4,-0.8,0.0,0.0,13.6,0.9,-0.7,0.0,0.0,11.0,11.0,11.5,10.178571428571429,11.0,1,11.0,4.999999999999997,2.7450980392156867,0.0,0.0,2.0,5.0,15.057142857142857,15.0,1.0,7.0,13.0,14.556962025316455,-1.25,4.9755813988327295,1.2234790250599075,11.0,13.0,292.0,0,40,40,0.0,0.0,34.0
2024,Mexico City Grand Prix,20,23,ALB,Alexander Albon,Williams,3.0,19,0.0,Finished,2024-09-23,-16.0,14.333333333333334,2.0,-0.3333333333333333,0.0,0.0,13.4,1.4,0.2,0.0,0.0,13.5,0.9,0.0,0.0,0.0,9.0,9.0,10.5,10.178571428571429,9.0,1,9.0,4.499999999999999,2.4117647058823533,0.0,0.0,2.0,5.0,14.945945945945946,16.0,1.0,7.0,12.333333333333334,14.518518518518519,-1.170731707317073,4.939141823355502,1.2141772259891266,11.0,13.0,304.0,0,41,41,0.0,0.0,34.0
2024,Las Vegas Grand Prix,22,23,ALB,Alexander Albon,Williams,16.0,19,0.0,Finished,2024-10-21,-3.0,18.333333333333332,0.0,-6.333333333333333,0.0,0.0,14.4,1.4,-3.6,0.0,0.0,13.6,0.9,-1.8,0.0,0.0,12.0,12.0,14.0,10.214285714285714,12.0,1,12.0,-0.5000000000000016,0.0,0.0,0.0,2.0,5.0,15.025,16.0,1.0,7.0,16.0,14.571428571428571,-1.5238095238095237,5.388506717613029,1.2983634825131949,11.0,16.0,337.0,0,42,42,0.0,0.0,34.0
2024,Qatar Grand Prix,23,23,ALB,Alexander Albon,Williams,18.0,15,0.0,Finished,2024-11-04,3.0,18.0,0.0,-5.666666666666667,0.0,0.0,16.2,1.2,-4.0,0.0,0.0,14.1,0.9,-2.2,0.0,0.0,13.0,13.0,15.5,10.218181818181819,13.0,1,13.0,1.4999999999999996,0.0,0.0,0.0,1.0,5.0,15.095238095238095,16.0,1.0,7.0,16.666666666666668,14.616279069767442,-1.558139534883721,5.328728632348367,1.2941607749855282,11.0,16.0,347.0,0,43,43,0.0,0.0,34.0
2024,Abu Dhabi Grand Prix,24,23,ALB,Alexander Albon,Williams,16.0,11,0.0,Finished,2024-11-18,5.0,17.666666666666668,0.0,-5.333333333333333,0.0,0.0,17.8,0.0,-3.8,0.0,0.0,14.7,0.7,-2.3,0.0,0.0,14.0,14.0,15.0,10.196428571428571,14.0,1,14.0,-1.9999999999999971,0.0,0.0,0.0,0.0,5.0,15.181818181818182,16.0,1.0,7.0,16.0,14.670454545454545,-1.4545454545454546,5.311043980299592,1.282690613831551,11.0,15.0,372.0,0,44,44,0.0,0.0,34.0
2025,Australian Grand Prix,1,23,ALB,Alexander Albon,Williams,10.0,5,10.0,Finished,2025-01-01,5.0,15.0,0.0,1.6666666666666667,0.0,0.0,16.0,0.0,-1.8,0.0,0.0,14.4,0.7,-1.3,0.0,0.0,15.0,11.0,15.333333333333334,10.263157894736842,11.0,2,11.0,-4.0,0.0,0.0,0.0,0.0,5.0,11.722222222222221,0.0,1.0,5.0,16.333333333333332,14.677777777777777,-1.3111111111111111,5.3377822353407405,1.268565462935948,0.0,1.0,0.0,1,45,45,0.0,0.0,34.0
2025,Chinese Grand Prix,2,23,ALB,Alexander Albon,Williams,11.0,9,2.0,Finished,2025-01-15,2.0,10.333333333333334,3.3333333333333335,4.333333333333333,0.0,0.0,13.8,2.0,-1.2,0.0,0.0,13.6,1.7,-0.5,0.0,0.0,12.0,12.0,14.5,10.473684210526315,12.0,1,12.0,-5.000000000000003,3.484848484848485,0.0,0.0,1.0,5.0,12.5,10.0,1.0,5.0,14.666666666666666,14.630434782608695,-1.173913043478261,5.359537077132634,1.2508693757970242,10.0,5.0,15.0,0,46,46,0.0,0.0,44.0
2025,Japanese Grand Prix,3,23,ALB,Alexander Albon,Williams,9.0,9,2.0,Finished,2025-01-29,0.0,8.333333333333334,4.0,4.0,0.0,0.0,11.8,2.4,2.4,0.0,0.0,13.1,1.9,-0.6,0.0,0.0,17.5,16.0,17.25,10.46551724137931,16.0,2,16.0,-1.0000000000000016,4.086956521739131,0.0,0.0,2.0,5.0,11.75,12.0,1.0,5.0,14.0,14.553191489361701,-1.1063829787234043,5.321139313085986,1.2402125805673,12.0,7.0,31.0,0,47,47,0.0,0.0,46.0
2025,Bahrain Grand Prix,4,23,ALB,Alexander Albon,Williams,14.0,12,0.0,Finished,2025-02-12,2.0,7.666666666666667,4.666666666666667,2.3333333333333335,0.0,0.0,9.8,2.8,3.0,0.0,0.0,13.0,2.0,-0.5,0.0,0.0,12.5,10.0,14.25,10.310344827586206,10.0,2,10.0,1.9999999999999996,4.666666666666667,0.0,0.0,3.0,5.0,11.666666666666666,14.0,1.0,5.0,12.0,14.489583333333334,-1.0833333333333333,5.266648711702943,1.2331248184721482,14.0,8.0,47.0,0,48,48,0.0,0.0,48.0
2025,Saudi Arabian Grand Prix,5,23,ALB,Alexander Albon,Williams,10.0,9,2.0,Finished,2025-02-26,1.0,10.0,1.3333333333333333,1.3333333333333333,0.0,0.0,9.2,2.8,2.8,0.0,0.0,13.5,1.4,-0.5,0.0,0.0,15.5,12.0,15.5,10.568965517241379,12.0,2,12.0,1.4999999999999993,1.3611111111111112,0.0,0.0,3.0,5.0,12.75,14.0,1.0,5.0,15.333333333333334,14.520408163265307,-1.0204081632653061,5.2300804483868735,1.2242855364625125,14.0,8.0,65.0,0,49,49,0.0,0.0,48.0
2025,Miami Grand Prix,6,23,ALB,Alexander Albon,Williams,6.0,5,10.0,Finished,2025-03-12,1.0,10.0,1.3333333333333333,1.0,0.0,0.0,8.8,3.2,2.0,0.0,0.0,12.4,1.6,0.1,0.0,0.0,16.5,14.0,18.25,10.620689655172415,14.0,2,14.0,1.1383114312956327e-15,1.3333333333333333,0.0,0.0,4.0,5.0,11.9,20.0,1.0,5.0,12.333333333333334,14.4,-0.98,5.184317009707533,1.2161634620968986,16.0,8.0,76.0,0,50,50,0.0,0.0,50.0
2025,Emilia Romagna Grand Prix,7,23,ALB,Alexander Albon,Williams,7.0,5,10.0,Finished,2025-03-26,2.0,8.666666666666666,4.0,1.3333333333333333,0.0,0.0,8.8,3.2,1.2,0.0,0.0,11.3,2.6,0.0,0.0,0.0,20.0,20.0,18.5,10.710526315789474,20.0,1,17.0,-3.5,3.4,0.0,0.0,4.0,5.0,11.083333333333334,32.0,1.0,5.0,7.333333333333333,14.254901960784315,-0.9411764705882353,5.1396955734980345,1.206322721943738,26.0,8.0,91.0,0,51,51,0.0,0.0,60.0
2025,Monaco Grand Prix,8,23,ALB,Alexander Albon,Williams,10.0,9,2.0,Finished,2025-04-09,1.0,6.333333333333333,7.333333333333333,1.3333333333333333,0.0,0.0,8.0,4.8,1.2,0.0,0.0,9.9,3.6,1.8,0.0,0.0,11.5,9.0,14.0,10.53448275862069,9.0,2,9.0,-2.0000000000000004,5.447619047619047,0.0,0.0,4.0,5.0,10.428571428571429,46.0,1.0,5.0,7.333333333333333,14.10576923076923,-0.8846153846153846,5.105375276305899,1.1951434388294353,36.0,8.0,96.0,0,52,52,0.0,0.0,70.0
2025,Spanish Grand Prix,9,23,ALB,Alexander Albon,Williams,14.0,19,0.0,Finished,2025-04-23,-5.0,6.333333333333333,7.333333333333333,1.3333333333333333,0.0,0.0,8.0,4.8,1.4,0.0,0.0,8.9,3.8,2.2,0.0,0.0,17.0,16.0,18.5,10.105263157894736,16.0,2,16.0,1.999999999999999,5.398148148148148,0.0,0.0,4.0,5.0,10.3125,49.0,1.0,5.0,9.0,14.018867924528301,-0.8490566037735849,5.0626696606521975,1.1880309554209898,38.0,8.0,114.0,0,53,53,0.0,0.0,72.0
2025,Canadian Grand Prix,10,23,ALB,Alexander Albon,Williams,12.0,20,0.0,Finished,2025-05-07,-8.0,11.0,4.0,-0.6666666666666666,0.0,0.0,9.4,4.8,0.0,0.0,0.0,9.3,3.8,1.4,0.0,0.0,12.0,7.0,16.0,10.344827586206897,7.0,2,7.0,6.999999999999998,3.0,0.0,0.0,4.0,5.0,11.055555555555555,49.0,1.0,5.0,14.666666666666666,14.074074074074074,-0.9259259259259259,5.046395507394462,1.1894871722959097,38.0,8.0,134.0,0,54,54,0.0,0.0,72.0
2025,Austrian Grand Prix,11,23,ALB,Alexander Albon,Williams,10.0,17,0.0,Finished,2025-05-21,-7.0,16.0,0.6666666666666666,-4.0,0.0,0.0,11.6,4.4,-1.8,0.0,0.0,10.2,3.8,0.1,0.0,0.0,12.5,11.0,14.25,10.241379310344827,11.0,2,11.0,5.500000000000001,0.5092592592592592,0.0,0.0,3.0,5.0,11.45,50.0,1.0,5.0,15.0,14.090909090909092,-1.0545454545454545,5.0896342800222,1.1958321607716487,38.0,8.0,146.0,0,55,55,0.0,0.0,72.0
2025,British Grand Prix,12,23,ALB,Alexander Albon,Williams,11.0,8,4.0,Finished,2025-06-04,3.0,18.666666666666668,0.0,-6.666666666666667,0.0,0.0,14.0,2.4,-3.4,0.0,0.0,11.4,2.8,-1.1,0.0,0.0,8.5,8.0,10.0,10.517241379310345,8.0,2,8.0,-0.9999999999999996,0.0,0.0,0.0,2.0,5.0,12.045454545454545,50.0,1.0,5.0,15.333333333333334,14.160714285714286,-1.1607142857142858,5.105351152429222,1.2020754176409858,38.0,8.0,164.0,0,56,56,0.0,0.0,72.0
2025,Belgian Grand Prix,13,23,ALB,Alexander Albon,Williams,5.0,6,8.0,Finished,2025-06-18,-1.0,15.0,1.3333333333333333,-4.0,0.0,0.0,14.6,1.2,-3.2,0.0,0.0,11.3,3.0,-1.0,0.0,0.0,13.5,13.0,15.5,10.448275862068966,13.0,2,13.0,-5.9999999999999964,1.0,0.0,0.0,2.0,5.0,11.875,54.0,1.0,5.0,13.0,14.087719298245615,-1.087719298245614,5.089487420704936,1.1926822816589804,42.0,8.0,178.0,0,57,57,0.0,0.0,76.0
2025,Hungarian Grand Prix,14,23,ALB,Alexander Albon,Williams,16.0,15,0.0,Finished,2025-07-02,1.0,10.333333333333334,4.0,-1.6666666666666667,0.0,0.0,14.0,2.4,-3.6,0.0,0.0,11.0,3.6,-1.1,0.0,0.0,12.5,11.0,15.0,10.362068965517242,11.0,2,11.0,-5.500000000000003,2.761904761904762,0.0,0.0,2.0,5.0,11.884615384615385,62.0,1.0,5.0,12.0,14.051724137931034,-1.0862068965517242,5.044658396998526,1.1893601733545152,50.0,8.0,195.0,0,58,58,0.0,0.0,84.0
2025,Dutch Grand Prix,15,23,ALB,Alexander Albon,Williams,10.0,5,10.0,Finished,2025-07-16,5.0,9.666666666666666,4.0,1.0,0.0,0.0,13.2,2.4,-2.4,0.0,0.0,11.3,3.6,-1.2,0.0,0.0,11.0,8.0,14.5,10.53448275862069,8.0,2,8.0,3.4999999999999982,2.8095238095238098,0.0,0.0,2.0,5.0,12.071428571428571,62.0,1.0,5.0,15.666666666666666,14.059322033898304,-1.0508474576271187,5.008350712124698,1.1841566609447178,50.0,8.0,213.0,0,59,59,0.0,0.0,84.0
2025,Italian Grand Prix,16,23,ALB,Alexander Albon,Williams,14.0,7,6.0,Finished,2025-07-30,7.0,8.666666666666666,6.0,1.6666666666666667,0.0,0.0,10.2,4.4,0.2,0.0,0.0,10.9,4.4,-0.8,0.0,0.0,8.5,7.0,10.75,10.551724137931034,7.0,2,7.0,-0.4999999999999987,3.8297872340425534,0.0,0.0,3.0,5.0,11.9,72.0,1.0,5.0,11.0,13.983333333333333,-0.95,5.02679262231859,1.1719964741713969,60.0,8.0,228.0,0,60,60,0.0,0.0,94.0
2025,Azerbaijan Grand Prix,17,23,ALB,Alexander Albon,Williams,20.0,11,0.0,Finished,2025-08-13,9.0,9.0,5.333333333333333,4.333333333333333,0.0,0.0,8.2,5.6,3.0,0.0,0.0,11.1,4.0,-0.2,0.0,0.0,9.5,7.0,10.75,10.620689655172415,7.0,2,7.0,-4.000000000000003,3.253333333333333,0.0,0.0,4.0,5.0,11.71875,78.0,1.0,5.0,10.666666666666666,13.901639344262295,-0.819672131147541,5.087593395445143,1.160433690441811,66.0,8.0,237.0,0,61,61,0.0,0.0,100.0
2025,Singapore Grand Prix,18,23,ALB,Alexander Albon,Williams,20.0,14,0.0,Finished,2025-08-27,6.0,7.666666666666667,5.333333333333333,7.0,0.0,0.0,8.8,4.8,4.2,0.0,0.0,11.7,3.0,0.5,0.0,0.0,16.0,12.0,14.5,10.280701754385966,12.0,2,11.0,2.999999999999999,3.3066666666666666,0.0,0.0,3.0,5.0,11.441176470588236,93.0,1.0,3.0,8.333333333333334,13.790322580645162,-0.6612903225806451,5.19755159378613,1.1501655587219355,66.0,8.0,237.0,0,62,62,0.0,0.0,100.0
2025,United States Grand Prix,19,23,ALB,Alexander Albon,Williams,20.0,14,0.0,Finished,2025-09-10,6.0,10.666666666666666,2.0,7.333333333333333,0.0,0.0,10.4,3.2,5.6,0.0,0.0,12.2,2.8,1.0,0.0,0.0,13.5,11.0,12.25,10.275862068965518,11.0,2,10.0,3.4999999999999996,1.26,0.0,0.0,2.0,5.0,11.472222222222221,94.0,1.0,3.0,9.0,13.761904761904763,-0.5555555555555556,5.223327878073881,1.1424909731337567,66.0,8.0,249.0,0,63,63,0.0,0.0,100.0
2025,Mexico City Grand Prix,20,23,ALB,Alexander Albon,Williams,18.0,12,0.0,Finished,2025-09-24,6.0,13.0,0.0,7.0,0.0,0.0,10.2,3.2,6.6,0.0,0.0,11.7,2.8,2.1,0.0,0.0,14.0,9.0,13.0,10.362068965517242,9.0,2,9.0,1.5000000000000009,0.0,0.0,0.0,2.0,5.0,11.763157894736842,94.0,1.0,3.0,14.666666666666666,13.8125,-0.453125,5.246101159999907,1.1350562183452082,66.0,8.0,259.0,0,64,64,0.0,0.0,100.0
2025,São Paulo Grand Prix,21,23,ALB,Alexander Albon,Williams,12.0,11,0.0,Finished,2025-10-08,1.0,13.333333333333334,0.0,6.0,0.0,0.0,11.6,1.2,6.8,0.0,0.0,10.9,2.8,3.5,0.0,0.0,18.0,18.0,15.333333333333334,10.280701754385966,18.0,1,11.0,-1.0,0.0,0.0,0.0,1.0,5.0,11.9,94.0,1.0,3.0,16.333333333333332,13.823076923076924,-0.35384615384615387,5.266138199711581,1.1273104141763346,66.0,8.0,279.0,0,65,65,0.0,0.0,100.0
2025,Las Vegas Grand Prix,22,23,ALB,Alexander Albon,Williams,16.0,18,0.0,Finished,2025-10-22,-2.0,12.333333333333334,0.0,4.333333333333333,0.0,0.0,12.4,0.0,5.6,0.0,0.0,10.3,2.8,4.3,0.0,0.0,15.5,12.0,15.25,10.431034482758621,12.0,2,12.0,-1.5000000000000013,0.0,0.0,0.0,0.0,5.0,11.904761904761905,94.0,1.0,3.0,13.666666666666666,13.795454545454545,-0.3333333333333333,5.228129047119373,1.1230504661759937,66.0,8.0,304.0,0,66,66,0.0,0.0,100.0
2025,Qatar Grand Prix,23,23,ALB,Alexander Albon,Williams,17.0,11,0.0,Finished,2025-11-05,6.0,13.666666666666666,0.0,1.6666666666666667,0.0,0.0,13.8,0.0,3.4,0.0,0.0,11.3,2.4,3.8,0.0,0.0,14.0,13.0,16.25,10.456140350877194,13.0,2,13.0,2.9999999999999982,0.0,0.0,0.0,0.0,5.0,11.931818181818182,100.0,1.0,3.0,12.666666666666666,13.776119402985074,-0.3582089552238806,5.192364710708358,1.1220918551795127,66.0,8.0,322.0,0,67,67,0.0,0.0,100.0
2025,Abu Dhabi Grand Prix,24,23,ALB,Alexander Albon,Williams,15.0,16,0.0,Finished,2025-11-19,-1.0,13.333333333333334,0.0,1.6666666666666667,0.0,0.0,13.2,0.0,3.4,0.0,0.0,11.8,1.6,4.5,0.0,0.0,12.5,11.0,15.0,10.362068965517242,11.0,2,11.0,2.4672778868112086e-15,0.0,0.0,0.0,0.0,5.0,11.717391304347826,115.0,1.0,3.0,7.0,13.676470588235293,-0.2647058823529412,5.21083156356502,1.1145774324726245,66.0,8.0,334.0,0,68,68,0.0,0.0,100.0
2023,Bahrain Grand Prix,1,14,ALO,Fernando Alonso,Aston Martin,7.0,3,15.0,Finished,2023-01-01,4.0,11.333333333333334,2.0,0.3333333333333333,0.0,0.0,11.4,2.2,0.2,0.0,0.0,11.5,2.0,0.1,0.0,0.0,10.0,8.0,10.4,13.2,8.0,0,7.0,-5.909437655256903e-17,0.864957264957265,0.0,0.0,2.0,5.0,11.722222222222221,0.0,1.0,5.0,11.0,11.511904761904763,0.0,0.0,1.013313220561811,0.0,1.0,0.0,1,0,0,0.0,0.0,0.0
2023,Saudi Arabian Grand Prix,2,14,ALO,Fernando Alonso,Aston Martin,1.0,3,15.0,Finished,2023-01-15,-2.0,3.0,15.0,4.0,1.0,0.0,3.0,15.0,4.0,1.0,0.0,3.0,15.0,4.0,1.0,0.0,10.0,8.0,10.4,14.2,8.0,0,7.0,-5.909437655256903e-17,1.0,0.0,1.0,1.0,1.0,4.5,23.0,1.0,3.0,4.5,4.5,4.0,0.0,0.375,15.0,3.0,10.0,1,1,1,1.0,0.0,15.0
2023,Australian Grand Prix,3,14,ALO,Fernando Alonso,Aston Martin,6.0,3,15.0,Finished,2023-01-29,3.0,3.0,15.0,1.0,2.0,0.0,3.0,15.0,1.0,2.0,0.0,3.0,15.0,1.0,2.0,0.0,10.0,8.0,10.4,13.5,8.0,0,7.0,-3.14018491736755e-16,1.0,0.0,2.0,2.0,2.0,8.0,38.0,1.0,3.0,9.666666666666666,8.0,1.0,4.242640687119285,0.9375,30.0,3.0,13.0,1,2,2,2.0,0.0,30.0
2023,Azerbaijan Grand Prix,4,14,ALO,Fernando Alonso,Aston Martin,6.0,4,12.0,Finished,2023-02-12,2.0,3.0,15.0,1.6666666666666667,3.0,0.0,3.0,15.0,1.6666666666666667,3.0,0.0,3.0,15.0,1.6666666666666667,3.0,0.0,10.0,8.0,10.4,16.2,8.0,0,7.0,1.4970566549032267e-16,1.0,0.0,3.0,3.0,3.0,6.666666666666667,63.0,1.0,3.0,9.333333333333334,6.666666666666667,1.6666666666666667,3.2145502536643185,0.7678571428571428,45.0,3.0,23.0,1,3,3,3.0,0.0,45.0
2023,Miami Grand Prix,5,14,ALO,Fernando Alonso,Aston Martin,2.0,3,15.0,Finished,2023-02-26,-1.0,3.3333333333333335,14.0,1.0,2.0,0.0,3.25,14.25,1.75,3.0,0.0,3.25,14.25,1.75,3.0,0.0,10.0,8.0,10.4,13.0,8.0,0,7.0,0.5000000000000001,0.9824561403508771,0.0,3.0,4.0,4.0,6.375,81.0,1.0,3.0,5.333333333333333,6.375,1.75,2.6299556396765835,0.71875,57.0,3.0,29.0,1,4,4,3.0,0.0,57.0
2023,Monaco Grand Prix,6,14,ALO,Fernando Alonso,Aston Martin,2.0,2,18.0,Finished,2023-03-12,0.0,3.3333333333333335,14.0,1.3333333333333333,2.0,0.0,3.2,14.4,1.2,4.0,0.0,3.2,14.4,1.2,4.0,0.0,10.0,8.0,10.4,12.3,8.0,0,7.0,2.1961400718323828e-16,0.9722222222222222,0.0,4.0,5.0,5.0,6.6,96.0,1.0,3.0,7.333333333333333,6.6,1.2,2.588435821108957,0.775,72.0,3.0,39.0,1,5,5,4.0,0.0,72.0
2023,Spanish Grand Prix,7,14,ALO,Fernando Alonso,Aston Martin,6.0,7,6.0,Finished,2023-03-26,-1.0,3.0,15.0,0.3333333333333333,2.0,0.0,3.0,15.0,0.4,4.0,0.0,3.0,15.0,1.0,5.0,0.0,10.0,8.0,10.4,11.5,8.0,0,7.0,-1.0,1.0,0.0,4.0,5.0,5.0,7.333333333333333,114.0,1.0,2.0,11.333333333333334,7.333333333333333,1.0,2.3664319132398464,0.7569444444444445,90.0,3.0,46.0,1,6,6,5.0,0.0,90.0
2023,Canadian Grand Prix,8,14,ALO,Fernando Alonso,Aston Martin,3.0,2,18.0,Finished,2023-04-09,1.0,4.0,13.0,-0.6666666666666666,2.0,0.0,3.8,13.2,0.6,3.0,0.0,3.5714285714285716,13.714285714285714,0.7142857142857143,5.0,0.0,10.0,8.0,10.4,12.7,8.0,0,7.0,1.999999999999999,0.9479166666666667,0.0,3.0,5.0,5.0,7.214285714285714,128.0,1.0,2.0,11.0,7.214285714285714,0.7142857142857143,2.2886885410853175,0.7916666666666667,96.0,3.0,65.0,1,7,7,5.0,0.0,96.0
2023,Austrian Grand Prix,9,14,ALO,Fernando Alonso,Aston Martin,6.0,6,8.0,Finished,2023-04-23,0.0,3.6666666666666665,14.0,0.0,2.0,0.0,3.6,13.8,0.2,3.0,0.0,3.375,14.25,0.75,6.0,0.0,10.0,8.0,10.4,13.3,8.0,0,7.0,1.0016693326889271e-15,0.9824561403508771,0.0,3.0,5.0,5.0,7.0625,147.0,1.0,2.0,6.0,7.0625,0.75,2.121320343559643,0.7552083333333334,114.0,2.0,72.0,1,8,8,6.0,0.0,114.0
2023,British Grand Prix,10,14,ALO,Fernando Alonso,Aston Martin,7.0,7,6.0,Finished,2023-05-07,0.0,5.0,10.666666666666666,0.0,1.0,0.0,4.0,13.0,-0.2,3.0,0.0,3.6666666666666665,13.555555555555555,0.6666666666666666,6.0,0.0,10.0,8.0,10.4,16.0,8.0,0,7.0,-0.5000000000000003,0.7868852459016393,0.0,3.0,5.0,5.0,7.166666666666667,156.0,1.0,2.0,8.666666666666666,7.166666666666667,0.6666666666666666,2.0,0.7665343915343915,122.0,3.0,89.0,1,9,9,6.0,0.0,122.0
2023,Hungarian Grand Prix,11,14,ALO,Fernando Alonso,Aston Martin,7.0,9,2.0,Finished,2023-05-21,-2.0,5.0,10.666666666666666,0.3333333333333333,1.0,0.0,4.8,11.2,0.0,2.0,0.0,4.0,12.8,0.6,6.0,0.0,10.0,8.0,10.4,16.9,8.0,0,7.0,2.4999999999999996,0.8333333333333333,0.0,2.0,5.0,5.0,7.35,162.0,1.0,2.0,9.333333333333334,7.35,0.6,1.8973665961010275,0.7773809523809524,128.0,3.0,108.0,1,10,10,6.0,0.0,128.0
2023,Belgian Grand Prix,12,14,ALO,Fernando Alonso,Aston Martin,7.0,5,10.0,Finished,2023-06-04,2.0,7.333333333333333,5.333333333333333,-0.6666666666666666,0.0,0.0,6.2,8.0,-0.4,1.0,0.0,4.6,11.5,0.0,5.0,0.0,10.0,8.0,10.4,12.3,8.0,0,7.0,1.4999999999999987,0.45128205128205123,0.0,1.0,5.0,5.0,7.545454545454546,165.0,1.0,2.0,10.0,7.545454545454546,0.36363636363636365,1.9632996344280855,0.808982683982684,130.0,4.0,131.0,0,11,11,6.0,0.0,130.0
2023,Dutch Grand Prix,13,14,ALO,Fernando Alonso,Aston Martin,3.0,2,18.0,Finished,2023-06-18,1.0,7.0,6.0,0.0,0.0,0.0,5.8,8.8,0.2,1.0,0.0,4.8,11.0,0.4,4.0,0.0,10.0,8.0,10.4,12.8,8.0,0,7.0,-0.9999999999999986,0.5142857142857143,0.0,1.0,5.0,5.0,7.5,177.0,1.0,2.0,8.0,7.5,0.5,1.9306145983268455,0.7936507936507936,140.0,4.0,146.0,0,12,12,6.0,0.0,140.0
2023,Italian Grand Prix,14,14,ALO,Fernando Alonso,Aston Martin,12.0,9,2.0,Finished,2023-07-02,3.0,5.333333333333333,10.0,0.3333333333333333,1.0,0.0,5.8,8.8,0.2,1.0,0.0,4.7,11.3,0.2,4.0,0.0,10.0,8.0,10.4,15.2,8.0,0,7.0,-3.5000000000000004,0.8227848101265823,0.0,1.0,5.0,5.0,7.423076923076923,195.0,1.0,2.0,7.333333333333333,7.423076923076923,0.5384615384615384,1.8536173919925967,0.7710622710622711,158.0,3.0,153.0,1,13,13,7.0,0.0,158.0
2023,Singapore Grand Prix,15,14,ALO,Fernando Alonso,Aston Martin,7.0,16,0.0,Finished,2023-07-16,-9.0,5.333333333333333,10.0,2.0,1.0,0.0,6.4,7.6,0.8,1.0,0.0,5.2,10.3,0.3,4.0,0.0,10.0,8.0,10.4,14.8,8.0,0,7.0,1.9999999999999984,0.875,0.0,1.0,5.0,5.0,7.785714285714286,197.0,1.0,2.0,12.0,7.785714285714286,0.7142857142857143,1.8985245861972937,0.7654369440083725,160.0,3.0,176.0,1,14,14,7.0,0.0,160.0
2023,Japanese Grand Prix,16,14,ALO,Fernando Alonso,Aston Martin,6.0,8,4.0,Finished,2023-07-30,-2.0,9.0,6.666666666666667,-1.6666666666666667,1.0,0.0,8.2,6.4,-1.0,1.0,0.0,6.5,8.8,-0.5,3.0,0.0,10.0,8.0,10.4,13.4,8.0,0,7.0,6.999999999999999,0.6250000000000001,0.0,1.0,4.0,5.0,8.068965517241379,197.0,1.0,2.0,13.666666666666666,8.068965517241379,0.06666666666666667,3.104528182847635,0.8477411477411477,160.0,4.0,186.0,0,15,15,7.0,0.0,160.0
2023,Qatar Grand Prix,17,14,ALO,Fernando Alonso,Aston Martin,4.0,6,8.0,Finished,2023-08-13,-2.0,11.0,2.0,-2.6666666666666665,0.0,0.0,8.0,6.8,-1.0,1.0,0.0,7.1,7.4,-0.7,2.0,0.0,10.0,8.0,10.4,12.4,8.0,0,7.0,-0.4999999999999985,0.1951219512195122,0.0,1.0,4.0,5.0,8.387096774193548,201.0,1.0,2.0,14.0,8.387096774193548,-0.0625,3.04343555870664,0.8661858974358975,164.0,4.0,207.0,0,16,16,7.0,0.0,164.0
2023,United States Grand Prix,18,14,ALO,Fernando Alonso,Aston Martin,18.0,18,0.0,Finished,2023-08-27,0.0,10.0,4.0,-4.333333333333333,0.0,0.0,8.2,6.4,-1.8,1.0,0.0,7.0,7.6,-0.8,2.0,0.0,10.0,8.0,10.4,15.0,8.0,0,7.0,-5.0,0.39534883720930236,0.0,1.0,4.0,5.0,8.333333333333334,211.0,1.0,2.0,11.0,8.333333333333334,-0.17647058823529413,2.984026099870087,0.8858220211161387,172.0,4.0,224.0,0,17,17,7.0,0.0,172.0
2023,Mexico City Grand Prix,19,14,ALO,Fernando Alonso,Aston Martin,14.0,18,0.0,Finished,2023-09-10,-4.0,10.666666666666666,4.0,-1.3333333333333333,0.0,0.0,11.4,2.8,-2.0,0.0,0.0,8.6,5.8,-0.9,1.0,0.0,10.0,8.0,10.4,12.6,8.0,0,7.0,4.999999999999997,0.4186046511627907,0.0,0.0,3.0,5.0,8.628571428571428,213.0,1.0,2.0,12.0,8.628571428571428,-0.16666666666666666,2.895229341723462,0.8892412655570551,172.0,4.0,249.0,0,18,18,7.0,0.0,172.0
2023,São Paulo Grand Prix,20,14,ALO,Fernando Alonso,Aston Martin,7.0,3,15.0,Finished,2023-09-24,4.0,14.0,2.6666666666666665,-2.0,0.0,0.0,13.2,2.4,-3.4,0.0,0.0,9.8,5.0,-1.3,1.0,0.0,10.0,8.0,10.4,10.2,8.0,0,7.0,6.0,0.2945736434108527,0.0,0.0,2.0,5.0,9.108108108108109,213.0,1.0,2.0,14.666666666666666,9.108108108108109,-0.3684210526315789,2.947890513491328,0.9055969884224732,172.0,5.0,274.0,0,19,19,7.0,0.0,172.0
2023,Las Vegas Grand Prix,21,14,ALO,Fernando Alonso,Aston Martin,19.0,9,2.0,Finished,2023-10-08,10.0,13.0,5.0,0.0,1.0,0.0,10.6,5.4,-0.8,1.0,0.0,9.4,5.9,-0.9,2.0,0.0,10.0,8.0,10.4,14.9,8.0,0,7.0,-7.500000000000001,0.5347593582887701,0.0,1.0,3.0,5.0,8.846153846153847,238.0,1.0,2.0,8.333333333333334,8.846153846153847,-0.15,3.030980386815982,0.8790671390013495,187.0,4.0,284.0,0,20,20,8.0,0.0,187.0
2023,Abu Dhabi Grand Prix,22,14,ALO,Fernando Alonso,Aston Martin,7.0,7,6.0,Finished,2023-10-22,0.0,10.0,5.666666666666667,3.3333333333333335,1.0,0.0,10.8,5.0,1.6,1.0,0.0,9.4,5.9,0.3,2.0,0.0,10.0,8.0,10.4,14.1,8.0,0,7.0,-4.500000000000003,0.6296296296296297,0.0,1.0,3.0,5.0,8.78048780487805,248.0,1.0,2.0,6.666666666666667,8.78048780487805,0.3333333333333333,3.6923344016127975,0.8586353704774756,189.0,4.0,307.0,0,21,21,8.0,0.0,189.0
2024,Bahrain Grand Prix,1,14,ALO,Fernando Alonso,Aston Martin,6.0,9,2.0,Finished,2024-01-01,-3.0,6.333333333333333,7.666666666666667,4.666666666666667,1.0,0.0,11.0,4.6,2.0,1.0,0.0,9.6,5.5,0.1,2.0,0.0,3.0,3.0,4.5,11.75,3.0,1,3.0,2.0,0.864957264957265,0.0,1.0,3.0,5.0,11.722222222222221,0.0,1.0,5.0,7.666666666666667,8.767441860465116,0.3181818181818182,3.6040501507578235,0.859379217273954,0.0,1.0,0.0,1,22,22,8.0,0.0,195.0
2024,Saudi Arabian Grand Prix,2,14,ALO,Fernando Alonso,Aston Martin,4.0,5,10.0,Finished,2024-01-15,-1.0,8.333333333333334,3.3333333333333335,2.3333333333333335,0.0,0.0,9.2,5.0,1.4,1.0,0.0,10.3,3.9,-0.3,1.0,0.0,3.0,3.0,11.5,13.75,3.0,1,3.0,-2.0257433706129653e-15,0.38917089678511,0.0,1.0,4.0,5.0,9.5,3.0,1.0,9.0,9.666666666666666,8.8,0.17391304347826086,3.588519242770091,0.8779155245974468,2.0,8.0,23.0,0,23,23,8.0,0.0,197.0
2024,Australian Grand Prix,3,14,ALO,Fernando Alonso,Aston Martin,11.0,6,8.0,Finished,2024-01-29,5.0,7.0,6.0,-1.3333333333333333,0.0,0.0,6.6,7.0,2.0,1.0,0.0,9.9,4.7,-0.7,1.0,0.0,3.0,3.0,4.0,11.916666666666666,3.0,1,3.0,-0.9999999999999986,0.6956521739130435,0.0,1.0,5.0,5.0,10.75,13.0,1.0,5.0,11.333333333333334,8.936170212765957,0.125,3.5178118198675725,0.8830023777392199,12.0,7.0,38.0,0,24,24,8.0,0.0,207.0
2024,Japanese Grand Prix,4,14,ALO,Fernando Alonso,Aston Martin,7.0,6,8.0,Finished,2024-02-12,1.0,6.666666666666667,6.666666666666667,0.3333333333333333,0.0,0.0,7.2,5.6,2.2,0.0,0.0,8.9,5.5,0.7,1.0,0.0,8.0,8.0,13.0,13.333333333333334,8.0,1,8.0,-1.5000000000000004,0.7751937984496124,0.0,0.0,5.0,5.0,9.333333333333334,27.0,1.0,5.0,10.666666666666666,8.83673469387755,0.32,3.5791060336346563,0.8676822826296511,20.0,7.0,30.0,0,25,25,8.0,0.0,215.0
2024,Chinese Grand Prix,5,14,ALO,Fernando Alonso,Aston Martin,2.0,7,6.0,Finished,2024-02-26,-5.0,5.666666666666667,8.666666666666666,1.6666666666666667,0.0,0.0,6.6,6.8,0.4,0.0,0.0,8.7,5.9,1.0,1.0,0.0,10.0,8.0,10.4,12.25,8.0,0,7.0,0.5000000000000006,1.0104633781763825,0.0,0.0,5.0,5.0,9.25,35.0,1.0,5.0,8.333333333333334,8.843137254901961,0.34615384615384615,3.5093282285053666,0.8631560409900492,28.0,7.0,47.0,0,26,26,8.0,0.0,223.0
2024,Miami Grand Prix,6,14,ALO,Fernando Alonso,Aston Martin,12.0,9,2.0,Finished,2024-03-11,3.0,6.333333333333333,7.333333333333333,0.3333333333333333,0.0,0.0,6.6,6.8,-0.6,0.0,0.0,8.8,5.7,0.7,1.0,0.0,3.0,3.0,7.5,12.083333333333334,3.0,1,3.0,0.4999999999999998,0.8646288209606987,0.0,0.0,5.0,5.0,9.7,41.0,1.0,5.0,11.666666666666666,8.943396226415095,0.14814814814814814,3.591696660393929,0.9176070518175782,34.0,7.0,66.0,0,27,27,8.0,0.0,229.0
2024,Emilia Romagna Grand Prix,7,14,ALO,Fernando Alonso,Aston Martin,20.0,19,0.0,Finished,2024-03-25,1.0,7.333333333333333,5.333333333333333,-0.3333333333333333,0.0,0.0,6.6,6.8,0.6,0.0,0.0,7.9,5.9,1.0,1.0,0.0,10.0,8.0,10.4,14.75,8.0,0,7.0,1.4999999999999987,0.6464646464646464,0.0,0.0,5.0,5.0,9.916666666666666,43.0,1.0,5.0,12.666666666666666,9.018181818181818,0.25,3.565524219937787,0.9095606461207966,36.0,6.0,82.0,0,28,28,8.0,0.0,231.0
2024,Monaco Grand Prix,8,14,ALO,Fernando Alonso,Aston Martin,17.0,11,0.0,Finished,2024-04-08,6.0,11.666666666666666,2.6666666666666665,-0.3333333333333333,0.0,0.0,9.4,4.8,1.0,0.0,0.0,8.0,5.9,1.5,1.0,0.0,2.0,2.0,11.0,12.083333333333334,2.0,1,2.0,5.999999999999997,0.3347763347763347,0.0,0.0,4.0,5.0,10.5,45.0,1.0,5.0,13.666666666666666,9.192982456140351,0.27586206896551724,3.5040441097612787,0.9093951722808348,36.0,8.0,107.0,0,29,29,8.0,0.0,231.0
2024,Canadian Grand Prix,9,14,ALO,Fernando Alonso,Aston Martin,5.0,6,8.0,Finished,2024-04-22,-1.0,13.0,0.6666666666666666,3.3333333333333335,0.0,0.0,10.4,3.2,1.2,0.0,0.0,8.8,4.4,1.7,0.0,0.0,2.0,2.0,6.0,11.583333333333334,2.0,1,2.0,1.0000000000000004,0.08658008658008658,0.0,0.0,3.0,5.0,10.75,45.0,1.0,5.0,11.333333333333334,9.305084745762711,0.4666666666666667,3.5982115608704297,0.899452370241844,36.0,8.0,115.0,0,30,30,8.0,0.0,231.0
2024,Spanish Grand Prix,10,14,ALO,Fernando Alonso,Aston Martin,12.0,12,0.0,Finished,2024-05-06,0.0,12.0,2.6666666666666665,2.0,0.0,0.0,10.4,3.2,0.8,0.0,0.0,8.5,5.0,0.6,0.0,0.0,7.0,7.0,6.5,10.666666666666666,7.0,1,6.0,-6.5,0.3458856345885634,0.0,0.0,3.0,5.0,10.277777777777779,59.0,1.0,5.0,9.0,9.21311475409836,0.41935483870967744,3.547526777426654,0.9026958421695264,44.0,9.0,132.0,0,31,31,8.0,0.0,239.0
2024,Austrian Grand Prix,11,14,ALO,Fernando Alonso,Aston Martin,13.0,18,0.0,Finished,2024-05-20,-5.0,9.666666666666666,2.6666666666666665,1.6666666666666667,0.0,0.0,11.4,2.0,1.8,0.0,0.0,9.0,4.4,0.6,0.0,0.0,6.0,6.0,8.0,12.416666666666666,6.0,1,6.0,0.4999999999999999,0.35704323570432356,0.0,0.0,2.0,5.0,10.55,59.0,1.0,5.0,11.0,9.333333333333334,0.40625,3.4906268500731517,0.9033327509478826,44.0,9.0,157.0,0,32,32,8.0,0.0,239.0
2024,British Grand Prix,12,14,ALO,Fernando Alonso,Aston Martin,11.0,8,4.0,Finished,2024-06-03,3.0,12.0,2.6666666666666665,-2.0,0.0,0.0,13.2,1.6,0.2,0.0,0.0,9.9,4.2,0.4,0.0,0.0,7.0,7.0,9.0,14.833333333333334,7.0,1,7.0,5.999999999999999,0.3682008368200837,0.0,0.0,1.0,5.0,11.0,59.0,1.0,5.0,15.0,9.523076923076923,0.24242424242424243,3.562217559245075,0.9149200701832281,44.0,9.0,167.0,0,33,33,8.0,0.0,239.0
2024,Hungarian Grand Prix,13,14,ALO,Fernando Alonso,Aston Martin,6.0,11,0.0,Finished,2024-06-17,-5.0,12.666666666666666,1.3333333333333333,-0.6666666666666666,0.0,0.0,11.0,2.4,0.6,0.0,0.0,10.2,3.6,0.8,0.0,0.0,9.0,9.0,9.5,15.666666666666666,9.0,1,9.0,-1.9999999999999976,0.186556927297668,0.0,0.0,2.0,5.0,10.708333333333334,69.0,1.0,5.0,9.333333333333334,9.462686567164178,0.3235294117647059,3.5395650155222094,0.9076184994915646,48.0,9.0,181.0,0,34,34,8.0,0.0,243.0
2024,Belgian Grand Prix,14,14,ALO,Fernando Alonso,Aston Martin,8.0,9,2.0,Finished,2024-07-01,-1.0,12.333333333333334,1.3333333333333333,-2.3333333333333335,0.0,0.0,11.0,2.4,-1.6,0.0,0.0,10.7,2.8,-0.2,0.0,0.0,5.0,5.0,7.0,11.416666666666666,5.0,1,5.0,-3.5000000000000004,0.19204389574759945,0.0,0.0,2.0,5.0,10.692307692307692,70.0,1.0,5.0,9.333333333333334,9.492753623188406,0.17142857142857143,3.601353620398817,0.9265845015469076,48.0,9.0,191.0,0,35,35,8.0,0.0,243.0
2024,Dutch Grand Prix,15,14,ALO,Fernando Alonso,Aston Martin,8.0,10,1.0,Finished,2024-07-15,-2.0,9.333333333333334,2.0,-1.0,0.0,0.0,11.6,1.2,-1.6,0.0,0.0,11.0,2.2,-0.4,0.0,0.0,2.0,2.0,6.5,11.75,2.0,1,2.0,0.4999999999999996,0.2938775510204082,0.0,0.0,2.0,5.0,10.678571428571429,72.0,1.0,5.0,10.333333333333334,9.52112676056338,0.1388888888888889,3.554898252735455,0.9286238209483825,50.0,9.0,199.0,0,36,36,8.0,0.0,245.0
2024,Italian Grand Prix,16,14,ALO,Fernando Alonso,Aston Martin,10.0,11,0.0,Finished,2024-07-29,-1.0,10.0,1.0,-2.6666666666666665,0.0,0.0,11.2,1.4,-2.0,0.0,0.0,11.3,1.7,-0.1,0.0,0.0,9.0,9.0,12.5,14.75,9.0,1,9.0,-0.5000000000000003,0.15040650406504066,0.0,0.0,3.0,5.0,10.7,73.0,1.0,5.0,11.333333333333334,9.561643835616438,0.08108108108108109,3.5227702039602176,0.9335559098716993,51.0,9.0,216.0,0,37,37,8.0,0.0,246.0
2024,Azerbaijan Grand Prix,17,14,ALO,Fernando Alonso,Aston Martin,7.0,6,8.0,Finished,2024-08-12,1.0,10.0,1.0,-1.3333333333333333,0.0,0.0,9.8,1.4,-1.2,0.0,0.0,11.5,1.5,-0.5,0.0,0.0,4.0,4.0,5.5,14.416666666666666,4.0,1,4.0,0.9999999999999998,0.15447154471544716,0.0,0.0,3.0,5.0,10.96875,73.0,1.0,5.0,14.0,9.706666666666667,0.05263157894736842,3.479261869692297,0.9353044385592861,51.0,9.0,224.0,0,38,38,8.0,0.0,246.0
2024,Singapore Grand Prix,18,14,ALO,Fernando Alonso,Aston Martin,7.0,8,4.0,Finished,2024-08-26,-1.0,9.0,3.0,-0.6666666666666666,0.0,0.0,9.4,2.2,-1.6,0.0,0.0,10.2,2.3,-0.5,0.0,0.0,16.0,16.0,16.0,14.909090909090908,16.0,1,16.0,-1.9999999999999996,0.46062992125984253,0.0,0.0,3.0,5.0,11.058823529411764,81.0,1.0,5.0,14.666666666666666,9.779220779220779,0.07692307692307693,3.4365268221258343,0.9305530426987917,59.0,9.0,226.0,0,39,39,8.0,0.0,254.0
2024,United States Grand Prix,19,14,ALO,Fernando Alonso,Aston Martin,10.0,13,0.0,Finished,2024-09-09,-3.0,8.333333333333334,4.0,-0.3333333333333333,0.0,0.0,8.8,3.0,-0.8,0.0,0.0,9.9,2.7,-1.2,0.0,0.0,18.0,18.0,13.5,14.75,18.0,1,9.0,-1.5000000000000009,0.6201550387596899,0.0,0.0,4.0,5.0,11.055555555555555,85.0,1.0,5.0,13.666666666666666,9.810126582278482,0.05,3.396453655785316,0.9322892166313219,63.0,9.0,240.0,0,40,40,8.0,0.0,258.0
2024,Mexico City Grand Prix,20,14,ALO,Fernando Alonso,Aston Martin,14.0,18,0.0,Finished,2024-09-23,-4.0,9.0,4.0,-1.0,0.0,0.0,9.6,2.6,-1.2,0.0,0.0,10.6,1.9,-1.4,0.0,0.0,18.0,18.0,17.5,13.416666666666666,18.0,1,17.0,3.499999999999999,0.6356589147286822,0.0,0.0,3.0,5.0,11.210526315789474,85.0,1.0,5.0,14.0,9.91358024691358,-0.024390243902439025,3.3873869344824548,0.9383752889529525,63.0,9.0,252.0,0,41,41,8.0,0.0,258.0
2024,São Paulo Grand Prix,21,14,ALO,Fernando Alonso,Aston Martin,9.0,14,0.0,Finished,2024-10-07,-5.0,13.0,1.3333333333333333,-2.6666666666666665,0.0,0.0,11.2,2.4,-1.6,0.0,0.0,11.2,1.9,-1.8,0.0,0.0,3.0,3.0,4.0,9.166666666666666,3.0,1,3.0,4.999999999999998,0.21705426356589144,0.0,0.0,2.0,5.0,11.375,85.0,1.0,5.0,14.666666666666666,10.024096385542169,-0.11904761904761904,3.4015948981816835,0.9446044487397871,63.0,9.0,260.0,0,42,42,8.0,0.0,258.0
2024,Las Vegas Grand Prix,22,14,ALO,Fernando Alonso,Aston Martin,15.0,11,0.0,Finished,2024-10-21,4.0,15.0,0.0,-4.0,0.0,0.0,11.8,2.4,-2.4,0.0,0.0,10.8,1.9,-1.8,0.0,0.0,9.0,9.0,7.5,13.666666666666666,9.0,1,6.0,0.5000000000000003,0.0,0.0,0.0,2.0,5.0,11.619047619047619,85.0,1.0,5.0,14.666666666666666,10.176470588235293,-0.23255813953488372,3.442294426564695,0.9551950429551408,63.0,9.0,285.0,0,43,43,8.0,0.0,258.0
2024,Qatar Grand Prix,23,14,ALO,Fernando Alonso,Aston Martin,10.0,7,6.0,Finished,2024-11-04,3.0,14.333333333333334,0.0,-1.6666666666666667,0.0,0.0,12.8,0.8,-1.8,0.0,0.0,11.1,1.5,-1.7,0.0,0.0,6.0,6.0,7.5,11.583333333333334,6.0,1,6.0,-3.5,0.0,0.0,0.0,1.0,5.0,11.681818181818182,85.0,1.0,5.0,15.0,10.241379310344827,-0.13636363636363635,3.461354144819082,0.9491110647061604,63.0,9.0,295.0,0,44,44,8.0,0.0,258.0
2024,Abu Dhabi Grand Prix,24,14,ALO,Fernando Alonso,Aston Martin,7.0,9,2.0,Finished,2024-11-18,-2.0,10.666666666666666,2.0,0.6666666666666666,0.0,0.0,12.6,1.2,-1.0,0.0,0.0,10.7,2.1,-0.9,0.0,0.0,7.0,7.0,8.5,13.166666666666666,7.0,1,7.0,-3.499999999999999,0.34090909090909094,0.0,0.0,1.0,5.0,11.717391304347826,91.0,1.0,5.0,13.333333333333334,10.292134831460674,-0.06666666666666667,3.453588384169823,0.9421611218541044,69.0,9.0,314.0,0,45,45,8.0,0.0,264.0
2025,Australian Grand Prix,1,14,ALO,Fernando Alonso,Aston Martin,13.0,17,0.0,Finished,2025-01-01,-4.0,9.0,2.6666666666666665,1.6666666666666667,0.0,0.0,11.8,1.6,-0.8,0.0,0.0,10.7,2.1,-1.0,0.0,0.0,4.5,3.0,5.25,11.142857142857142,3.0,2,3.0,-1.0000000000000004,0.46115288220551376,0.0,0.0,2.0,5.0,11.722222222222221,0.0,1.0,5.0,13.0,10.296703296703297,-0.10869565217391304,3.4268758747392014,0.9461358800746673,0.0,1.0,0.0,1,46,46,8.0,0.0,266.0
2025,Chinese Grand Prix,2,14,ALO,Fernando Alonso,Aston Martin,12.0,20,0.0,Finished,2025-01-15,-8.0,11.0,2.6666666666666665,-1.0,0.0,0.0,11.6,1.6,-0.8,0.0,0.0,11.4,2.0,-1.2,0.0,0.0,7.0,7.0,11.5,12.0,7.0,1,7.0,4.9999999999999964,0.4711779448621553,0.0,0.0,2.0,5.0,11.5,8.0,1.0,6.0,11.666666666666666,10.32258064516129,-0.19148936170212766,3.436620545980932,0.951841195696179,0.0,11.0,25.0,0,47,47,8.0,0.0,266.0
2025,Japanese Grand Prix,3,14,ALO,Fernando Alonso,Aston Martin,11.0,11,0.0,Finished,2025-01-29,0.0,15.333333333333334,0.6666666666666666,-4.666666666666667,0.0,0.0,12.8,1.6,-1.4,0.0,0.0,12.3,2.0,-1.9,0.0,0.0,7.0,6.0,11.0,12.714285714285714,6.0,2,6.0,5.499999999999998,0.12030075187969924,0.0,0.0,2.0,5.0,13.75,8.0,1.0,6.0,12.666666666666666,10.442105263157895,-0.3541666666666667,3.5818073610443104,0.9640624528371239,0.0,13.0,43.0,0,48,48,8.0,0.0,266.0
2025,Bahrain Grand Prix,4,14,ALO,Fernando Alonso,Aston Martin,12.0,17,0.0,Finished,2025-02-12,-5.0,16.0,0.0,-4.0,0.0,0.0,12.8,1.6,-2.2,0.0,0.0,12.8,1.2,-2.0,0.0,0.0,6.0,3.0,7.0,11.428571428571429,3.0,2,3.0,-2.9999999999999982,0.0,0.0,0.0,2.0,5.0,14.333333333333334,8.0,1.0,6.0,14.333333333333334,10.54639175257732,-0.3469387755102041,3.5446615988469388,0.9630951918948697,0.0,14.0,61.0,0,49,49,8.0,0.0,266.0
2025,Saudi Arabian Grand Prix,5,14,ALO,Fernando Alonso,Aston Martin,11.0,12,0.0,Finished,2025-02-26,-1.0,16.0,0.0,-4.333333333333333,0.0,0.0,14.8,0.4,-3.8,0.0,0.0,13.7,0.8,-2.4,0.0,0.0,4.0,3.0,11.75,13.5,3.0,2,3.0,-1.5000000000000044,0.0,0.0,0.0,1.0,5.0,15.125,8.0,1.0,6.0,18.333333333333332,10.686868686868687,-0.44,3.5694851855408953,0.9699871342108185,0.0,16.0,79.0,0,50,50,8.0,0.0,266.0
2025,Miami Grand Prix,6,14,ALO,Fernando Alonso,Aston Martin,18.0,15,0.0,Finished,2025-03-12,3.0,13.333333333333334,0.0,-2.0,0.0,0.0,15.4,0.0,-3.6,0.0,0.0,13.6,0.8,-2.2,0.0,0.0,6.0,3.0,9.25,11.928571428571429,3.0,2,3.0,0.5000000000000001,0.0,0.0,0.0,0.0,5.0,14.9,8.0,1.0,6.0,15.333333333333334,10.752475247524753,-0.45098039215686275,3.534480021107467,0.9705756217753122,0.0,17.0,92.0,0,51,51,8.0,0.0,266.0
2025,Emilia Romagna Grand Prix,7,14,ALO,Fernando Alonso,Aston Martin,5.0,11,0.0,Finished,2025-03-26,-6.0,14.666666666666666,0.0,-1.0,0.0,0.0,15.0,0.0,-2.2,0.0,0.0,13.3,0.8,-1.5,0.0,0.0,19.0,19.0,14.0,14.5,19.0,1,9.0,-0.9999999999999998,0.0,0.0,0.0,0.0,5.0,15.0,8.0,1.0,6.0,15.666666666666666,10.844660194174757,-0.38461538461538464,3.5322261277837077,0.9670928922067586,0.0,17.0,117.0,0,52,52,8.0,0.0,266.0
2025,Monaco Grand Prix,8,14,ALO,Fernando Alonso,Aston Martin,6.0,19,0.0,Finished,2025-04-09,-13.0,12.666666666666666,0.0,-1.3333333333333333,0.0,0.0,13.2,0.0,-1.8,0.0,0.0,13.0,0.8,-1.6,0.0,0.0,6.5,2.0,11.75,12.142857142857142,2.0,2,2.0,-0.5,0.0,0.0,0.0,0.0,5.0,14.714285714285714,8.0,1.0,6.0,14.0,10.885714285714286,-0.49056603773584906,3.582127867351353,0.9834370514732977,0.0,17.0,132.0,0,53,53,8.0,0.0,266.0
2025,Spanish Grand Prix,9,14,ALO,Fernando Alonso,Aston Martin,10.0,10,1.0,Finished,2025-04-23,0.0,15.0,0.0,-5.333333333333333,0.0,0.0,14.8,0.0,-4.4,0.0,0.0,13.8,0.8,-3.3,0.0,0.0,9.5,7.0,9.75,11.0,7.0,2,6.0,1.999999999999999,0.0,0.0,0.0,0.0,5.0,15.0,8.0,1.0,6.0,16.333333333333332,11.0,-0.7222222222222222,3.935406126900729,1.0154898044883425,0.0,17.0,152.0,0,54,54,8.0,0.0,266.0
2025,Canadian Grand Prix,10,14,ALO,Fernando Alonso,Aston Martin,6.0,7,6.0,Finished,2025-05-07,-1.0,13.333333333333334,0.3333333333333333,-6.333333333333333,0.0,0.0,13.4,0.2,-3.4,0.0,0.0,14.1,0.3,-3.6,0.0,0.0,4.0,2.0,6.25,10.857142857142858,2.0,2,2.0,-0.4999999999999979,0.0686641697877653,0.0,0.0,1.0,5.0,14.705882352941176,9.0,1.0,6.0,14.666666666666666,10.99074074074074,-0.7090909090909091,3.9000129499914493,1.0135552791174802,1.0,18.0,171.0,0,55,55,8.0,0.0,267.0
2025,Austrian Grand Prix,11,14,ALO,Fernando Alonso,Aston Martin,13.0,7,6.0,Finished,2025-05-21,6.0,12.0,2.3333333333333335,-4.666666666666667,0.0,0.0,12.4,1.4,-3.4,0.0,0.0,13.9,0.7,-3.5,0.0,0.0,12.0,6.0,11.75,12.857142857142858,6.0,2,6.0,-6.0000000000000036,0.47863247863247865,0.0,0.0,2.0,5.0,14.421052631578947,15.0,1.0,6.0,11.333333333333334,11.00909090909091,-0.7142857142857143,3.8645911730822102,1.013313220561811,7.0,15.0,177.0,0,56,56,8.0,0.0,273.0
2025,British Grand Prix,12,14,ALO,Fernando Alonso,Aston Martin,8.0,9,2.0,Finished,2025-06-04,-1.0,8.0,4.333333333333333,1.6666666666666667,0.0,0.0,10.8,2.6,-2.8,0.0,0.0,12.9,1.3,-2.5,0.0,0.0,7.5,7.0,8.25,13.785714285714286,7.0,2,7.0,-1.5000000000000009,0.8853046594982079,0.0,0.0,3.0,5.0,14.047619047619047,21.0,1.0,6.0,12.666666666666666,11.0,-0.5964912280701754,3.9318282239891142,1.0043077254642352,13.0,12.0,189.0,0,57,57,8.0,0.0,279.0
2025,Belgian Grand Prix,13,14,ALO,Fernando Alonso,Aston Martin,20.0,17,0.0,Finished,2025-06-18,3.0,7.666666666666667,4.666666666666667,1.3333333333333333,0.0,0.0,10.4,3.0,-1.8,0.0,0.0,11.8,1.5,-1.8,0.0,0.0,7.0,5.0,8.75,11.285714285714286,5.0,2,5.0,0.9999999999999996,0.963226571767497,0.0,0.0,4.0,5.0,13.521739130434783,29.0,1.0,6.0,10.0,10.947368421052632,-0.603448275862069,3.8975460348492232,1.0042334543355416,15.0,13.0,205.0,0,58,58,8.0,0.0,281.0
2025,Hungarian Grand Prix,14,14,ALO,Fernando Alonso,Aston Martin,4.0,5,10.0,Finished,2025-07-02,-1.0,11.0,2.6666666666666665,2.6666666666666665,0.0,0.0,10.0,3.0,1.4,0.0,0.0,12.4,1.5,-1.5,0.0,0.0,10.0,9.0,10.0,14.928571428571429,9.0,2,9.0,4.9999999999999964,0.5599051008303677,0.0,0.0,4.0,5.0,13.68,29.0,1.0,6.0,12.666666666666666,11.025862068965518,-0.5423728813559322,3.8921762102538073,1.0009332908641562,15.0,14.0,230.0,0,59,59,8.0,0.0,281.0
2025,Dutch Grand Prix,15,14,ALO,Fernando Alonso,Aston Martin,13.0,9,2.0,Finished,2025-07-16,4.0,10.333333333333334,4.0,0.3333333333333333,0.0,0.0,9.0,4.8,1.2,0.0,0.0,11.2,2.5,-1.1,0.0,0.0,6.0,2.0,8.75,11.642857142857142,2.0,2,2.0,-1.9999999999999971,0.8247422680412372,0.0,0.0,4.0,5.0,13.11111111111111,45.0,1.0,5.0,8.666666666666666,10.940677966101696,-0.55,3.8595029099437665,1.00091773601642,25.0,10.0,238.0,0,60,60,8.0,0.0,291.0
2025,Italian Grand Prix,16,14,ALO,Fernando Alonso,Aston Martin,7.0,19,0.0,Finished,2025-07-30,-12.0,10.333333333333334,4.0,2.0,0.0,0.0,9.4,4.0,2.2,0.0,0.0,10.9,2.7,-0.6,0.0,0.0,10.0,9.0,13.75,14.785714285714286,9.0,2,9.0,-4.000000000000001,0.832764505119454,0.0,0.0,4.0,5.0,12.793103448275861,51.0,1.0,5.0,8.0,10.9,-0.47540983606557374,3.871289868493657,0.9950478902269239,27.0,11.0,261.0,0,61,61,8.0,0.0,293.0
2025,Azerbaijan Grand Prix,17,14,ALO,Fernando Alonso,Aston Martin,12.0,15,0.0,Finished,2025-08-13,-3.0,11.0,4.0,-3.0,0.0,0.0,11.8,2.8,-1.4,0.0,0.0,11.3,2.7,-2.1,0.0,0.0,5.0,4.0,9.0,14.142857142857142,4.0,2,4.0,6.999999999999998,0.8464163822525598,0.0,0.0,3.0,5.0,13.161290322580646,51.0,1.0,5.0,15.0,11.024590163934427,-0.6612903225806451,4.108940864637155,1.017305182320038,27.0,11.0,276.0,0,62,62,8.0,0.0,293.0
2025,Singapore Grand Prix,18,14,ALO,Fernando Alonso,Aston Martin,9.0,8,4.0,Finished,2025-08-27,1.0,14.333333333333334,0.6666666666666666,-3.6666666666666665,0.0,0.0,13.0,2.4,-1.8,0.0,0.0,11.7,2.7,-1.8,0.0,0.0,12.0,8.0,12.666666666666666,14.307692307692308,8.0,2,8.0,2.999999999999999,0.1433447098976109,0.0,0.0,2.0,5.0,13.333333333333334,51.0,1.0,5.0,16.666666666666668,11.10483870967742,-0.6984126984126984,4.086306482098791,1.019472499328389,27.0,12.0,276.0,0,63,63,8.0,0.0,293.0
2025,United States Grand Prix,19,14,ALO,Fernando Alonso,Aston Martin,12.0,10,1.0,Finished,2025-09-10,2.0,14.0,1.3333333333333333,-4.666666666666667,0.0,0.0,11.2,3.2,-2.2,0.0,0.0,10.6,3.1,-0.4,0.0,0.0,15.5,13.0,13.75,14.642857142857142,13.0,2,9.0,-5.5,0.28731762065095395,0.0,0.0,3.0,5.0,13.17142857142857,55.0,1.0,5.0,12.666666666666666,11.095238095238095,-0.671875,4.059301243724292,1.016043241526383,31.0,11.0,284.0,0,64,64,8.0,0.0,297.0
2025,Mexico City Grand Prix,20,14,ALO,Fernando Alonso,Aston Martin,16.0,18,0.0,Finished,2025-09-24,-2.0,11.0,1.6666666666666667,0.0,0.0,0.0,12.2,1.4,-1.6,0.0,0.0,10.6,3.1,-0.2,0.0,0.0,18.0,18.0,16.0,13.571428571428571,18.0,2,11.0,-2.5000000000000013,0.3635346756152126,0.0,0.0,3.0,5.0,13.054054054054054,56.0,1.0,5.0,11.666666666666666,11.09375,-0.6307692307692307,4.041075161579955,1.012246126567989,32.0,11.0,293.0,0,65,65,8.0,0.0,298.0
2025,São Paulo Grand Prix,21,14,ALO,Fernando Alonso,Aston Martin,11.0,14,0.0,Finished,2025-10-08,-3.0,12.0,1.6666666666666667,0.3333333333333333,0.0,0.0,14.0,1.0,-2.8,0.0,0.0,11.7,2.5,-0.3,0.0,0.0,8.5,3.0,10.25,10.214285714285714,3.0,2,3.0,4.999999999999998,0.36912751677852346,0.0,0.0,2.0,5.0,13.205128205128204,56.0,1.0,5.0,14.666666666666666,11.169230769230769,-0.6515151515151515,4.013409922679118,1.0129518447928947,32.0,11.0,313.0,0,66,66,8.0,0.0,298.0
2025,Las Vegas Grand Prix,22,14,ALO,Fernando Alonso,Aston Martin,11.0,13,0.0,Finished,2025-10-22,-2.0,14.0,0.3333333333333333,-1.0,0.0,0.0,13.0,1.0,-1.0,0.0,0.0,12.4,1.9,-1.2,0.0,0.0,10.0,9.0,10.25,13.571428571428571,9.0,2,6.0,2.000000000000001,0.07494407158836688,0.0,0.0,2.0,5.0,13.292682926829269,56.0,1.0,5.0,14.666666666666666,11.227272727272727,-0.6865671641791045,3.993209976431889,1.0152460958656373,32.0,13.0,338.0,0,67,67,8.0,0.0,298.0
2025,Qatar Grand Prix,23,14,ALO,Fernando Alonso,Aston Martin,6.0,7,6.0,Finished,2025-11-05,-1.0,15.0,0.0,-2.3333333333333335,0.0,0.0,12.6,1.0,-0.8,0.0,0.0,12.8,1.7,-1.3,0.0,0.0,6.5,6.0,10.0,11.714285714285714,6.0,2,6.0,-2.4999999999999996,0.0,0.0,0.0,2.0,5.0,13.44186046511628,56.0,1.0,5.0,16.333333333333332,11.305970149253731,-0.7058823529411765,3.966497095654197,1.0162473787695743,32.0,14.0,356.0,0,68,68,8.0,0.0,298.0
2025,Abu Dhabi Grand Prix,24,14,ALO,Fernando Alonso,Aston Martin,5.0,6,8.0,Finished,2025-11-19,-1.0,11.333333333333334,2.0,-2.0,0.0,0.0,12.4,1.4,-1.2,0.0,0.0,11.8,2.3,-1.7,0.0,0.0,8.0,7.0,9.5,12.785714285714286,7.0,2,7.0,-3.5,0.45394736842105265,0.0,0.0,2.0,5.0,13.377777777777778,62.0,1.0,5.0,14.666666666666666,11.316176470588236,-0.7101449275362319,3.93738286203114,1.0160119095120441,38.0,12.0,362.0,0,69,69,8.0,0.0,304.0
2025,Australian Grand Prix,1,12,ANT,Andrea Kimi Antonelli,Mercedes,16.0,4,12.0,Finished,2025-01-01,12.0,11.333333333333334,2.0,0.3333333333333333,0.0,0.0,11.4,2.2,0.2,0.0,0.0,11.5,2.0,0.1,0.0,0.0,10.0,8.0,12.5,10.285714285714286,8.0,0,2.0,-5.909437655256903e-17,0.864957264957265,0.0,0.0,2.0,5.0,11.722222222222221,0.0,1.0,5.0,4.333333333333333,6.478260869565218,0.0,0.0,1.013313220561811,0.0,1.0,0.0,1,0,0,0.0,0.0,0.0
2025,Chinese Grand Prix,2,12,ANT,Kimi Antonelli,Mercedes,7.0,8,4.0,Finished,2025-01-15,-1.0,4.0,12.0,12.0,0.0,0.0,4.0,12.0,12.0,0.0,0.0,4.0,12.0,12.0,0.0,0.0,10.0,8.0,7.5,10.115384615384615,8.0,0,6.0,-5.909437655256903e-17,1.0,0.0,0.0,1.0,1.0,3.5,27.0,1.0,3.0,4.0,6.414893617021277,12.0,0.0,0.23529411764705882,12.0,4.0,13.0,0,1,1,0.0,0.0,12.0
2025,Japanese Grand Prix,3,12,ANT,Kimi Antonelli,Mercedes,6.0,6,8.0,Finished,2025-01-29,0.0,6.0,8.0,5.5,0.0,0.0,6.0,8.0,5.5,0.0,0.0,6.0,8.0,5.5,0.0,0.0,10.0,8.0,7.0,10.380952380952381,8.0,0,5.0,3.999999999999999,1.0,0.0,0.0,2.0,2.0,4.5,46.0,1.0,3.0,4.666666666666667,6.395833333333333,5.5,9.192388155425117,0.6176470588235294,16.0,5.0,27.0,0,2,2,0.0,0.0,16.0
2025,Bahrain Grand Prix,4,12,ANT,Kimi Antonelli,Mercedes,7.0,11,0.0,Finished,2025-02-12,-4.0,6.0,8.0,3.6666666666666665,0.0,0.0,6.0,8.0,3.6666666666666665,0.0,0.0,6.0,8.0,3.6666666666666665,0.0,0.0,10.0,8.0,6.0,10.714285714285714,8.0,0,5.0,0.9999999999999996,1.0,0.0,0.0,3.0,3.0,4.833333333333333,64.0,1.0,3.0,4.666666666666667,6.377551020408164,3.6666666666666665,7.234178138070235,0.6974789915966387,24.0,6.0,37.0,0,3,3,0.0,0.0,24.0
2025,Saudi Arabian Grand Prix,5,12,ANT,Kimi Antonelli,Mercedes,6.0,6,8.0,Finished,2025-02-26,0.0,8.333333333333334,4.0,-1.6666666666666667,0.0,0.0,7.25,6.0,1.75,0.0,0.0,7.25,6.0,1.75,0.0,0.0,10.0,8.0,6.0,10.976190476190476,8.0,0,4.0,1.4999999999999991,0.6666666666666666,0.0,0.0,3.0,4.0,5.375,79.0,1.0,3.0,6.333333333333333,6.39,1.75,7.041543391425869,0.866859243697479,24.0,7.0,55.0,0,4,4,0.0,0.0,24.0
2025,Miami Grand Prix,6,12,ANT,Kimi Antonelli,Mercedes,3.0,6,8.0,Finished,2025-03-12,-3.0,7.666666666666667,5.333333333333333,-1.3333333333333333,0.0,0.0,7.0,6.4,1.4,0.0,0.0,7.0,6.4,1.4,0.0,0.0,10.0,8.0,6.0,10.928571428571429,8.0,0,4.0,8.475557717050052e-16,0.8333333333333333,0.0,0.0,4.0,5.0,5.4,97.0,1.0,3.0,4.666666666666667,6.372549019607843,1.4,6.148170459575759,0.8649159663865547,32.0,6.0,60.0,0,5,5,0.0,0.0,32.0
2025,Emilia Romagna Grand Prix,7,12,ANT,Kimi Antonelli,Mercedes,12.0,19,0.0,Finished,2025-03-26,-7.0,7.666666666666667,5.333333333333333,-2.3333333333333335,0.0,0.0,7.4,5.6,-1.6,0.0,0.0,6.833333333333333,6.666666666666667,0.6666666666666666,0.0,0.0,10.0,8.0,6.5,10.692307692307692,8.0,0,6.0,-2.4999999999999996,0.7999999999999999,0.0,0.0,4.0,5.0,5.25,120.0,1.0,3.0,4.666666666666667,6.336538461538462,0.6666666666666666,5.7850381733111025,0.9707633053221288,40.0,6.0,77.0,0,6,6,0.0,0.0,40.0
2025,Monaco Grand Prix,8,12,ANT,Kimi Antonelli,Mercedes,14.0,18,0.0,Finished,2025-04-09,-4.0,10.333333333333334,5.333333333333333,-3.3333333333333335,0.0,0.0,9.6,4.8,-2.8,0.0,0.0,8.571428571428571,5.714285714285714,-0.42857142857142855,0.0,0.0,10.0,8.0,5.25,10.166666666666666,8.0,0,4.0,6.499999999999998,0.9333333333333332,0.0,0.0,3.0,5.0,6.357142857142857,126.0,1.0,3.0,9.666666666666666,6.462264150943396,-0.42857142857142855,6.023762469230862,1.0408740419244622,40.0,7.0,92.0,0,7,7,0.0,0.0,40.0
2025,Spanish Grand Prix,9,12,ANT,Kimi Antonelli,Mercedes,7.0,18,0.0,Finished,2025-04-23,-11.0,14.333333333333334,2.6666666666666665,-4.666666666666667,0.0,0.0,12.0,3.2,-3.6,0.0,0.0,9.75,5.0,-0.875,0.0,0.0,10.0,8.0,3.0,9.609756097560975,8.0,0,2.0,6.000000000000003,0.5333333333333333,0.0,0.0,2.0,5.0,7.375,126.0,1.0,3.0,12.0,6.611111111111111,-0.875,5.718079098038831,1.0607647866839043,40.0,7.0,112.0,0,8,8,0.0,0.0,40.0
2025,Canadian Grand Prix,10,12,ANT,Kimi Antonelli,Mercedes,3.0,3,15.0,Finished,2025-05-07,0.0,18.333333333333332,0.0,-7.333333333333333,0.0,0.0,13.4,3.2,-5.0,0.0,0.0,10.666666666666666,4.444444444444445,-2.0,0.0,0.0,10.0,8.0,7.25,10.357142857142858,8.0,0,3.0,-0.4999999999999984,0.0,0.0,0.0,2.0,5.0,7.777777777777778,138.0,1.0,3.0,11.0,6.6909090909090905,-2.0,6.324555320336759,1.192902032607915,40.0,7.0,132.0,0,9,9,0.0,0.0,40.0
2025,Austrian Grand Prix,11,12,ANT,Kimi Antonelli,Mercedes,4.0,18,0.0,Finished,2025-05-21,-14.0,13.0,5.0,-5.0,1.0,0.0,12.8,4.6,-5.0,1.0,0.0,9.9,5.5,-1.8,1.0,0.0,10.0,8.0,5.0,10.0,8.0,0,1.0,-7.500000000000001,0.9090909090909091,0.0,1.0,2.0,5.0,7.2,178.0,1.0,1.0,2.6666666666666665,6.607142857142857,-1.8,5.996295152471696,1.1486118293471235,55.0,7.0,129.0,0,10,10,1.0,0.0,55.0
2025,British Grand Prix,12,12,ANT,Kimi Antonelli,Mercedes,10.0,16,0.0,Finished,2025-06-04,-6.0,13.0,5.0,-8.333333333333334,1.0,0.0,15.2,3.0,-7.2,1.0,0.0,11.3,4.3,-4.4,1.0,0.0,10.0,8.0,7.0,10.428571428571429,8.0,0,1.0,-8.143490128452913e-16,1.0,0.0,1.0,1.0,5.0,7.590909090909091,188.0,1.0,1.0,8.0,6.692982456140351,-2.909090909090909,6.774282920790148,1.3714652994064758,55.0,7.0,147.0,0,11,11,1.0,0.0,55.0
2025,Belgian Grand Prix,13,12,ANT,Kimi Antonelli,Mercedes,19.0,16,0.0,Finished,2025-06-18,3.0,12.333333333333334,5.0,-6.666666666666667,1.0,0.0,14.6,3.0,-7.0,1.0,0.0,12.1,3.9,-4.9,1.0,0.0,10.0,8.0,3.25,10.333333333333334,8.0,0,1.0,6.500000000000001,1.090909090909091,0.0,1.0,1.0,5.0,8.041666666666666,189.0,1.0,1.0,10.333333333333334,6.801724137931035,-3.1666666666666665,6.520364369814889,1.3783886456680576,55.0,7.0,165.0,0,12,12,1.0,0.0,55.0
2025,Hungarian Grand Prix,14,12,ANT,Kimi Antonelli,Mercedes,13.0,10,1.0,Finished,2025-07-02,3.0,16.666666666666668,0.0,-5.666666666666667,0.0,0.0,14.2,3.0,-5.6,1.0,0.0,13.1,3.1,-4.6,1.0,0.0,10.0,8.0,5.5,10.595238095238095,8.0,0,3.0,-1.0000000000000013,0.0,0.0,1.0,1.0,5.0,8.23076923076923,199.0,1.0,1.0,10.333333333333334,6.864406779661017,-2.6923076923076925,6.472822869307941,1.3338972113858991,55.0,7.0,190.0,0,13,13,1.0,0.0,55.0
2025,Dutch Grand Prix,15,12,ANT,Kimi Antonelli,Mercedes,12.0,6,8.0,Finished,2025-07-16,6.0,14.0,0.3333333333333333,0.0,0.0,0.0,12.6,3.2,-2.8,1.0,0.0,13.0,3.2,-3.9,1.0,0.0,10.0,8.0,9.5,11.261904761904763,8.0,0,6.0,-2.999999999999998,0.08333333333333333,0.0,1.0,2.0,5.0,8.107142857142858,215.0,1.0,1.0,6.0,6.858333333333333,-2.2857142857142856,6.402266082334519,1.2896392473073146,56.0,7.0,207.0,0,14,14,1.0,0.0,56.0
2025,Italian Grand Prix,16,12,ANT,Kimi Antonelli,Mercedes,11.0,8,4.0,Finished,2025-07-30,3.0,10.666666666666666,3.0,4.0,0.0,0.0,13.2,1.8,-1.6,0.0,0.0,13.0,3.2,-3.3,1.0,0.0,10.0,8.0,5.75,11.166666666666666,8.0,0,5.0,-5.0,0.703125,0.0,0.0,2.0,5.0,7.9,235.0,1.0,1.0,4.333333333333333,6.827868852459017,-1.7333333333333334,6.5297852367513,1.2344325282560578,64.0,7.0,224.0,0,15,15,1.0,0.0,64.0
2025,Azerbaijan Grand Prix,17,12,ANT,Kimi Antonelli,Mercedes,5.0,4,12.0,Finished,2025-08-13,1.0,8.0,4.333333333333333,4.0,0.0,0.0,11.2,2.6,1.8,0.0,0.0,13.2,2.8,-2.7,1.0,0.0,10.0,8.0,6.5,11.642857142857142,8.0,0,3.0,-0.9999999999999996,1.0196078431372548,0.0,0.0,3.0,5.0,7.8125,249.0,1.0,1.0,5.666666666666667,6.82258064516129,-1.4375,6.418398034816268,1.1989471619067207,68.0,7.0,235.0,0,16,16,1.0,0.0,68.0
2025,Singapore Grand Prix,18,12,ANT,Kimi Antonelli,Mercedes,6.0,5,10.0,Finished,2025-08-27,1.0,6.0,8.0,3.3333333333333335,0.0,0.0,8.8,5.0,3.2,0.0,0.0,11.7,4.0,-1.9,1.0,0.0,10.0,8.0,5.25,10.390243902439025,8.0,0,3.0,-0.9999999999999994,1.7,0.0,0.0,4.0,5.0,7.529411764705882,279.0,1.0,1.0,3.6666666666666665,6.761904761904762,-1.2941176470588236,6.2426427284679775,1.1676365445396588,80.0,7.0,223.0,0,17,17,1.0,0.0,80.0
2025,United States Grand Prix,19,12,ANT,Kimi Antonelli,Mercedes,7.0,13,0.0,Finished,2025-09-10,-6.0,5.666666666666667,8.666666666666666,1.6666666666666667,0.0,0.0,6.6,7.0,2.8,0.0,0.0,10.4,5.0,-1.4,1.0,0.0,10.0,8.0,8.75,10.785714285714286,8.0,0,2.0,-1.5000000000000002,1.7333333333333332,0.0,0.0,5.0,5.0,7.277777777777778,314.0,1.0,1.0,2.6666666666666665,6.703125,-1.1666666666666667,6.080344417489368,1.1424503873033285,90.0,7.0,225.0,0,18,18,1.0,0.0,90.0
2025,Mexico City Grand Prix,20,12,ANT,Kimi Antonelli,Mercedes,7.0,6,8.0,Finished,2025-09-24,1.0,7.333333333333333,7.333333333333333,-1.3333333333333333,0.0,0.0,7.2,6.8,1.0,0.0,0.0,9.9,5.0,-0.9,1.0,0.0,10.0,8.0,4.25,9.738095238095237,8.0,0,2.0,4.499999999999999,1.5481481481481483,0.0,0.0,4.0,5.0,7.394736842105263,322.0,1.0,1.0,6.666666666666667,6.746153846153846,-1.4210526315789473,6.012170891650483,1.1678477353399954,90.0,7.0,235.0,0,19,19,1.0,0.0,90.0
2025,São Paulo Grand Prix,21,12,ANT,Kimi Antonelli,Mercedes,3.0,2,18.0,Finished,2025-10-08,1.0,8.0,6.0,-1.3333333333333333,0.0,0.0,7.2,6.8,0.0,0.0,0.0,10.2,4.3,-0.8,0.0,0.0,10.0,8.0,9.25,11.071428571428571,8.0,0,4.0,0.5000000000000013,1.2244897959183672,0.0,0.0,4.0,5.0,7.35,336.0,1.0,1.0,6.333333333333333,6.742424242424242,-1.3,5.876805433674248,1.1469553485729957,98.0,7.0,247.0,0,20,20,1.0,0.0,98.0
2025,Las Vegas Grand Prix,22,12,ANT,Kimi Antonelli,Mercedes,15.0,4,12.0,Finished,2025-10-22,11.0,7.0,8.666666666666666,-1.3333333333333333,1.0,0.0,6.0,9.6,-0.4,1.0,0.0,8.6,6.1,0.7,1.0,0.0,10.0,8.0,3.75,10.80952380952381,8.0,0,1.0,-5.500000000000002,1.5689655172413792,0.0,1.0,4.0,5.0,7.142857142857143,366.0,1.0,1.0,4.333333333333333,6.686567164179104,-1.1904761904761905,5.749948239932666,1.1161479510219006,116.0,7.0,254.0,0,21,21,2.0,0.0,116.0
2025,Qatar Grand Prix,23,12,ANT,Kimi Antonelli,Mercedes,4.0,5,10.0,Finished,2025-11-05,-1.0,4.0,12.666666666666666,4.333333333333333,1.0,0.0,6.0,9.6,1.6,1.0,0.0,7.4,7.3,2.4,1.0,0.0,10.0,8.0,9.75,10.365853658536585,8.0,0,4.0,-1.0000000000000013,2.177083333333333,0.0,1.0,4.0,5.0,6.9772727272727275,393.0,1.0,1.0,3.6666666666666665,6.639705882352941,-0.6363636363636364,6.18404594439791,1.0767775896118144,128.0,7.0,260.0,0,22,22,2.0,0.0,128.0
2025,Abu Dhabi Grand Prix,24,12,ANT,Kimi Antonelli,Mercedes,17.0,15,0.0,Finished,2025-11-19,2.0,3.6666666666666665,13.333333333333334,3.6666666666666665,1.0,0.0,6.0,9.6,1.2,1.0,0.0,6.3,8.3,2.0,1.0,0.0,10.0,8.0,5.5,9.80952380952381,8.0,0,4.0,1.4999999999999993,2.2222222222222223,0.0,1.0,4.0,5.0,6.913043478260869,411.0,1.0,1.0,4.666666666666667,6.6231884057971016,-0.6521739130434783,6.042340723835831,1.0734394335417354,138.0,6.0,262.0,0,23,23,2.0,0.0,138.0
2024,Saudi Arabian Grand Prix,2,38,BEA,Oliver Bearman,Ferrari,11.0,7,6.0,Finished,2024-01-15,4.0,11.333333333333334,2.0,0.3333333333333333,0.0,0.0,11.4,2.2,0.2,0.0,0.0,11.5,2.0,0.1,0.0,0.0,10.0,8.0,6.5,12.777777777777779,8.0,0,6.0,-5.909437655256903e-17,0.864957264957265,0.0,0.0,2.0,5.0,3.5,27.0,1.0,3.0,8.333333333333334,6.911111111111111,0.0,0.0,1.013313220561811,0.0,10.0,25.0,0,0,0,0.0,0.0,0.0
2024,Azerbaijan Grand Prix,17,50,BEA,Oliver Bearman,Haas F1 Team,10.0,10,1.0,Finished,2024-08-12,0.0,7.0,6.0,4.0,0.0,0.0,7.0,6.0,4.0,0.0,0.0,7.0,6.0,4.0,0.0,0.0,10.0,8.0,15.0,12.625,8.0,0,13.0,-5.909437655256903e-17,1.0,0.0,0.0,1.0,1.0,12.625,27.0,1.0,6.0,14.666666666666666,14.171052631578947,4.0,0.0,0.5833333333333334,6.0,14.0,269.0,0,1,0,0.0,0.0,6.0
2024,São Paulo Grand Prix,21,50,BEA,Oliver Bearman,Haas F1 Team,14.0,12,0.0,Finished,2024-10-07,2.0,8.5,3.5,2.0,0.0,0.0,8.5,3.5,2.0,0.0,0.0,8.5,3.5,2.0,0.0,0.0,10.0,8.0,16.0,12.0,8.0,0,12.0,2.999999999999997,1.0,0.0,0.0,2.0,2.0,12.2,42.0,1.0,6.0,9.0,13.821428571428571,2.0,2.8284271247461903,0.7462121212121212,7.0,14.0,316.0,0,2,1,0.0,0.0,7.0
2025,Australian Grand Prix,1,87,BEA,Oliver Bearman,Haas F1 Team,20.0,14,0.0,Finished,2025-01-01,6.0,9.666666666666666,2.3333333333333335,2.0,0.0,0.0,9.666666666666666,2.3333333333333335,2.0,0.0,0.0,9.666666666666666,2.3333333333333335,2.0,0.0,0.0,10.0,8.0,11.0,10.307692307692308,8.0,0,8.0,2.4999999999999982,1.0,0.0,0.0,2.0,3.0,11.722222222222221,0.0,1.0,5.0,11.0,13.695652173913043,2.0,2.0,0.7641414141414141,0.0,1.0,0.0,1,3,2,0.0,0.0,7.0
2025,Chinese Grand Prix,2,87,BEA,Oliver Bearman,Haas F1 Team,16.0,10,1.0,Finished,2025-01-15,6.0,12.0,0.3333333333333333,2.6666666666666665,0.0,0.0,10.75,1.75,3.0,0.0,0.0,10.75,1.75,3.0,0.0,0.0,10.0,8.0,12.5,10.642857142857142,8.0,0,10.0,1.9999999999999991,0.19047619047619047,0.0,0.0,2.0,4.0,13.5,0.0,1.0,13.0,14.333333333333334,13.691489361702128,3.0,2.581988897471611,0.7397727272727272,0.0,11.0,25.0,0,4,3,0.0,0.0,7.0
2025,Japanese Grand Prix,3,87,BEA,Oliver Bearman,Haas F1 Team,10.0,10,1.0,Finished,2025-01-29,0.0,12.0,0.3333333333333333,4.666666666666667,0.0,0.0,10.6,1.6,3.6,0.0,0.0,10.6,1.6,3.6,0.0,0.0,10.0,8.0,13.25,11.153846153846153,8.0,0,11.0,-0.9999999999999992,0.20833333333333331,0.0,0.0,3.0,5.0,11.0,7.0,1.0,7.0,10.0,13.583333333333334,3.6,2.6076809620810595,0.7094652406417112,1.0,12.0,42.0,0,5,4,0.0,0.0,8.0
2025,Bahrain Grand Prix,4,87,BEA,Oliver Bearman,Haas F1 Team,15.0,10,1.0,Finished,2025-02-12,5.0,11.333333333333334,0.6666666666666666,4.0,0.0,0.0,11.2,0.6,2.8,0.0,0.0,10.5,1.5,3.0,0.0,0.0,10.0,8.0,14.0,11.153846153846153,8.0,0,12.0,-1.9999999999999996,0.4444444444444444,0.0,0.0,3.0,5.0,12.0,8.0,1.0,7.0,11.666666666666666,13.591836734693878,3.0,2.756809750418044,0.7427361853832442,2.0,13.0,59.0,0,6,5,0.0,0.0,9.0
2025,Saudi Arabian Grand Prix,5,87,BEA,Oliver Bearman,Haas F1 Team,14.0,13,0.0,Finished,2025-02-26,1.0,10.0,1.0,3.6666666666666665,0.0,0.0,11.2,0.6,3.8,0.0,0.0,10.428571428571429,1.4285714285714286,3.2857142857142856,0.0,0.0,7.0,7.0,10.75,11.26923076923077,7.0,1,10.0,5.765780763233607e-16,0.7,0.0,0.0,3.0,5.0,11.25,13.0,1.0,7.0,12.0,13.5,3.2857142857142856,2.627691364061218,0.725916730328495,3.0,14.0,76.0,0,7,6,0.0,0.0,10.0
2025,Miami Grand Prix,6,87,BEA,Oliver Bearman,Haas F1 Team,17.0,19,0.0,Finished,2025-03-12,-2.0,11.0,0.6666666666666666,2.0,0.0,0.0,11.4,0.6,3.6,0.0,0.0,10.75,1.25,3.0,0.0,0.0,10.0,8.0,13.5,11.0,8.0,0,10.0,1.4999999999999978,0.5333333333333333,0.0,0.0,3.0,5.0,11.7,13.0,1.0,7.0,11.666666666666666,13.5,3.0,2.5634797778466227,0.7435104723707665,3.0,15.0,89.0,0,8,7,0.0,0.0,10.0
2025,Emilia Romagna Grand Prix,7,87,BEA,Oliver Bearman,Haas F1 Team,18.0,17,0.0,Finished,2025-03-26,1.0,14.0,0.3333333333333333,1.3333333333333333,0.0,0.0,12.4,0.6,2.0,0.0,0.0,11.666666666666666,1.1111111111111112,2.4444444444444446,0.0,0.0,10.0,8.0,11.5,11.0,8.0,0,11.0,4.499999999999999,0.3,0.0,0.0,3.0,5.0,12.333333333333334,13.0,1.0,7.0,15.0,13.538461538461538,2.4444444444444446,2.9202359113225387,0.7781821482801875,3.0,15.0,114.0,0,9,8,0.0,0.0,10.0
2025,Monaco Grand Prix,8,87,BEA,Oliver Bearman,Haas F1 Team,19.0,12,0.0,Finished,2025-04-09,7.0,16.333333333333332,0.0,0.0,0.0,0.0,13.8,0.4,1.0,0.0,0.0,12.2,1.0,2.3,0.0,0.0,10.0,8.0,17.5,11.5,8.0,0,16.0,2.0000000000000013,0.0,0.0,0.0,2.0,5.0,13.214285714285714,13.0,1.0,7.0,16.333333333333332,13.632075471698114,2.3,2.7908580918579307,0.789837617662695,3.0,16.0,129.0,0,10,9,0.0,0.0,10.0
2025,Spanish Grand Prix,9,87,BEA,Oliver Bearman,Haas F1 Team,15.0,13,0.0,Finished,2025-04-23,2.0,16.0,0.0,2.0,0.0,0.0,14.2,0.2,2.4,0.0,0.0,12.7,0.4,2.6,0.0,0.0,10.0,8.0,15.25,10.52,8.0,0,11.0,-3.499999999999999,0.0,0.0,0.0,1.0,5.0,12.75,19.0,1.0,7.0,13.0,13.555555555555555,2.727272727272727,3.0030287741181936,0.7725796524206318,3.0,16.0,149.0,0,11,10,0.0,0.0,10.0
2025,Canadian Grand Prix,10,87,BEA,Oliver Bearman,Haas F1 Team,13.0,11,0.0,Finished,2025-05-07,2.0,14.0,0.0,3.3333333333333335,0.0,0.0,14.8,0.0,1.8,0.0,0.0,13.0,0.3,2.8,0.0,0.0,10.0,8.0,13.75,11.0,8.0,0,11.0,-2.0000000000000018,0.0,0.0,0.0,0.0,5.0,13.0,19.0,1.0,7.0,12.333333333333334,13.581818181818182,2.6666666666666665,2.8709622502610936,0.7759063480522458,3.0,17.0,169.0,0,12,11,0.0,0.0,10.0
2025,Austrian Grand Prix,11,87,BEA,Oliver Bearman,Haas F1 Team,15.0,11,0.0,Finished,2025-05-21,4.0,12.0,0.0,3.6666666666666665,0.0,0.0,14.4,0.0,2.0,0.0,0.0,12.9,0.3,2.8,0.0,0.0,10.0,8.0,13.25,10.807692307692308,8.0,0,6.0,-0.5,0.0,0.0,0.0,0.0,5.0,12.7,21.0,1.0,7.0,12.333333333333334,13.517857142857142,2.6153846153846154,2.754948926884778,0.7766608047954797,3.0,18.0,181.0,0,13,12,0.0,0.0,10.0
2025,British Grand Prix,12,87,BEA,Oliver Bearman,Haas F1 Team,20.0,11,0.0,Finished,2025-06-04,9.0,11.666666666666666,0.0,2.6666666666666665,0.0,0.0,12.8,0.0,3.2,0.0,0.0,12.6,0.3,2.6,0.0,0.0,10.0,8.0,12.75,12.153846153846153,8.0,0,6.0,-1.0000000000000018,0.0,0.0,0.0,0.0,5.0,12.5,22.0,1.0,7.0,10.0,13.464912280701755,2.7142857142857144,2.6726124191242437,0.7702921758815169,3.0,19.0,199.0,0,14,13,0.0,0.0,10.0
2025,Belgian Grand Prix,13,87,BEA,Oliver Bearman,Haas F1 Team,12.0,11,0.0,Finished,2025-06-18,1.0,11.0,0.0,5.0,0.0,0.0,11.6,0.0,4.8,0.0,0.0,12.7,0.2,2.9,0.0,0.0,10.0,8.0,16.75,11.5,8.0,0,15.0,7.522282595950339e-16,0.0,0.0,0.0,0.0,5.0,12.458333333333334,22.0,1.0,7.0,11.333333333333334,13.439655172413794,3.1333333333333333,3.0441200151548995,0.7538599990767173,3.0,19.0,217.0,0,15,14,0.0,0.0,10.0
2025,Hungarian Grand Prix,14,87,BEA,Oliver Bearman,Haas F1 Team,10.0,20,0.0,Finished,2025-07-02,-10.0,11.0,0.0,4.666666666666667,0.0,0.0,11.4,0.0,3.6,0.0,0.0,12.8,0.1,3.0,0.0,0.0,10.0,8.0,14.75,12.307692307692308,8.0,0,13.0,7.522282595950339e-16,0.0,0.0,0.0,0.0,5.0,12.5,22.0,1.0,7.0,13.0,13.432203389830509,3.0,2.988868236194653,0.7596283645190379,3.0,19.0,242.0,0,16,15,0.0,0.0,10.0
2025,Dutch Grand Prix,15,87,BEA,Oliver Bearman,Haas F1 Team,20.0,7,6.0,Finished,2025-07-16,13.0,14.0,0.0,0.0,0.0,0.0,12.8,0.0,1.2,0.0,0.0,13.8,0.0,1.5,0.0,0.0,10.0,8.0,14.0,11.807692307692308,8.0,0,11.0,4.499999999999999,0.0,0.0,0.0,0.0,5.0,12.892857142857142,22.0,1.0,7.0,17.0,13.508333333333333,2.235294117647059,4.279740234008162,0.8218962147344956,3.0,19.0,260.0,0,17,16,0.0,0.0,10.0
2025,Italian Grand Prix,16,87,BEA,Oliver Bearman,Haas F1 Team,12.0,12,0.0,Finished,2025-07-30,0.0,12.666666666666666,2.0,1.3333333333333333,0.0,0.0,12.0,1.2,3.4,0.0,0.0,13.2,0.6,2.7,0.0,0.0,10.0,8.0,15.25,12.576923076923077,8.0,0,9.0,-1.9999999999999976,2.25,0.0,0.0,1.0,5.0,12.633333333333333,28.0,1.0,7.0,11.333333333333334,13.434426229508198,2.8333333333333335,4.86584736589993,0.794753832434431,9.0,18.0,279.0,0,18,17,0.0,0.0,16.0
2025,Azerbaijan Grand Prix,17,87,BEA,Oliver Bearman,Haas F1 Team,16.0,13,0.0,Finished,2025-08-13,3.0,13.0,2.0,1.0,0.0,0.0,12.2,1.2,2.6,0.0,0.0,12.5,0.6,2.9,0.0,0.0,10.0,10.0,12.75,12.461538461538462,10.0,1,10.0,-3.999999999999999,2.375,0.0,0.0,1.0,5.0,12.6875,28.0,1.0,7.0,12.666666666666666,13.435483870967742,2.6842105263157894,4.773219639927976,0.8015076793103516,9.0,18.0,294.0,0,19,18,0.0,0.0,16.0
2025,Singapore Grand Prix,18,87,BEA,Oliver Bearman,Haas F1 Team,10.0,9,2.0,Finished,2025-08-27,1.0,10.666666666666666,2.0,5.333333333333333,0.0,0.0,12.6,1.2,1.4,0.0,0.0,12.1,0.6,3.1,0.0,0.0,10.0,8.0,13.25,11.6,8.0,0,9.0,2.999999999999999,2.5,0.0,0.0,1.0,5.0,12.735294117647058,28.0,1.0,7.0,14.0,13.436507936507937,2.7,4.646447426175241,0.7996675894624812,9.0,19.0,294.0,0,20,19,0.0,0.0,16.0
2025,United States Grand Prix,19,87,BEA,Oliver Bearman,Haas F1 Team,8.0,9,2.0,Finished,2025-09-10,-1.0,11.333333333333334,0.6666666666666666,1.3333333333333333,0.0,0.0,12.2,1.6,1.4,0.0,0.0,11.8,0.8,2.5,0.0,0.0,10.0,8.0,12.0,11.346153846153847,8.0,0,8.0,-1.5,0.7777777777777778,0.0,0.0,2.0,5.0,12.777777777777779,30.0,1.0,7.0,13.666666666666666,13.4375,2.619047619047619,4.54396512394396,0.8005492194014971,11.0,19.0,304.0,0,21,20,0.0,0.0,18.0
2025,Mexico City Grand Prix,20,87,BEA,Oliver Bearman,Haas F1 Team,6.0,4,12.0,Finished,2025-09-24,2.0,10.333333333333334,1.3333333333333333,1.0,0.0,0.0,10.0,2.0,3.2,0.0,0.0,11.4,1.0,2.2,0.0,0.0,10.0,8.0,12.25,11.23076923076923,8.0,0,7.0,-2.0,1.4666666666666666,0.0,0.0,3.0,5.0,12.736842105263158,32.0,1.0,7.0,14.0,13.415384615384616,2.4545454545454546,4.501082120972718,0.8096151639741563,13.0,19.0,312.0,0,22,21,0.0,0.0,20.0
2025,São Paulo Grand Prix,21,87,BEA,Oliver Bearman,Haas F1 Team,10.0,6,8.0,Finished,2025-10-08,4.0,7.333333333333333,5.333333333333333,0.6666666666666666,0.0,0.0,9.4,3.2,1.0,0.0,0.0,10.7,2.2,2.2,0.0,0.0,12.0,12.0,15.5,12.23076923076923,12.0,1,12.0,-2.499999999999999,3.833333333333333,0.0,0.0,3.0,5.0,12.425,46.0,1.0,4.0,9.333333333333334,13.31060606060606,2.4347826086956523,4.398616383245591,0.7992592251678267,25.0,14.0,320.0,0,23,22,0.0,0.0,32.0
2025,Las Vegas Grand Prix,22,87,BEA,Oliver Bearman,Haas F1 Team,9.0,12,0.0,Finished,2025-10-22,-3.0,6.333333333333333,7.333333333333333,1.6666666666666667,0.0,0.0,8.2,4.8,1.8,0.0,0.0,10.2,3.0,2.2,0.0,0.0,10.0,8.0,13.0,11.807692307692308,8.0,0,8.0,-1.5,4.3999999999999995,0.0,0.0,4.0,5.0,12.261904761904763,54.0,1.0,4.0,9.0,13.246268656716419,2.5,4.313779740804335,0.7886840301797732,33.0,12.0,337.0,0,24,23,0.0,0.0,40.0
2025,Qatar Grand Prix,23,87,BEA,Oliver Bearman,Haas F1 Team,12.0,19,0.0,Finished,2025-11-05,-7.0,7.333333333333333,6.666666666666667,1.0,0.0,0.0,8.0,4.8,0.6,0.0,0.0,10.3,3.0,1.0,0.0,0.0,10.0,8.0,13.75,11.04,8.0,0,9.0,3.999999999999999,4.166666666666667,0.0,0.0,4.0,5.0,12.227272727272727,54.0,1.0,4.0,11.666666666666666,13.220588235294118,2.28,4.363866786845508,0.8051366689725823,33.0,13.0,355.0,0,25,24,0.0,0.0,40.0
2025,Abu Dhabi Grand Prix,24,87,BEA,Oliver Bearman,Haas F1 Team,12.0,10,1.0,Finished,2025-11-19,2.0,12.333333333333334,2.6666666666666665,-2.0,0.0,0.0,10.0,4.4,-1.0,0.0,0.0,11.1,3.0,0.2,0.0,0.0,10.0,8.0,14.75,11.192307692307692,8.0,0,8.0,6.499999999999999,1.7333333333333332,0.0,0.0,3.0,5.0,12.434782608695652,54.0,1.0,4.0,15.0,13.27536231884058,1.9230769230769231,4.646917919852486,0.8303828917635776,33.0,14.0,367.0,0,26,25,0.0,0.0,40.0
2025,Australian Grand Prix,1,5,BOR,Gabriel Bortoleto,Kick Sauber,17.0,16,0.0,Finished,2025-01-01,1.0,11.333333333333334,2.0,0.3333333333333333,0.0,0.0,11.4,2.2,0.2,0.0,0.0,11.5,2.0,0.1,0.0,0.0,10.0,8.0,15.5,10.866666666666667,8.0,0,15.0,-5.909437655256903e-17,0.864957264957265,0.0,0.0,2.0,5.0,11.722222222222221,0.0,1.0,5.0,13.333333333333334,15.854166666666666,0.0,0.0,1.013313220561811,0.0,1.0,0.0,1,0,0,0.0,0.0,0.0
2025,Chinese Grand Prix,2,5,BOR,Gabriel Bortoleto,Kick Sauber,20.0,17,0.0,Finished,2025-01-15,3.0,16.0,0.0,1.0,0.0,0.0,16.0,0.0,1.0,0.0,0.0,16.0,0.0,1.0,0.0,0.0,10.0,8.0,17.0,11.11111111111111,8.0,0,14.0,-5.909437655256903e-17,0.864957264957265,0.0,0.0,0.0,1.0,11.5,6.0,1.0,7.0,12.333333333333334,15.68,1.0,0.0,0.8888888888888888,0.0,11.0,25.0,0,1,1,0.0,0.0,0.0
2025,Japanese Grand Prix,3,5,BOR,Gabriel Bortoleto,Kick Sauber,20.0,19,0.0,Finished,2025-01-29,1.0,16.5,0.0,2.0,0.0,0.0,16.5,0.0,2.0,0.0,0.0,16.5,0.0,2.0,0.0,0.0,10.0,8.0,16.0,11.666666666666666,8.0,0,14.0,0.9999999999999972,0.864957264957265,0.0,0.0,0.0,2.0,14.5,6.0,1.0,7.0,14.0,15.75,2.0,1.4142135623730951,0.8492063492063492,0.0,13.0,43.0,0,2,2,0.0,0.0,0.0
2025,Bahrain Grand Prix,4,5,BOR,Gabriel Bortoleto,Kick Sauber,19.0,19,0.0,Finished,2025-02-12,0.0,17.333333333333332,0.0,1.6666666666666667,0.0,0.0,17.333333333333332,0.0,1.6666666666666667,0.0,0.0,17.333333333333332,0.0,1.6666666666666667,0.0,0.0,10.0,8.0,15.0,11.266666666666667,8.0,0,11.0,1.4999999999999996,0.864957264957265,0.0,0.0,0.0,3.0,15.5,6.0,1.0,7.0,17.666666666666668,15.814814814814815,1.6666666666666667,1.1547005383792517,0.8677248677248678,0.0,14.0,61.0,0,3,3,0.0,0.0,0.0
2025,Saudi Arabian Grand Prix,5,5,BOR,Gabriel Bortoleto,Kick Sauber,19.0,18,0.0,Finished,2025-02-26,1.0,18.333333333333332,0.0,1.3333333333333333,0.0,0.0,17.75,0.0,1.25,0.0,0.0,17.75,0.0,1.25,0.0,0.0,10.0,8.0,17.5,11.833333333333334,8.0,0,17.0,0.9999999999999978,0.864957264957265,0.0,0.0,0.0,4.0,15.875,6.0,1.0,7.0,16.666666666666668,15.857142857142858,1.25,1.2583057392117916,0.8882936507936507,0.0,16.0,79.0,0,4,4,0.0,0.0,0.0
2025,Miami Grand Prix,6,5,BOR,Gabriel Bortoleto,Kick Sauber,14.0,18,0.0,Finished,2025-03-12,-4.0,18.666666666666668,0.0,0.6666666666666666,0.0,0.0,17.8,0.0,1.2,0.0,0.0,17.8,0.0,1.2,0.0,0.0,10.0,8.0,16.0,11.633333333333333,8.0,0,15.0,-0.5000000000000016,0.864957264957265,0.0,0.0,0.0,5.0,16.0,6.0,1.0,7.0,16.0,15.879310344827585,1.2,1.0954451150103321,0.8906349206349207,0.0,17.0,92.0,0,5,5,0.0,0.0,0.0
2025,Emilia Romagna Grand Prix,7,5,BOR,Gabriel Bortoleto,Kick Sauber,14.0,18,0.0,Finished,2025-03-26,-4.0,18.333333333333332,0.0,-1.0,0.0,0.0,18.2,0.0,0.2,0.0,0.0,17.833333333333332,0.0,0.3333333333333333,0.0,0.0,10.0,8.0,16.5,12.444444444444445,8.0,0,15.0,-0.4999999999999984,0.864957264957265,0.0,0.0,0.0,5.0,16.0,6.0,1.0,7.0,15.666666666666666,15.883333333333333,0.3333333333333333,2.3380903889000244,0.9421957671957673,0.0,17.0,117.0,0,6,6,0.0,0.0,0.0
2025,Monaco Grand Prix,8,5,BOR,Gabriel Bortoleto,Kick Sauber,20.0,14,0.0,Finished,2025-04-09,6.0,18.0,0.0,-2.3333333333333335,0.0,0.0,18.4,0.0,-1.2,0.0,0.0,17.857142857142858,0.0,-0.2857142857142857,0.0,0.0,10.0,8.0,14.5,11.566666666666666,8.0,0,13.0,-2.1830315163760133e-15,0.864957264957265,0.0,0.0,0.0,5.0,15.857142857142858,6.0,1.0,7.0,14.666666666666666,15.85483870967742,-0.2857142857142857,2.690370836538197,0.9790249433106576,0.0,17.0,132.0,0,7,7,0.0,0.0,0.0
2025,Spanish Grand Prix,9,5,BOR,Gabriel Bortoleto,Kick Sauber,12.0,12,0.0,Finished,2025-04-23,0.0,16.666666666666668,0.0,-0.6666666666666666,0.0,0.0,17.4,0.0,-0.2,0.0,0.0,17.375,0.0,0.5,0.0,0.0,10.0,8.0,14.5,11.10344827586207,8.0,0,13.0,-1.999999999999997,0.864957264957265,0.0,0.0,0.0,5.0,15.75,6.0,1.0,7.0,14.0,15.828125,0.5,3.3380918415851206,0.9399801587301587,0.0,17.0,152.0,0,8,8,0.0,0.0,0.0
2025,Canadian Grand Prix,10,5,BOR,Gabriel Bortoleto,Kick Sauber,15.0,14,0.0,Finished,2025-05-07,1.0,14.666666666666666,0.0,0.6666666666666666,0.0,0.0,16.0,0.0,-0.2,0.0,0.0,16.77777777777778,0.0,0.4444444444444444,0.0,0.0,10.0,8.0,14.0,11.133333333333333,8.0,0,13.0,-3.0000000000000018,0.864957264957265,0.0,0.0,0.0,5.0,15.0,14.0,1.0,6.0,11.333333333333334,15.621212121212121,0.4444444444444444,3.1269438398822866,0.9381020214353547,0.0,19.0,172.0,0,9,9,0.0,0.0,0.0
2025,Austrian Grand Prix,11,5,BOR,Gabriel Bortoleto,Kick Sauber,11.0,8,4.0,Finished,2025-05-21,3.0,13.333333333333334,0.0,2.3333333333333335,0.0,0.0,15.2,0.0,-0.2,0.0,0.0,16.5,0.0,0.5,0.0,0.0,10.0,8.0,16.5,11.166666666666666,8.0,0,16.0,8.404509969382559e-17,0.864957264957265,0.0,0.0,0.0,5.0,14.6,18.0,1.0,6.0,9.333333333333334,15.485294117647058,0.5,2.9533408577782247,0.9317918192918192,0.0,19.0,184.0,0,10,10,0.0,0.0,0.0
2025,British Grand Prix,12,5,BOR,Gabriel Bortoleto,Kick Sauber,19.0,18,0.0,Finished,2025-06-04,1.0,11.333333333333334,1.3333333333333333,1.3333333333333333,0.0,0.0,13.2,0.8,1.2,0.0,0.0,15.7,0.4,0.7,0.0,0.0,10.0,8.0,16.5,12.433333333333334,8.0,0,15.0,-1.999999999999999,3.6666666666666665,0.0,0.0,1.0,5.0,14.045454545454545,24.0,1.0,6.0,8.333333333333334,15.285714285714286,0.7272727272727273,2.901410315377992,0.9076895326895328,4.0,17.0,198.0,0,11,11,0.0,0.0,4.0
2025,Belgian Grand Prix,13,5,BOR,Gabriel Bortoleto,Kick Sauber,10.0,9,2.0,Finished,2025-06-18,1.0,13.333333333333334,1.3333333333333333,1.6666666666666667,0.0,0.0,13.2,0.8,2.2,0.0,0.0,15.8,0.4,0.5,0.0,0.0,10.0,8.0,18.0,12.033333333333333,8.0,0,16.0,1.9999999999999971,4.0,0.0,0.0,1.0,5.0,13.75,39.0,1.0,3.0,10.0,15.152777777777779,0.75,2.7675062617979584,0.9070487382987382,4.0,17.0,216.0,0,12,12,0.0,0.0,4.0
2025,Hungarian Grand Prix,14,5,BOR,Gabriel Bortoleto,Kick Sauber,6.0,6,8.0,Finished,2025-07-02,0.0,11.666666666666666,2.0,1.6666666666666667,0.0,0.0,12.2,1.2,1.2,0.0,0.0,14.8,0.6,0.5,0.0,0.0,10.0,8.0,17.5,13.033333333333333,8.0,0,16.0,0.5000000000000019,4.333333333333333,0.0,0.0,2.0,5.0,13.5,41.0,1.0,3.0,8.0,15.027027027027026,0.7692307692307693,2.650592580092426,0.9002128213666675,6.0,17.0,239.0,0,13,13,0.0,0.0,6.0
2025,Dutch Grand Prix,15,5,BOR,Gabriel Bortoleto,Kick Sauber,18.0,16,0.0,Finished,2025-07-16,2.0,11.0,3.3333333333333335,0.6666666666666666,0.0,0.0,11.0,2.8,1.2,0.0,0.0,13.5,1.4,0.5,0.0,0.0,10.0,8.0,19.5,12.133333333333333,8.0,0,19.0,-6.000000000000003,3.3333333333333335,0.0,0.0,3.0,5.0,13.214285714285714,49.0,1.0,3.0,10.333333333333334,14.881578947368421,0.7142857142857143,2.5548918817579205,0.897136395350681,14.0,16.0,249.0,0,14,14,0.0,0.0,14.0
2025,Italian Grand Prix,16,5,BOR,Gabriel Bortoleto,Kick Sauber,8.0,9,2.0,Finished,2025-07-30,-1.0,10.333333333333334,3.3333333333333335,1.0,0.0,0.0,11.4,2.8,1.4,0.0,0.0,13.3,1.4,0.6,0.0,0.0,10.0,8.0,17.0,12.933333333333334,8.0,0,16.0,3.4999999999999964,3.5714285714285716,0.0,0.0,3.0,5.0,13.366666666666667,49.0,1.0,3.0,14.666666666666666,14.897435897435898,0.8,2.4842360136324753,0.8934676532044954,14.0,16.0,274.0,0,15,15,0.0,0.0,14.0
2025,Azerbaijan Grand Prix,17,5,BOR,Gabriel Bortoleto,Kick Sauber,13.0,12,0.0,Finished,2025-08-13,1.0,10.333333333333334,3.3333333333333335,0.3333333333333333,0.0,0.0,11.6,2.4,0.6,0.0,0.0,12.4,1.6,0.9,0.0,0.0,10.0,8.0,16.0,12.766666666666667,8.0,0,14.0,1.500000000000001,3.3333333333333335,0.0,0.0,3.0,5.0,13.4375,51.0,1.0,3.0,14.666666666666666,14.8875,0.6875,2.441823089414956,0.9001259248792144,16.0,16.0,287.0,0,16,16,0.0,0.0,16.0
2025,Singapore Grand Prix,18,5,BOR,Gabriel Bortoleto,Kick Sauber,15.0,17,0.0,Finished,2025-08-27,-2.0,12.333333333333334,0.6666666666666666,0.6666666666666666,0.0,0.0,10.4,2.4,0.6,0.0,0.0,11.8,1.6,1.4,0.0,0.0,10.0,8.0,15.5,12.0,8.0,0,15.0,-2.0000000000000018,0.7083333333333333,0.0,0.0,3.0,5.0,13.470588235294118,51.0,1.0,3.0,16.0,14.865853658536585,0.7058823529411765,2.3654995741479468,0.8975975091300168,16.0,17.0,287.0,0,17,17,0.0,0.0,16.0
2025,United States Grand Prix,19,5,BOR,Gabriel Bortoleto,Kick Sauber,16.0,18,0.0,Finished,2025-09-10,-2.0,12.666666666666666,0.6666666666666666,-0.6666666666666666,0.0,0.0,12.0,2.0,0.0,0.0,0.0,12.1,1.6,0.6,0.0,0.0,10.0,8.0,18.0,11.833333333333334,8.0,0,17.0,3.9999999999999982,0.75,0.0,0.0,2.0,5.0,13.75,51.0,1.0,3.0,17.666666666666668,14.952380952380953,0.5555555555555556,2.381848570832975,0.9067587586227938,16.0,17.0,299.0,0,18,18,0.0,0.0,16.0
2025,Mexico City Grand Prix,20,5,BOR,Gabriel Bortoleto,Kick Sauber,13.0,10,1.0,Finished,2025-09-24,3.0,15.666666666666666,0.0,-1.0,0.0,0.0,14.4,0.4,-0.4,0.0,0.0,12.7,1.6,0.4,0.0,0.0,10.0,8.0,14.5,11.133333333333333,8.0,0,14.0,3.0000000000000004,0.0,0.0,0.0,1.0,5.0,13.710526315789474,55.0,1.0,3.0,15.333333333333334,14.906976744186046,0.42105263157894735,2.3878346647045965,0.9147621676116869,16.0,18.0,309.0,0,19,19,0.0,0.0,16.0
2025,São Paulo Grand Prix,21,5,BOR,Gabriel Bortoleto,Kick Sauber,2.0,20,0.0,Finished,2025-10-08,-18.0,15.0,0.3333333333333333,-0.3333333333333333,0.0,0.0,13.2,0.6,-0.2,0.0,0.0,12.3,1.7,0.6,0.0,0.0,10.0,8.0,14.0,12.133333333333333,8.0,0,13.0,-3.4999999999999982,0.39215686274509803,0.0,0.0,2.0,5.0,13.75,56.0,1.0,3.0,12.333333333333334,14.897727272727273,0.55,2.394621165511528,0.9047383449453882,17.0,18.0,328.0,0,20,20,0.0,0.0,17.0
2025,Las Vegas Grand Prix,22,5,BOR,Gabriel Bortoleto,Kick Sauber,20.0,19,0.0,Finished,2025-10-22,1.0,16.0,0.3333333333333333,-5.666666666666667,0.0,0.0,15.4,0.2,-3.6,0.0,0.0,13.5,1.3,-1.5,0.0,0.0,10.0,8.0,15.5,12.033333333333333,8.0,0,13.0,0.9999999999999988,0.4117647058823529,0.0,0.0,1.0,5.0,13.785714285714286,58.0,1.0,3.0,16.0,14.88888888888889,-0.3333333333333333,4.672615256292063,1.179115884074973,17.0,19.0,353.0,0,21,21,0.0,0.0,17.0
2025,Qatar Grand Prix,23,5,BOR,Gabriel Bortoleto,Kick Sauber,18.0,13,0.0,Finished,2025-11-05,5.0,16.333333333333332,0.3333333333333333,-4.666666666666667,0.0,0.0,16.8,0.2,-3.6,0.0,0.0,13.6,1.3,-1.5,0.0,0.0,10.0,8.0,9.5,11.344827586206897,8.0,0,8.0,4.500000000000001,0.4313725490196078,0.0,0.0,1.0,5.0,13.795454545454545,60.0,1.0,3.0,12.333333333333334,14.869565217391305,-0.2727272727272727,4.568857502095997,1.1666452486516516,17.0,19.0,371.0,0,22,22,0.0,0.0,17.0
2025,Abu Dhabi Grand Prix,24,5,BOR,Gabriel Bortoleto,Kick Sauber,7.0,12,0.0,Finished,2025-11-19,-5.0,17.333333333333332,0.0,-4.0,0.0,0.0,16.0,0.2,-2.2,0.0,0.0,14.0,1.1,-1.1,0.0,0.0,10.0,8.0,16.0,11.333333333333334,8.0,0,14.0,-3.5,0.0,0.0,0.0,1.0,5.0,13.91304347826087,60.0,1.0,3.0,14.0,14.904255319148936,-0.043478260869565216,4.597215173534806,1.1456698259413969,17.0,19.0,383.0,0,23,23,0.0,0.0,17.0
2023,Bahrain Grand Prix,1,77,BOT,Valtteri Bottas,Alfa Romeo,8.0,8,4.0,Finished,2023-01-01,0.0,11.333333333333334,2.0,0.3333333333333333,0.0,0.0,11.4,2.2,0.2,0.0,0.0,11.5,2.0,0.1,0.0,0.0,10.0,8.0,10.4,11.2,8.0,0,7.0,-5.909437655256903e-17,0.864957264957265,0.0,0.0,2.0,5.0,11.722222222222221,0.0,1.0,5.0,11.0,11.511904761904763,0.0,0.0,1.013313220561811,0.0,1.0,0.0,1,0,0,0.0,0.0,0.0
2023,Saudi Arabian Grand Prix,2,77,BOT,Valtteri Bottas,Alfa Romeo,15.0,18,0.0,Finished,2023-01-15,-3.0,8.0,4.0,0.0,0.0,0.0,8.0,4.0,0.0,0.0,0.0,8.0,4.0,0.0,0.0,0.0,10.0,8.0,10.4,11.2,8.0,0,7.0,-5.909437655256903e-17,1.0,0.0,0.0,1.0,1.0,12.0,4.0,1.0,8.0,12.0,12.0,0.0,0.0,0.8888888888888888,4.0,8.0,21.0,0,1,1,0.0,0.0,4.0
2023,Australian Grand Prix,3,77,BOT,Valtteri Bottas,Alfa Romeo,20.0,12,0.0,Finished,2023-01-29,8.0,13.0,2.0,-1.5,0.0,0.0,13.0,2.0,-1.5,0.0,0.0,13.0,2.0,-1.5,0.0,0.0,10.0,8.0,10.4,11.2,8.0,0,7.0,9.999999999999996,1.0,0.0,0.0,1.0,2.0,13.75,4.0,1.0,8.0,15.666666666666666,13.75,-1.5,2.1213203435596424,1.0069444444444444,4.0,9.0,39.0,0,2,2,0.0,0.0,4.0
2023,Azerbaijan Grand Prix,4,77,BOT,Valtteri Bottas,Alfa Romeo,18.0,18,0.0,Finished,2023-02-12,0.0,12.666666666666666,1.3333333333333333,1.6666666666666667,0.0,0.0,12.666666666666666,1.3333333333333333,1.6666666666666667,0.0,0.0,12.666666666666666,1.3333333333333333,1.6666666666666667,0.0,0.0,10.0,8.0,10.4,11.2,8.0,0,7.0,2.0000000000000013,1.0,0.0,0.0,1.0,3.0,12.833333333333334,5.0,1.0,8.0,11.666666666666666,12.833333333333334,1.6666666666666667,5.686240703077327,0.8617724867724869,4.0,10.0,64.0,0,3,3,0.0,0.0,4.0
2023,Miami Grand Prix,5,77,BOT,Valtteri Bottas,Alfa Romeo,8.0,13,0.0,Finished,2023-02-26,-5.0,16.0,0.0,1.6666666666666667,0.0,0.0,14.0,1.0,1.25,0.0,0.0,14.0,1.0,1.25,0.0,0.0,10.0,8.0,10.4,11.2,8.0,0,7.0,-9.455100248411045e-16,0.0,0.0,0.0,1.0,4.0,14.25,5.0,1.0,8.0,15.666666666666666,14.25,1.25,4.716990566028302,0.883171470342523,4.0,10.0,82.0,0,4,4,0.0,0.0,4.0
2023,Monaco Grand Prix,6,77,BOT,Valtteri Bottas,Alfa Romeo,14.0,11,0.0,Finished,2023-03-12,3.0,14.333333333333334,0.0,1.0,0.0,0.0,13.8,0.8,0.0,0.0,0.0,13.8,0.8,0.0,0.0,0.0,10.0,8.0,10.4,11.2,8.0,0,7.0,0.4999999999999997,0.0,0.0,0.0,1.0,5.0,14.3,5.0,1.0,8.0,16.0,14.3,0.0,4.949747468305833,0.9954260651629072,4.0,12.0,107.0,0,5,5,0.0,0.0,4.0
2023,Spanish Grand Prix,7,77,BOT,Valtteri Bottas,Alfa Romeo,18.0,19,0.0,Finished,2023-03-26,-1.0,14.0,0.0,-0.6666666666666666,0.0,0.0,14.4,0.0,0.6,0.0,0.0,13.333333333333334,0.6666666666666666,0.5,0.0,0.0,10.0,8.0,10.4,11.2,8.0,0,7.0,-3.5000000000000013,0.0,0.0,0.0,0.0,5.0,13.916666666666666,5.0,1.0,8.0,13.333333333333334,13.916666666666666,0.5,4.5934736311423405,0.9517439431913116,4.0,12.0,132.0,0,6,6,0.0,0.0,4.0
2023,Canadian Grand Prix,8,77,BOT,Valtteri Bottas,Alfa Romeo,16.0,11,0.0,Finished,2023-04-09,5.0,14.333333333333334,0.0,-1.0,0.0,0.0,14.6,0.0,1.0,0.0,0.0,14.142857142857142,0.5714285714285714,0.2857142857142857,0.0,0.0,10.0,8.0,10.4,11.2,8.0,0,7.0,2.9999999999999982,0.0,0.0,0.0,0.0,5.0,14.0,6.0,1.0,8.0,14.0,14.0,0.2857142857142857,4.231401884099631,0.9586376655925528,4.0,12.0,157.0,0,7,7,0.0,0.0,4.0
2023,Austrian Grand Prix,9,77,BOT,Valtteri Bottas,Alfa Romeo,18.0,16,0.0,Finished,2023-04-23,2.0,13.666666666666666,0.0,2.3333333333333335,0.0,0.0,14.4,0.0,0.4,0.0,0.0,13.75,0.5,0.875,0.0,0.0,10.0,8.0,10.4,11.2,8.0,0,7.0,3.1329944252834693e-15,0.0,0.0,0.0,0.0,5.0,13.9375,6.0,1.0,8.0,12.333333333333334,13.9375,0.875,4.257346591481601,0.9196903103346601,4.0,13.0,182.0,0,8,8,0.0,0.0,4.0
2023,British Grand Prix,10,77,BOT,Valtteri Bottas,Alfa Romeo,18.0,13,0.0,Finished,2023-05-07,5.0,15.333333333333334,0.0,2.0,0.0,0.0,14.0,0.0,0.8,0.0,0.0,14.0,0.4444444444444444,1.0,0.0,0.0,10.0,8.0,10.4,11.2,8.0,0,7.0,-1.4999999999999998,0.0,0.0,0.0,0.0,5.0,14.055555555555555,6.0,1.0,8.0,15.333333333333334,14.055555555555555,1.0,4.0,0.9110697495372418,4.0,13.0,207.0,0,9,9,0.0,0.0,4.0
2023,Hungarian Grand Prix,11,77,BOT,Valtteri Bottas,Alfa Romeo,12.0,12,0.0,Finished,2023-05-21,0.0,13.333333333333334,0.0,4.0,0.0,0.0,14.0,0.0,2.8,0.0,0.0,13.9,0.4,1.4,0.0,0.0,10.0,8.0,10.4,11.2,8.0,0,7.0,1.0000000000000007,0.0,0.0,0.0,0.0,5.0,14.05,6.0,1.0,8.0,14.0,14.05,1.4,3.977715704047013,0.8883838272150966,4.0,14.0,232.0,0,10,10,0.0,0.0,4.0
2023,Belgian Grand Prix,12,77,BOT,Valtteri Bottas,Alfa Romeo,13.0,12,0.0,Finished,2023-06-04,1.0,13.666666666666666,0.0,2.3333333333333335,0.0,0.0,14.2,0.0,2.2,0.0,0.0,14.3,0.0,1.4,0.0,0.0,10.0,8.0,10.4,11.2,8.0,0,7.0,-2.0000000000000018,0.0,0.0,0.0,0.0,5.0,14.045454545454545,6.0,1.0,8.0,14.333333333333334,14.045454545454545,1.2727272727272727,3.7971281013657965,0.8915377450207171,4.0,14.0,257.0,0,11,11,0.0,0.0,4.0
2023,Dutch Grand Prix,13,77,BOT,Valtteri Bottas,Alfa Romeo,9.0,16,0.0,Finished,2023-06-18,-7.0,12.333333333333334,0.0,2.0,0.0,0.0,12.8,0.0,2.6,0.0,0.0,13.7,0.0,1.8,0.0,0.0,10.0,8.0,10.4,11.2,8.0,0,7.0,-0.4999999999999996,0.0,0.0,0.0,0.0,5.0,13.916666666666666,6.0,1.0,8.0,13.666666666666666,13.916666666666666,1.25,3.6212755161180934,0.8886715043642287,4.0,14.0,282.0,0,12,12,0.0,0.0,4.0
2023,Italian Grand Prix,14,77,BOT,Valtteri Bottas,Alfa Romeo,15.0,10,1.0,Finished,2023-07-02,5.0,13.333333333333334,0.0,-2.0,0.0,0.0,13.8,0.0,0.2,0.0,0.0,14.1,0.0,0.3,0.0,0.0,10.0,8.0,10.4,11.2,8.0,0,7.0,2.0000000000000004,0.0,0.0,0.0,0.0,5.0,14.153846153846153,6.0,1.0,8.0,15.666666666666666,14.153846153846153,0.6153846153846154,4.1540835639657345,0.9433890809515959,4.0,14.0,307.0,0,13,13,0.0,0.0,4.0
2023,Singapore Grand Prix,15,77,BOT,Valtteri Bottas,Alfa Romeo,18.0,17,0.0,Finished,2023-07-16,1.0,12.666666666666666,0.3333333333333333,-0.3333333333333333,0.0,0.0,12.6,0.2,0.8,0.0,0.0,13.3,0.1,0.8,0.0,0.0,10.0,8.0,10.4,11.2,8.0,0,7.0,-1.0,0.9333333333333332,0.0,0.0,1.0,5.0,14.0,7.0,1.0,8.0,14.0,14.0,0.9285714285714286,4.1595910618951235,0.9206470037407676,5.0,13.0,331.0,0,14,14,0.0,0.0,5.0
2023,Japanese Grand Prix,16,77,BOT,Valtteri Bottas,Alfa Romeo,20.0,20,0.0,Finished,2023-07-30,0.0,14.333333333333334,0.3333333333333333,-0.3333333333333333,0.0,0.0,13.4,0.2,0.0,0.0,0.0,13.7,0.1,1.4,0.0,0.0,10.0,8.0,10.4,11.2,8.0,0,7.0,0.49999999999999734,1.0,0.0,0.0,1.0,5.0,14.066666666666666,7.0,1.0,8.0,14.666666666666666,14.066666666666666,0.9333333333333333,4.00832467081531,0.9189196596317338,5.0,14.0,341.0,0,15,15,0.0,0.0,5.0
2023,Qatar Grand Prix,17,77,BOT,Valtteri Bottas,Alfa Romeo,10.0,8,4.0,Finished,2023-08-13,2.0,15.666666666666666,0.3333333333333333,2.0,0.0,0.0,15.0,0.2,0.0,0.0,0.0,14.6,0.1,1.1,0.0,0.0,10.0,8.0,10.4,11.2,8.0,0,7.0,4.999999999999999,1.0666666666666667,0.0,0.0,1.0,5.0,14.21875,7.0,1.0,8.0,15.333333333333334,14.21875,0.875,3.8794329482541645,0.92101099042856,5.0,13.0,366.0,0,16,16,0.0,0.0,5.0
2023,United States Grand Prix,18,77,BOT,Valtteri Bottas,Alfa Romeo,15.0,14,0.0,Finished,2023-08-27,1.0,15.0,1.3333333333333333,1.0,0.0,0.0,14.2,1.0,0.2,0.0,0.0,13.5,0.5,1.4,0.0,0.0,10.0,8.0,10.4,11.2,8.0,0,7.0,-4.499999999999997,2.518518518518518,0.0,0.0,2.0,5.0,13.970588235294118,11.0,1.0,8.0,11.0,13.970588235294118,0.9411764705882353,3.766141729862508,0.9096146220076288,9.0,14.0,387.0,0,17,17,0.0,0.0,9.0
2023,Mexico City Grand Prix,19,77,BOT,Valtteri Bottas,Alfa Romeo,12.0,15,0.0,Finished,2023-09-10,-3.0,14.0,1.3333333333333333,1.0,0.0,0.0,13.8,1.0,1.8,0.0,0.0,13.8,0.5,1.0,0.0,0.0,10.0,8.0,10.4,11.2,8.0,0,7.0,-3.0000000000000018,2.6666666666666665,0.0,0.0,2.0,5.0,14.0,11.0,1.0,8.0,13.666666666666666,14.0,0.9444444444444444,3.653720460382044,0.9076915874516494,9.0,14.0,412.0,0,18,18,0.0,0.0,9.0
2023,São Paulo Grand Prix,20,77,BOT,Valtteri Bottas,Alfa Romeo,16.0,16,0.0,Finished,2023-09-24,0.0,12.333333333333334,1.3333333333333333,0.0,0.0,0.0,14.8,0.8,0.2,0.0,0.0,13.7,0.5,0.5,0.0,0.0,10.0,8.0,10.4,11.2,8.0,0,7.0,3.5,2.814814814814815,0.0,0.0,1.0,5.0,14.078947368421053,11.0,1.0,8.0,15.333333333333334,14.078947368421053,0.7368421052631579,3.6642735412077685,0.920647090946097,9.0,14.0,437.0,0,19,19,0.0,0.0,9.0
2023,Las Vegas Grand Prix,21,77,BOT,Valtteri Bottas,Alfa Romeo,20.0,17,0.0,Finished,2023-10-08,3.0,15.0,0.0,-0.6666666666666666,0.0,0.0,14.6,0.8,0.0,0.0,0.0,14.0,0.5,0.0,0.0,0.0,10.0,8.0,10.4,11.2,8.0,0,7.0,1.0,0.0,0.0,0.0,1.0,5.0,14.2,11.0,1.0,8.0,16.333333333333332,14.2,0.7,3.57034570049633,0.9216735599282039,9.0,14.0,462.0,0,20,20,0.0,0.0,9.0
2023,Abu Dhabi Grand Prix,22,77,BOT,Valtteri Bottas,Alfa Romeo,16.0,19,0.0,Finished,2023-10-22,-3.0,16.0,0.0,0.0,0.0,0.0,14.0,0.8,0.6,0.0,0.0,14.5,0.5,0.3,0.0,0.0,10.0,8.0,10.4,11.2,8.0,0,7.0,0.9999999999999978,0.0,0.0,0.0,1.0,5.0,14.285714285714286,11.0,1.0,8.0,16.333333333333332,14.285714285714286,0.8095238095238095,3.515950051110618,0.9163330956232327,9.0,14.0,487.0,0,21,21,0.0,0.0,9.0
2024,Bahrain Grand Prix,1,77,BOT,Valtteri Bottas,Kick Sauber,18.0,19,0.0,Finished,2024-01-01,-1.0,17.333333333333332,0.0,0.0,0.0,0.0,16.2,0.0,-0.4,0.0,0.0,15.2,0.5,-0.1,0.0,0.0,8.0,8.0,10.4,11.0,8.0,1,7.0,1.4999999999999996,0.0,0.0,0.0,0.0,5.0,11.722222222222221,0.0,1.0,5.0,11.0,11.511904761904763,0.6363636363636364,3.526031825281846,0.9254837303141553,0.0,1.0,0.0,1,22,0,0.0,0.0,9.0
2024,Saudi Arabian Grand Prix,2,77,BOT,Valtteri Bottas,Kick Sauber,17.0,17,0.0,Finished,2024-01-15,0.0,18.333333333333332,0.0,-0.3333333333333333,0.0,0.0,17.2,0.0,-0.8,0.0,0.0,15.5,0.5,0.5,0.0,0.0,18.0,18.0,10.4,11.428571428571429,18.0,1,7.0,0.9999999999999978,0.0,0.0,0.0,0.0,5.0,15.0,0.0,1.0,11.0,15.0,15.0,0.5652173913043478,3.461818846115457,0.9287235681265834,0.0,10.0,25.0,0,23,1,0.0,0.0,9.0
2024,Australian Grand Prix,3,77,BOT,Valtteri Bottas,Kick Sauber,12.0,15,0.0,Finished,2024-01-29,-3.0,18.333333333333332,0.0,-1.3333333333333333,0.0,0.0,17.6,0.0,-0.2,0.0,0.0,16.2,0.4,0.0,0.0,0.0,12.0,12.0,10.4,10.535714285714286,12.0,1,7.0,-0.9999999999999996,0.0,0.0,0.0,0.0,5.0,16.25,0.0,1.0,11.0,15.333333333333334,16.25,0.5416666666666666,3.3876908470759717,0.9293786046398275,0.0,12.0,50.0,0,24,2,0.0,0.0,9.0
2024,Japanese Grand Prix,4,77,BOT,Valtteri Bottas,Kick Sauber,13.0,14,0.0,Finished,2024-02-12,-1.0,17.0,0.0,-1.3333333333333333,0.0,0.0,17.4,0.0,-0.8,0.0,0.0,16.0,0.4,-0.4,0.0,0.0,20.0,20.0,10.4,11.357142857142858,20.0,1,7.0,-2.0000000000000004,0.0,0.0,0.0,0.0,5.0,16.0,0.0,1.0,11.0,16.333333333333332,16.0,0.4,3.3911649915626336,0.9383573066080806,0.0,14.0,50.0,0,25,3,0.0,0.0,9.0
2024,Chinese Grand Prix,5,77,BOT,Valtteri Bottas,Kick Sauber,11.0,20,0.0,Finished,2024-02-26,-9.0,15.333333333333334,0.0,-1.3333333333333333,0.0,0.0,16.8,0.0,-1.6,0.0,0.0,15.4,0.4,-0.5,0.0,0.0,10.0,8.0,10.4,10.375,8.0,0,7.0,-1.500000000000002,0.0,0.0,0.0,0.0,5.0,16.0,0.0,1.0,11.0,16.0,16.0,0.34615384615384615,3.333974297349128,0.9407281794308466,0.0,14.0,75.0,0,26,4,0.0,0.0,9.0
2024,Miami Grand Prix,6,77,BOT,Valtteri Bottas,Kick Sauber,19.0,17,0.0,Finished,2024-03-11,2.0,16.333333333333332,0.0,-4.333333333333333,0.0,0.0,17.0,0.0,-2.8,0.0,0.0,16.6,0.0,-1.6,0.0,0.0,13.0,13.0,10.4,11.321428571428571,13.0,1,7.0,2.499999999999999,0.0,0.0,0.0,0.0,5.0,16.2,0.0,1.0,11.0,17.333333333333332,16.2,0.0,3.7313639494261235,0.9676147900692104,0.0,14.0,100.0,0,27,5,0.0,0.0,9.0
2024,Emilia Romagna Grand Prix,7,77,BOT,Valtteri Bottas,Kick Sauber,17.0,18,0.0,Finished,2024-03-25,-1.0,17.0,0.0,-2.6666666666666665,0.0,0.0,16.6,0.0,-2.2,0.0,0.0,16.9,0.0,-1.5,0.0,0.0,10.0,8.0,10.4,11.9375,8.0,0,7.0,1.5000000000000009,0.0,0.0,0.0,0.0,5.0,16.166666666666668,0.0,1.0,11.0,15.333333333333334,16.166666666666668,0.07142857142857142,3.6810683979334784,0.9634142618524529,0.0,15.0,118.0,0,28,6,0.0,0.0,9.0
2024,Monaco Grand Prix,8,77,BOT,Valtteri Bottas,Kick Sauber,19.0,13,0.0,Finished,2024-04-08,6.0,18.333333333333332,0.0,-2.6666666666666665,0.0,0.0,16.8,0.0,-2.4,0.0,0.0,17.2,0.0,-1.3,0.0,0.0,11.0,11.0,10.4,11.357142857142858,11.0,1,7.0,-0.9999999999999996,0.0,0.0,0.0,0.0,5.0,16.214285714285715,0.0,1.0,11.0,16.0,16.214285714285715,0.034482758620689655,3.620208741226016,0.9646758390299546,0.0,15.0,143.0,0,29,7,0.0,0.0,9.0
2024,Canadian Grand Prix,9,77,BOT,Valtteri Bottas,Kick Sauber,19.0,13,0.0,Finished,2024-04-22,6.0,16.0,0.0,2.3333333333333335,0.0,0.0,16.4,0.0,-0.6,0.0,0.0,16.9,0.0,-0.7,0.0,0.0,11.0,11.0,10.4,10.928571428571429,11.0,1,7.0,-1.9999999999999991,0.0,0.0,0.0,0.0,5.0,16.0,0.0,1.0,11.0,14.666666666666666,16.0,0.23333333333333334,3.7202459441624915,0.9541866443956227,0.0,17.0,151.0,0,30,8,0.0,0.0,9.0
2024,Spanish Grand Prix,10,77,BOT,Valtteri Bottas,Kick Sauber,14.0,16,0.0,Finished,2024-05-06,-2.0,14.666666666666666,0.0,3.6666666666666665,0.0,0.0,16.2,0.0,0.8,0.0,0.0,16.5,0.0,-0.4,0.0,0.0,19.0,19.0,10.4,10.851851851851851,19.0,1,7.0,-2.5,0.0,0.0,0.0,0.0,5.0,15.777777777777779,0.0,1.0,11.0,14.666666666666666,15.777777777777779,0.41935483870967744,3.8015277064919313,0.9443741719957639,0.0,18.0,176.0,0,31,9,0.0,0.0,9.0
2024,Austrian Grand Prix,11,77,BOT,Valtteri Bottas,Kick Sauber,16.0,16,0.0,Finished,2024-05-20,0.0,14.0,0.0,3.3333333333333335,0.0,0.0,15.4,0.0,2.2,0.0,0.0,16.2,0.0,-0.3,0.0,0.0,16.0,16.0,10.4,10.785714285714286,16.0,1,7.0,1.4999999999999991,0.0,0.0,0.0,0.0,5.0,15.65,0.0,1.0,11.0,14.666666666666666,15.65,0.34375,3.764086446163736,0.9481958124542296,0.0,18.0,201.0,0,32,10,0.0,0.0,9.0
2024,British Grand Prix,12,77,BOT,Valtteri Bottas,Kick Sauber,19.0,15,0.0,Finished,2024-06-03,4.0,15.0,0.0,1.3333333333333333,0.0,0.0,15.2,0.0,1.8,0.0,0.0,15.9,0.0,-0.2,0.0,0.0,13.0,13.0,10.4,12.142857142857142,13.0,1,7.0,1.4999999999999996,0.0,0.0,0.0,0.0,5.0,15.727272727272727,0.0,1.0,11.0,15.333333333333334,15.727272727272727,0.3333333333333333,3.7052890125692843,0.947983105124957,0.0,18.0,211.0,0,33,11,0.0,0.0,9.0
2024,Hungarian Grand Prix,13,77,BOT,Valtteri Bottas,Kick Sauber,13.0,16,0.0,Finished,2024-06-17,-3.0,15.666666666666666,0.0,0.6666666666666666,0.0,0.0,14.6,0.0,2.8,0.0,0.0,15.7,0.0,0.2,0.0,0.0,12.0,12.0,10.4,12.714285714285714,12.0,1,7.0,-0.5000000000000013,0.0,0.0,0.0,0.0,5.0,15.791666666666666,0.0,1.0,11.0,16.666666666666668,15.791666666666666,0.4411764705882353,3.7025067386478336,0.9421600726212819,0.0,18.0,229.0,0,34,12,0.0,0.0,9.0
2024,Belgian Grand Prix,14,77,BOT,Valtteri Bottas,Kick Sauber,13.0,16,0.0,Finished,2024-07-01,-3.0,15.666666666666666,0.0,0.3333333333333333,0.0,0.0,15.2,0.0,1.0,0.0,0.0,15.8,0.0,0.2,0.0,0.0,12.0,12.0,10.4,11.607142857142858,12.0,1,7.0,-1.9402823442187824e-15,0.0,0.0,0.0,0.0,5.0,15.923076923076923,0.0,1.0,11.0,17.666666666666668,15.923076923076923,0.34285714285714286,3.6937376028883797,0.9478942746280207,0.0,18.0,239.0,0,35,13,0.0,0.0,9.0
2024,Dutch Grand Prix,15,77,BOT,Valtteri Bottas,Kick Sauber,14.0,19,0.0,Finished,2024-07-15,-5.0,15.666666666666666,0.0,-0.6666666666666666,0.0,0.0,15.8,0.0,-0.8,0.0,0.0,16.0,0.0,0.0,0.0,0.0,16.0,16.0,10.4,11.607142857142858,16.0,1,7.0,0.4999999999999976,0.0,0.0,0.0,0.0,5.0,16.071428571428573,0.0,1.0,11.0,18.333333333333332,16.071428571428573,0.25,3.682972402053226,0.9533099098566075,0.0,18.0,249.0,0,36,14,0.0,0.0,9.0
2024,Italian Grand Prix,16,77,BOT,Valtteri Bottas,Kick Sauber,19.0,16,0.0,Finished,2024-07-29,3.0,17.0,0.0,-3.6666666666666665,0.0,0.0,16.4,0.0,-1.4,0.0,0.0,15.9,0.0,0.4,0.0,0.0,10.0,10.0,10.4,12.642857142857142,10.0,1,7.0,1.4999999999999976,0.0,0.0,0.0,0.0,5.0,16.3,0.0,1.0,11.0,19.666666666666668,16.3,0.10810810810810811,3.732617370215226,0.9617790113920145,0.0,18.0,267.0,0,37,15,0.0,0.0,9.0
2024,Azerbaijan Grand Prix,17,77,BOT,Valtteri Bottas,Kick Sauber,16.0,18,0.0,Finished,2024-08-12,-2.0,17.0,0.0,-1.6666666666666667,0.0,0.0,16.4,0.0,-0.8,0.0,0.0,15.8,0.0,0.5,0.0,0.0,18.0,18.0,10.4,12.535714285714286,18.0,1,7.0,7.2258380967026285e-16,0.0,0.0,0.0,0.0,5.0,16.34375,0.0,1.0,11.0,18.0,16.34375,0.18421052631578946,3.7115980615763084,0.9575216689869613,0.0,18.0,275.0,0,38,16,0.0,0.0,9.0
2024,Singapore Grand Prix,18,77,BOT,Valtteri Bottas,Kick Sauber,19.0,16,0.0,Finished,2024-08-26,3.0,17.666666666666668,0.0,-1.3333333333333333,0.0,0.0,17.0,0.0,-2.0,0.0,0.0,15.8,0.0,0.4,0.0,0.0,17.0,17.0,10.4,11.74074074074074,17.0,1,7.0,-0.5000000000000004,0.0,0.0,0.0,0.0,5.0,16.323529411764707,0.0,1.0,11.0,16.666666666666668,16.323529411764707,0.1282051282051282,3.679098052937826,0.9601191525875975,0.0,19.0,285.0,0,39,17,0.0,0.0,9.0
2024,United States Grand Prix,19,77,BOT,Valtteri Bottas,Kick Sauber,17.0,17,0.0,Finished,2024-09-09,0.0,16.666666666666668,0.0,1.3333333333333333,0.0,0.0,17.0,0.0,-0.8,0.0,0.0,16.1,0.0,0.1,0.0,0.0,14.0,14.0,10.4,11.392857142857142,14.0,1,7.0,-4.0848787693570955e-16,0.0,0.0,0.0,0.0,5.0,16.27777777777778,0.0,1.0,11.0,15.0,16.27777777777778,0.2,3.659900517073079,0.9561161737729075,0.0,18.0,303.0,0,40,18,0.0,0.0,9.0
2024,Mexico City Grand Prix,20,77,BOT,Valtteri Bottas,Kick Sauber,17.0,14,0.0,Finished,2024-09-23,3.0,17.0,0.0,0.3333333333333333,0.0,0.0,17.2,0.0,-0.2,0.0,0.0,16.5,0.0,-0.5,0.0,0.0,15.0,15.0,10.4,10.892857142857142,15.0,1,7.0,-0.500000000000003,0.0,0.0,0.0,0.0,5.0,16.36842105263158,0.0,1.0,11.0,17.0,16.36842105263158,0.1951219512195122,3.6139971789911645,0.9558314974478231,0.0,19.0,315.0,0,41,19,0.0,0.0,9.0
2024,São Paulo Grand Prix,21,77,BOT,Valtteri Bottas,Kick Sauber,16.0,13,0.0,Finished,2024-10-07,3.0,15.666666666666666,0.0,2.0,0.0,0.0,16.2,0.0,1.4,0.0,0.0,16.3,0.0,0.0,0.0,0.0,16.0,16.0,10.4,12.0,16.0,1,7.0,-1.0000000000000002,0.0,0.0,0.0,0.0,5.0,16.275,0.0,1.0,11.0,16.0,16.275,0.2619047619047619,3.595793774503379,0.9515921231699648,0.0,18.0,323.0,0,42,20,0.0,0.0,9.0
2024,Las Vegas Grand Prix,22,77,BOT,Valtteri Bottas,Kick Sauber,19.0,18,0.0,Finished,2024-10-21,1.0,14.666666666666666,0.0,2.0,0.0,0.0,15.6,0.0,1.4,0.0,0.0,16.0,0.0,0.3,0.0,0.0,17.0,17.0,10.4,11.785714285714286,17.0,1,7.0,-2.0000000000000018,0.0,0.0,0.0,0.0,5.0,16.166666666666668,0.0,1.0,11.0,14.333333333333334,16.166666666666668,0.32558139534883723,3.577182518823852,0.9472459315230572,0.0,19.0,348.0,0,43,21,0.0,0.0,9.0
2024,Qatar Grand Prix,23,77,BOT,Valtteri Bottas,Kick Sauber,15.0,11,0.0,Finished,2024-11-04,4.0,15.0,0.0,2.3333333333333335,0.0,0.0,15.6,0.0,2.0,0.0,0.0,16.3,0.0,0.0,0.0,0.0,8.0,8.0,10.4,11.481481481481481,8.0,1,7.0,1.9999999999999984,0.0,0.0,0.0,0.0,5.0,16.136363636363637,0.0,1.0,11.0,15.333333333333334,16.136363636363637,0.3409090909090909,3.536804376954663,0.9461721603520789,0.0,19.0,358.0,0,44,22,0.0,0.0,9.0
2024,Abu Dhabi Grand Prix,24,77,BOT,Valtteri Bottas,Kick Sauber,14.0,18,0.0,Finished,2024-11-18,-4.0,14.0,0.0,2.6666666666666665,0.0,0.0,14.6,0.0,2.2,0.0,0.0,15.8,0.0,0.7,0.0,0.0,19.0,19.0,10.4,11.0,19.0,1,7.0,-0.9999999999999994,0.0,0.0,0.0,0.0,5.0,15.847826086956522,4.0,1.0,8.0,10.666666666666666,15.847826086956522,0.4222222222222222,3.5386752072240566,0.9404238901220326,0.0,19.0,383.0,0,45,23,0.0,0.0,9.0
2024,Italian Grand Prix,16,43,COL,Franco Colapinto,Williams,18.0,13,0.0,Finished,2024-07-29,5.0,11.333333333333334,2.0,0.3333333333333333,0.0,0.0,11.4,2.2,0.2,0.0,0.0,11.5,2.0,0.1,0.0,0.0,10.0,8.0,10.0,10.508771929824562,8.0,0,7.0,-5.909437655256903e-17,0.864957264957265,0.0,0.0,2.0,5.0,15.6,5.0,1.0,9.0,13.333333333333334,14.743243243243244,0.0,0.0,1.013313220561811,0.0,18.0,267.0,0,0,0,0.0,0.0,0.0
2024,Azerbaijan Grand Prix,17,43,COL,Franco Colapinto,Williams,8.0,8,4.0,Finished,2024-08-12,0.0,13.0,0.0,5.0,0.0,0.0,13.0,0.0,5.0,0.0,0.0,13.0,0.0,5.0,0.0,0.0,10.0,8.0,11.666666666666666,10.666666666666666,8.0,0,7.0,-5.909437655256903e-17,0.864957264957265,0.0,0.0,0.0,1.0,15.25,11.0,1.0,7.0,10.0,14.618421052631579,5.0,0.0,0.6842105263157895,0.0,18.0,275.0,0,1,1,0.0,0.0,0.0
2024,Singapore Grand Prix,18,43,COL,Franco Colapinto,Williams,9.0,11,0.0,Finished,2024-08-26,-2.0,10.5,2.0,2.5,0.0,0.0,10.5,2.0,2.5,0.0,0.0,10.5,2.0,2.5,0.0,0.0,10.0,8.0,15.666666666666666,10.267857142857142,8.0,0,12.0,-5.000000000000002,1.0,0.0,0.0,1.0,2.0,15.176470588235293,15.0,1.0,7.0,11.666666666666666,14.602564102564102,2.5,3.5355339059327378,0.7865497076023391,4.0,17.0,281.0,0,2,2,0.0,0.0,4.0
2024,United States Grand Prix,19,43,COL,Franco Colapinto,Williams,16.0,10,1.0,Finished,2024-09-09,6.0,10.666666666666666,1.3333333333333333,1.0,0.0,0.0,10.666666666666666,1.3333333333333333,1.0,0.0,0.0,10.666666666666666,1.3333333333333333,1.0,0.0,0.0,10.0,8.0,13.0,10.280701754385966,8.0,0,11.0,-1.0000000000000004,1.0,0.0,0.0,1.0,3.0,15.083333333333334,15.0,1.0,7.0,15.666666666666666,14.575,1.0,3.605551275463989,0.8910331384015594,4.0,16.0,299.0,0,3,3,0.0,0.0,4.0
2024,Mexico City Grand Prix,20,43,COL,Franco Colapinto,Williams,16.0,12,0.0,Finished,2024-09-23,4.0,9.666666666666666,1.6666666666666667,1.3333333333333333,0.0,0.0,10.5,1.25,2.25,0.0,0.0,10.5,1.25,2.25,0.0,0.0,10.0,8.0,13.333333333333334,10.333333333333334,8.0,0,9.0,1.0,1.3333333333333335,0.0,0.0,2.0,4.0,15.052631578947368,16.0,1.0,7.0,15.0,14.573170731707316,2.25,3.8622100754188224,0.8153336773305814,5.0,16.0,310.0,0,4,4,0.0,0.0,5.0
2024,São Paulo Grand Prix,21,43,COL,Franco Colapinto,Williams,13.0,17,0.0,Finished,2024-10-07,-4.0,11.0,0.3333333333333333,2.6666666666666665,0.0,0.0,10.8,1.0,2.6,0.0,0.0,10.8,1.0,2.6,0.0,0.0,10.0,8.0,14.5,10.160714285714286,8.0,0,11.0,0.4999999999999992,0.3333333333333333,0.0,0.0,2.0,5.0,14.974358974358974,16.0,1.0,7.0,13.666666666666666,14.542168674698795,2.6,3.4351128074635335,0.7934434124527003,5.0,15.0,318.0,0,5,5,0.0,0.0,5.0
2024,Las Vegas Grand Prix,22,43,COL,Franco Colapinto,Williams,20.0,14,0.0,Finished,2024-10-21,6.0,13.0,0.3333333333333333,2.0,0.0,0.0,11.6,1.0,0.8,0.0,0.0,11.833333333333334,0.8333333333333334,1.5,0.0,0.0,10.0,8.0,15.666666666666666,10.368421052631579,8.0,0,12.0,3.4999999999999987,0.39999999999999997,0.0,0.0,2.0,5.0,15.121951219512194,16.0,1.0,7.0,16.0,14.623529411764705,1.5,4.08656334834051,0.863583796091536,5.0,17.0,343.0,0,6,6,0.0,0.0,5.0
2024,Qatar Grand Prix,23,43,COL,Franco Colapinto,Williams,3.0,19,0.0,Finished,2024-11-04,-16.0,14.333333333333334,0.0,2.0,0.0,0.0,12.8,0.2,2.0,0.0,0.0,12.142857142857142,0.7142857142857143,2.142857142857143,0.0,0.0,10.0,8.0,15.333333333333334,10.303571428571429,8.0,0,13.0,1.0000000000000007,0.0,0.0,0.0,1.0,5.0,15.093023255813954,16.0,1.0,7.0,16.0,14.620689655172415,2.142857142857143,4.099941927579439,0.835452777602269,5.0,17.0,353.0,0,7,7,0.0,0.0,5.0
2024,Abu Dhabi Grand Prix,24,43,COL,Franco Colapinto,Williams,19.0,19,0.0,Finished,2024-11-18,0.0,16.666666666666668,0.0,-4.666666666666667,0.0,0.0,14.4,0.2,-0.8,0.0,0.0,13.0,0.625,-0.125,0.0,0.0,10.0,8.0,13.666666666666666,10.210526315789474,8.0,0,11.0,0.9999999999999984,0.0,0.0,0.0,1.0,5.0,15.088888888888889,16.0,1.0,7.0,15.0,14.629213483146067,-0.125,7.453426824526517,1.3247711804019855,5.0,16.0,378.0,0,8,8,0.0,0.0,5.0
2025,Emilia Romagna Grand Prix,7,43,COL,Franco Colapinto,Alpine,17.0,16,0.0,Finished,2025-03-26,1.0,17.333333333333332,0.0,-3.3333333333333335,0.0,0.0,16.2,0.0,-2.0,0.0,0.0,13.666666666666666,0.5555555555555556,-0.1111111111111111,0.0,0.0,10.0,8.0,15.0,15.0,8.0,0,14.0,2.5,0.0,0.0,0.0,0.0,5.0,14.333333333333334,6.0,1.0,7.0,17.333333333333332,12.692307692307692,-0.1111111111111111,6.972166887783963,1.2831299381350982,0.0,17.0,117.0,0,9,0,0.0,0.0,5.0
2025,Monaco Grand Prix,8,43,COL,Franco Colapinto,Alpine,15.0,13,0.0,Finished,2025-04-09,2.0,18.0,0.0,-5.0,0.0,0.0,17.0,0.0,-2.6,0.0,0.0,13.9,0.5,0.0,0.0,0.0,10.0,8.0,9.75,11.25,8.0,0,3.0,-1.5000000000000016,0.0,0.0,0.0,0.0,5.0,14.357142857142858,6.0,1.0,7.0,14.0,12.726415094339623,0.0,6.582805886043833,1.2437058332104773,0.0,17.0,132.0,0,10,1,0.0,0.0,5.0
2025,Spanish Grand Prix,9,43,COL,Franco Colapinto,Alpine,18.0,16,0.0,Finished,2025-04-23,2.0,16.0,0.0,1.0,0.0,0.0,16.2,0.0,-1.4,0.0,0.0,13.9,0.5,-0.3,0.0,0.0,10.0,8.0,9.5,11.25,8.0,0,8.0,-3.0,0.0,0.0,0.0,0.0,5.0,14.625,6.0,1.0,7.0,15.333333333333334,12.796296296296296,0.18181818181818182,6.27404465744677,1.2045053029186157,0.0,17.0,152.0,0,11,2,0.0,0.0,5.0
2025,Canadian Grand Prix,10,43,COL,Franco Colapinto,Alpine,10.0,13,0.0,Finished,2025-05-07,-3.0,15.0,0.0,1.6666666666666667,0.0,0.0,16.6,0.0,-2.2,0.0,0.0,14.7,0.1,-0.1,0.0,0.0,10.0,8.0,10.0,12.375,8.0,0,8.0,2.3498407589862176e-16,0.0,0.0,0.0,0.0,5.0,14.38888888888889,8.0,1.0,7.0,15.0,12.790909090909091,0.3333333333333333,6.005048381204439,1.1743052996052221,0.0,19.0,172.0,0,12,3,0.0,0.0,5.0
2025,Austrian Grand Prix,11,43,COL,Franco Colapinto,Alpine,14.0,15,0.0,Finished,2025-05-21,-1.0,14.0,0.0,0.3333333333333333,0.0,0.0,15.4,0.0,0.4,0.0,0.0,14.9,0.1,-0.2,0.0,0.0,10.0,8.0,10.75,13.125,8.0,0,9.0,-1.7334368143990695e-16,0.0,0.0,0.0,0.0,5.0,14.35,8.0,1.0,7.0,12.333333333333334,12.8125,0.07692307692307693,5.823251360731083,1.1748832136216036,0.0,19.0,184.0,0,13,4,0.0,0.0,5.0
2025,British Grand Prix,12,43,COL,Franco Colapinto,Alpine,3.0,19,0.0,Finished,2025-06-04,-16.0,14.666666666666666,0.0,-0.6666666666666666,0.0,0.0,14.6,0.0,0.2,0.0,0.0,15.4,0.0,-0.9,0.0,0.0,10.0,8.0,18.5,16.875,8.0,0,16.0,-0.4999999999999992,0.0,0.0,0.0,0.0,5.0,14.318181818181818,8.0,1.0,7.0,14.333333333333334,12.833333333333334,0.0,5.602197371087115,1.1623915555057749,0.0,20.0,202.0,0,14,5,0.0,0.0,5.0
2025,Belgian Grand Prix,13,43,COL,Franco Colapinto,Alpine,15.0,19,0.0,Finished,2025-06-18,-4.0,15.666666666666666,0.0,-6.666666666666667,0.0,0.0,15.2,0.0,-3.2,0.0,0.0,16.1,0.0,-2.9,0.0,0.0,10.0,8.0,10.75,11.75,8.0,0,8.0,2.9999999999999982,0.0,0.0,0.0,0.0,5.0,14.166666666666666,16.0,1.0,6.0,12.666666666666666,12.827586206896552,-1.0666666666666667,6.797758734283221,1.4015654518053897,0.0,20.0,220.0,0,15,6,0.0,0.0,5.0
2025,Hungarian Grand Prix,14,43,COL,Franco Colapinto,Alpine,18.0,19,0.0,Finished,2025-07-02,-1.0,17.666666666666668,0.0,-7.0,0.0,0.0,16.4,0.0,-4.4,0.0,0.0,16.3,0.0,-2.9,0.0,0.0,10.0,8.0,19.25,16.625,8.0,0,18.0,1.9999999999999996,0.0,0.0,0.0,0.0,5.0,14.192307692307692,17.0,1.0,6.0,11.666666666666666,12.85593220338983,-1.25,6.60807586719967,1.3881863610675529,0.0,20.0,245.0,0,16,7,0.0,0.0,5.0
2025,Dutch Grand Prix,15,43,COL,Franco Colapinto,Alpine,15.0,12,0.0,Finished,2025-07-16,3.0,19.0,0.0,-7.0,0.0,0.0,17.0,0.0,-5.0,0.0,0.0,16.8,0.0,-3.6,0.0,0.0,10.0,8.0,9.5,12.375,8.0,0,4.0,-1.7747037590374845e-15,0.0,0.0,0.0,0.0,5.0,14.464285714285714,17.0,1.0,6.0,15.333333333333334,12.941666666666666,-1.2352941176470589,6.398529242770422,1.3653518692400497,0.0,20.0,263.0,0,17,8,0.0,0.0,5.0
2025,Italian Grand Prix,16,43,COL,Franco Colapinto,Alpine,18.0,17,0.0,Finished,2025-07-30,1.0,16.666666666666668,0.0,-0.6666666666666666,0.0,0.0,16.8,0.0,-3.8,0.0,0.0,16.1,0.0,-1.7,0.0,0.0,13.0,13.0,15.75,14.875,13.0,1,14.0,-3.5,0.0,0.0,0.0,0.0,5.0,14.466666666666667,17.0,1.0,6.0,15.333333333333334,12.967213114754099,-1.0,6.287241983947006,1.3311656542822692,0.0,20.0,288.0,0,18,9,0.0,0.0,5.0
2025,Azerbaijan Grand Prix,17,43,COL,Franco Colapinto,Alpine,15.0,19,0.0,Finished,2025-08-13,-4.0,16.0,0.0,1.0,0.0,0.0,17.2,0.0,-3.4,0.0,0.0,15.9,0.0,-1.6,0.0,0.0,8.0,8.0,14.5,15.625,8.0,1,12.0,-0.9999999999999992,0.0,0.0,0.0,0.0,5.0,14.59375,17.0,1.0,6.0,16.666666666666668,13.024193548387096,-0.8947368421052632,6.127304435812115,1.308195716799269,0.0,20.0,303.0,0,19,10,0.0,0.0,5.0
2025,Singapore Grand Prix,18,43,COL,Franco Colapinto,Alpine,13.0,16,0.0,Finished,2025-08-27,-3.0,16.0,0.0,0.0,0.0,0.0,17.2,0.0,-1.0,0.0,0.0,16.2,0.0,-2.1,0.0,0.0,11.0,11.0,13.5,14.125,11.0,1,6.0,3.500000000000001,0.0,0.0,0.0,0.0,5.0,14.823529411764707,17.0,1.0,6.0,17.666666666666668,13.11111111111111,-1.05,6.004165220911231,1.3021609309593054,0.0,20.0,303.0,0,20,11,0.0,0.0,5.0
2025,United States Grand Prix,19,43,COL,Franco Colapinto,Alpine,17.0,17,0.0,Finished,2025-09-10,0.0,17.333333333333332,0.0,-2.0,0.0,0.0,16.6,0.0,-0.8,0.0,0.0,16.5,0.0,-2.6,0.0,0.0,10.0,10.0,14.5,14.25,10.0,1,8.0,-0.4999999999999995,0.0,0.0,0.0,0.0,5.0,14.972222222222221,17.0,1.0,6.0,17.666666666666668,13.1796875,-1.1428571428571428,5.8675865079751,1.294575036287774,0.0,20.0,315.0,0,21,12,0.0,0.0,5.0
2025,Mexico City Grand Prix,20,43,COL,Franco Colapinto,Alpine,20.0,16,0.0,Finished,2025-09-24,4.0,17.333333333333332,0.0,-2.3333333333333335,0.0,0.0,16.2,0.0,-0.6,0.0,0.0,16.6,0.0,-2.8,0.0,0.0,12.0,12.0,11.0,11.875,12.0,1,10.0,-1.0,0.0,0.0,0.0,0.0,5.0,15.131578947368421,17.0,1.0,6.0,18.333333333333332,13.253846153846155,-1.0909090909090908,5.731359773080456,1.2786600093858045,0.0,20.0,325.0,0,22,13,0.0,0.0,5.0
2025,São Paulo Grand Prix,21,43,COL,Franco Colapinto,Alpine,17.0,15,0.0,Finished,2025-10-08,2.0,16.333333333333332,0.0,0.3333333333333333,0.0,0.0,17.0,0.0,-0.4,0.0,0.0,16.9,0.0,-2.1,0.0,0.0,17.0,17.0,5.5,9.625,17.0,1,2.0,5.146174426702842e-16,0.0,0.0,0.0,0.0,5.0,15.15,17.0,1.0,6.0,16.666666666666668,13.287878787878787,-0.8695652173913043,5.6993169273813145,1.256192389930107,0.0,20.0,345.0,0,23,14,0.0,0.0,5.0
2025,Las Vegas Grand Prix,22,43,COL,Franco Colapinto,Alpine,17.0,17,0.0,Finished,2025-10-22,0.0,16.0,0.0,2.0,0.0,0.0,16.6,0.0,-0.2,0.0,0.0,16.9,0.0,-1.8,0.0,0.0,14.0,14.0,13.25,14.625,14.0,1,5.0,-1.0000000000000016,0.0,0.0,0.0,0.0,5.0,15.023809523809524,18.0,1.0,6.0,13.333333333333334,13.276119402985074,-0.75,5.60473402386419,1.2385732625719081,0.0,20.0,370.0,0,24,15,0.0,0.0,5.0
2025,Qatar Grand Prix,23,43,COL,Franco Colapinto,Alpine,20.0,14,0.0,Finished,2025-11-05,6.0,16.0,0.0,2.0,0.0,0.0,16.2,0.0,0.6,0.0,0.0,16.7,0.0,-0.2,0.0,0.0,19.0,19.0,10.5,11.75,19.0,1,5.0,0.4999999999999986,0.0,0.0,0.0,0.0,5.0,15.068181818181818,18.0,1.0,6.0,14.0,13.316176470588236,-0.72,5.488776427097999,1.2268081098468095,0.0,20.0,388.0,0,25,16,0.0,0.0,5.0
2025,Abu Dhabi Grand Prix,24,43,COL,Franco Colapinto,Alpine,20.0,20,0.0,Finished,2025-11-19,0.0,15.333333333333334,0.0,2.6666666666666665,0.0,0.0,15.8,0.0,2.4,0.0,0.0,16.2,0.0,0.8,0.0,0.0,19.0,19.0,11.75,12.75,19.0,1,7.0,-0.5000000000000007,0.0,0.0,0.0,0.0,5.0,15.065217391304348,18.0,1.0,6.0,15.0,13.340579710144928,-0.46153846153846156,5.537008356365516,1.2052642081860347,0.0,20.0,400.0,0,26,17,0.0,0.0,5.0
2023,Bahrain Grand Prix,1,21,DEV,Nyck De Vries,AlphaTauri,20.0,14,0.0,Finished,2023-01-01,6.0,11.333333333333334,2.0,0.3333333333333333,0.0,0.0,11.4,2.2,0.2,0.0,0.0,11.5,2.0,0.1,0.0,0.0,10.0,8.0,10.4,12.0,8.0,0,7.0,-5.909437655256903e-17,0.864957264957265,0.0,0.0,2.0,5.0,11.722222222222221,0.0,1.0,5.0,11.0,11.511904761904763,0.0,0.0,1.013313220561811,0.0,1.0,0.0,1,0,0,0.0,0.0,0.0
2023,Saudi Arabian Grand Prix,2,21,DEV,Nyck De Vries,AlphaTauri,18.0,14,0.0,Finished,2023-01-15,4.0,14.0,0.0,6.0,0.0,0.0,14.0,0.0,6.0,0.0,0.0,14.0,0.0,6.0,0.0,0.0,10.0,8.0,10.4,15.5,8.0,0,7.0,-5.909437655256903e-17,0.864957264957265,0.0,0.0,0.0,1.0,12.5,0.0,1.0,11.0,12.5,12.5,6.0,0.0,0.6666666666666666,0.0,11.0,25.0,0,1,1,0.0,0.0,0.0
2023,Australian Grand Prix,3,21,DEV,Nyck De Vries,AlphaTauri,15.0,13,0.0,Finished,2023-01-29,2.0,14.0,0.0,5.0,0.0,0.0,14.0,0.0,5.0,0.0,0.0,14.0,0.0,5.0,0.0,0.0,10.0,8.0,10.4,11.0,8.0,0,7.0,-3.400326353594165e-15,0.864957264957265,0.0,0.0,0.0,2.0,12.5,0.0,1.0,11.0,12.0,12.5,5.0,1.4142135623730951,0.7017543859649122,0.0,14.0,43.0,0,2,2,0.0,0.0,0.0
2023,Azerbaijan Grand Prix,4,21,DEV,Nyck De Vries,AlphaTauri,17.0,20,0.0,Finished,2023-02-12,-3.0,13.666666666666666,0.0,4.0,0.0,0.0,13.666666666666666,0.0,4.0,0.0,0.0,13.666666666666666,0.0,4.0,0.0,0.0,10.0,8.0,10.4,18.5,8.0,0,7.0,-0.5000000000000001,0.864957264957265,0.0,0.0,0.0,3.0,12.333333333333334,0.0,1.0,11.0,11.666666666666666,12.333333333333334,4.0,2.0,0.7386695906432749,0.0,18.0,68.0,0,3,3,0.0,0.0,0.0
2023,Miami Grand Prix,5,21,DEV,Nyck De Vries,AlphaTauri,20.0,18,0.0,Finished,2023-02-26,2.0,15.666666666666666,0.0,1.0,0.0,0.0,15.25,0.0,2.25,0.0,0.0,15.25,0.0,2.25,0.0,0.0,10.0,8.0,10.4,14.5,8.0,0,7.0,2.999999999999999,0.864957264957265,0.0,0.0,0.0,4.0,13.0,1.0,1.0,10.0,13.666666666666666,13.0,2.25,3.8622100754188224,0.8317799707602339,0.0,19.0,86.0,0,4,4,0.0,0.0,0.0
2023,Monaco Grand Prix,6,21,DEV,Nyck De Vries,AlphaTauri,12.0,12,0.0,Finished,2023-03-12,0.0,17.0,0.0,0.3333333333333333,0.0,0.0,15.8,0.0,2.2,0.0,0.0,15.8,0.0,2.2,0.0,0.0,10.0,8.0,10.4,12.0,8.0,0,7.0,2.4999999999999982,0.864957264957265,0.0,0.0,0.0,5.0,13.3,1.0,1.0,10.0,13.0,13.3,2.2,3.3466401061363023,0.8368525480367586,0.0,19.0,111.0,0,5,5,0.0,0.0,0.0
2023,Spanish Grand Prix,7,21,DEV,Nyck De Vries,AlphaTauri,16.0,14,0.0,Finished,2023-03-26,2.0,16.666666666666668,0.0,-0.3333333333333333,0.0,0.0,15.4,0.0,1.0,0.0,0.0,15.166666666666666,0.0,1.8333333333333333,0.0,0.0,10.0,8.0,10.4,14.5,8.0,0,7.0,-3.9999999999999982,0.864957264957265,0.0,0.0,0.0,5.0,13.333333333333334,1.0,1.0,10.0,12.666666666666666,13.333333333333334,1.8333333333333333,3.125166662222459,0.8512232772101194,0.0,19.0,136.0,0,6,6,0.0,0.0,0.0
2023,Canadian Grand Prix,8,21,DEV,Nyck De Vries,AlphaTauri,17.0,18,0.0,Finished,2023-04-09,-1.0,14.666666666666666,0.0,1.3333333333333333,0.0,0.0,15.4,0.0,0.6,0.0,0.0,15.0,0.0,1.8571428571428572,0.0,0.0,10.0,8.0,10.4,13.5,8.0,0,7.0,-2.0,0.864957264957265,0.0,0.0,0.0,5.0,13.071428571428571,3.0,1.0,9.0,12.666666666666666,13.071428571428571,1.8571428571428572,2.8535691936340255,0.8472670107179174,0.0,19.0,161.0,0,7,7,0.0,0.0,0.0
2023,Austrian Grand Prix,9,21,DEV,Nyck De Vries,AlphaTauri,19.0,15,0.0,Finished,2023-04-23,4.0,14.666666666666666,0.0,0.3333333333333333,0.0,0.0,16.4,0.0,0.0,0.0,0.0,15.375,0.0,1.5,0.0,0.0,10.0,8.0,10.4,15.0,8.0,0,7.0,2.9999999999999973,0.864957264957265,0.0,0.0,0.0,5.0,13.4375,3.0,1.0,9.0,13.666666666666666,13.4375,1.5,2.8284271247461903,0.8663586343781777,0.0,19.0,186.0,0,8,8,0.0,0.0,0.0
2023,British Grand Prix,10,21,DEV,Nyck De Vries,AlphaTauri,17.0,17,0.0,Finished,2023-05-07,0.0,15.666666666666666,0.0,1.6666666666666667,0.0,0.0,15.4,0.0,1.4,0.0,0.0,15.333333333333334,0.0,1.7777777777777777,0.0,0.0,10.0,8.0,10.4,14.0,8.0,0,7.0,0.5000000000000016,0.864957264957265,0.0,0.0,0.0,5.0,13.722222222222221,3.0,1.0,9.0,15.333333333333334,13.722222222222221,1.7777777777777777,2.773886162848873,0.8534298972250469,0.0,19.0,211.0,0,9,9,0.0,0.0,0.0
2024,Abu Dhabi Grand Prix,24,61,DOO,Jack Doohan,Alpine,17.0,15,0.0,Finished,2024-11-18,2.0,11.333333333333334,2.0,0.3333333333333333,0.0,0.0,11.4,2.2,0.2,0.0,0.0,11.5,2.0,0.1,0.0,0.0,10.0,8.0,12.5,13.333333333333334,8.0,0,12.0,-5.909437655256903e-17,0.864957264957265,0.0,0.0,2.0,5.0,13.58695652173913,56.0,1.0,2.0,14.0,12.511111111111111,0.0,0.0,1.013313220561811,0.0,19.0,383.0,0,0,0,0.0,0.0,0.0
2025,Australian Grand Prix,1,7,DOO,Jack Doohan,Alpine,2.0,18,0.0,Finished,2025-01-01,-16.0,15.0,0.0,2.0,0.0,0.0,15.0,0.0,2.0,0.0,0.0,15.0,0.0,2.0,0.0,0.0,10.0,8.0,15.0,13.25,8.0,0,14.0,-5.909437655256903e-17,0.864957264957265,0.0,0.0,0.0,1.0,11.722222222222221,0.0,1.0,5.0,14.0,12.478260869565217,2.0,0.0,0.8333333333333334,0.0,1.0,0.0,1,1,1,0.0,0.0,0.0
2025,Chinese Grand Prix,2,7,DOO,Jack Doohan,Alpine,17.0,14,0.0,Finished,2025-01-15,3.0,16.5,0.0,-7.0,0.0,0.0,16.5,0.0,-7.0,0.0,0.0,16.5,0.0,-7.0,0.0,0.0,10.0,8.0,12.0,12.0,8.0,0,11.0,2.9999999999999982,0.864957264957265,0.0,0.0,0.0,2.0,14.5,0.0,1.0,11.0,12.0,12.52127659574468,-7.0,12.727922061357855,3.4166666666666665,0.0,11.0,25.0,0,2,2,0.0,0.0,0.0
2025,Japanese Grand Prix,3,7,DOO,Jack Doohan,Alpine,18.0,15,0.0,Finished,2025-01-29,3.0,15.666666666666666,0.0,-3.6666666666666665,0.0,0.0,15.666666666666666,0.0,-3.6666666666666665,0.0,0.0,15.666666666666666,0.0,-3.6666666666666665,0.0,0.0,10.0,8.0,12.5,13.25,8.0,0,9.0,-0.4999999999999989,0.864957264957265,0.0,0.0,0.0,3.0,13.5,0.0,1.0,11.0,12.0,12.520833333333334,-3.6666666666666665,10.692676621563626,2.5370370370370368,0.0,13.0,43.0,0,3,3,0.0,0.0,0.0
2025,Bahrain Grand Prix,4,7,DOO,Jack Doohan,Alpine,11.0,14,0.0,Finished,2025-02-12,-3.0,15.666666666666666,0.0,-3.3333333333333335,0.0,0.0,15.5,0.0,-2.0,0.0,0.0,15.5,0.0,-2.0,0.0,0.0,10.0,8.0,15.5,13.875,8.0,0,9.0,-1.4999999999999998,0.864957264957265,0.0,0.0,0.0,4.0,13.666666666666666,0.0,1.0,11.0,13.0,12.551020408163266,-2.0,9.345230512584124,2.100146198830409,0.0,14.0,61.0,0,4,4,0.0,0.0,0.0
2025,Saudi Arabian Grand Prix,5,7,DOO,Jack Doohan,Alpine,17.0,17,0.0,Finished,2025-02-26,0.0,14.333333333333334,0.0,1.0,0.0,0.0,15.2,0.0,-2.2,0.0,0.0,15.2,0.0,-2.2,0.0,0.0,10.0,8.0,12.5,13.25,8.0,0,8.0,9.577280051660653e-16,0.864957264957265,0.0,0.0,0.0,5.0,12.875,6.0,1.0,7.0,11.333333333333334,12.51,-2.2,8.105553651663778,1.9134502923976608,0.0,16.0,79.0,0,5,5,0.0,0.0,0.0
2025,Miami Grand Prix,6,7,DOO,Jack Doohan,Alpine,2.0,20,0.0,Finished,2025-03-12,-18.0,15.333333333333334,0.0,0.0,0.0,0.0,15.6,0.0,-2.6,0.0,0.0,15.5,0.0,-1.8333333333333333,0.0,0.0,10.0,8.0,9.75,12.125,8.0,0,8.0,1.0000000000000002,0.864957264957265,0.0,0.0,0.0,5.0,13.9,6.0,1.0,7.0,14.333333333333334,12.617647058823529,-1.8333333333333333,7.305249254246338,1.7519493177387915,0.0,17.0,92.0,0,6,6,0.0,0.0,0.0
2023,Bahrain Grand Prix,1,10,GAS,Pierre Gasly,Alpine,19.0,9,2.0,Finished,2023-01-01,10.0,11.333333333333334,2.0,0.3333333333333333,0.0,0.0,11.4,2.2,0.2,0.0,0.0,11.5,2.0,0.1,0.0,0.0,10.0,8.0,10.4,12.25,8.0,0,7.0,-5.909437655256903e-17,0.864957264957265,0.0,0.0,2.0,5.0,11.722222222222221,0.0,1.0,5.0,11.0,11.511904761904763,0.0,0.0,1.013313220561811,0.0,1.0,0.0,1,0,0,0.0,0.0,0.0
2023,Saudi Arabian Grand Prix,2,10,GAS,Pierre Gasly,Alpine,8.0,9,2.0,Finished,2023-01-15,-1.0,9.0,2.0,10.0,0.0,0.0,9.0,2.0,10.0,0.0,0.0,9.0,2.0,10.0,0.0,0.0,10.0,8.0,10.4,14.0,8.0,0,7.0,-5.909437655256903e-17,1.0,0.0,0.0,1.0,1.0,13.5,2.0,1.0,9.0,13.5,13.5,10.0,0.0,0.45,2.0,9.0,23.0,0,1,1,0.0,0.0,2.0
2023,Australian Grand Prix,3,10,GAS,Pierre Gasly,Alpine,9.0,14,0.0,Finished,2023-01-29,-5.0,9.0,2.0,4.5,0.0,0.0,9.0,2.0,4.5,0.0,0.0,9.0,2.0,4.5,0.0,0.0,10.0,8.0,10.4,11.5,8.0,0,7.0,-1.7001631767970826e-15,1.0,0.0,0.0,2.0,2.0,11.0,8.0,1.0,8.0,11.666666666666666,11.0,4.5,7.7781745930520225,0.725,4.0,9.0,39.0,0,2,2,0.0,0.0,4.0
2023,Azerbaijan Grand Prix,4,10,GAS,Pierre Gasly,Alpine,15.0,14,0.0,Finished,2023-02-12,1.0,10.666666666666666,1.3333333333333333,1.3333333333333333,0.0,0.0,10.666666666666666,1.3333333333333333,1.3333333333333333,0.0,0.0,10.666666666666666,1.3333333333333333,1.3333333333333333,0.0,0.0,10.0,8.0,10.4,16.75,8.0,0,7.0,2.4999999999999973,1.0,0.0,0.0,2.0,3.0,12.166666666666666,8.0,1.0,8.0,12.333333333333334,12.166666666666666,1.3333333333333333,7.767453465154029,0.9499999999999998,4.0,10.0,64.0,0,3,3,0.0,0.0,4.0
2023,Miami Grand Prix,5,10,GAS,Pierre Gasly,Alpine,4.0,8,4.0,Finished,2023-02-26,-4.0,12.333333333333334,0.6666666666666666,-1.6666666666666667,0.0,0.0,11.5,1.0,1.25,0.0,0.0,11.5,1.0,1.25,0.0,0.0,10.0,8.0,10.4,14.5,8.0,0,7.0,2.4999999999999996,0.6666666666666666,0.0,0.0,2.0,4.0,12.75,8.0,1.0,8.0,14.666666666666666,12.75,1.25,6.34428877022476,0.9312499999999999,4.0,10.0,82.0,0,4,4,0.0,0.0,4.0
2023,Monaco Grand Prix,6,10,GAS,Pierre Gasly,Alpine,7.0,7,6.0,Finished,2023-03-12,0.0,12.0,1.3333333333333333,-2.6666666666666665,0.0,0.0,10.8,1.6,0.2,0.0,0.0,10.8,1.6,0.2,0.0,0.0,10.0,8.0,10.4,12.75,8.0,0,7.0,-3.0,0.8333333333333333,0.0,0.0,3.0,5.0,11.9,14.0,1.0,8.0,10.666666666666666,11.9,0.2,5.974947698515862,1.065,8.0,9.0,103.0,0,5,5,0.0,0.0,8.0
2023,Spanish Grand Prix,7,10,GAS,Pierre Gasly,Alpine,15.0,11,0.0,Finished,2023-03-26,4.0,9.666666666666666,3.3333333333333335,-1.0,0.0,0.0,10.4,2.4,-1.8,0.0,0.0,10.166666666666666,2.3333333333333335,0.16666666666666666,0.0,0.0,10.0,8.0,10.4,13.0,8.0,0,7.0,-3.4999999999999996,1.4285714285714286,0.0,0.0,3.0,5.0,10.75,35.0,1.0,3.0,6.333333333333333,10.75,0.16666666666666666,5.344779384283945,1.0333333333333334,14.0,10.0,122.0,0,6,6,0.0,0.0,14.0
2023,Canadian Grand Prix,8,10,GAS,Pierre Gasly,Alpine,13.0,13,0.0,Finished,2023-04-09,0.0,8.666666666666666,3.3333333333333335,0.0,0.0,0.0,10.8,2.0,-0.8,0.0,0.0,10.285714285714286,2.0,0.7142857142857143,0.0,0.0,10.0,8.0,10.4,14.75,8.0,0,7.0,1.5,1.6666666666666667,0.0,0.0,2.0,5.0,10.571428571428571,39.0,1.0,3.0,7.333333333333333,10.571428571428571,0.7142857142857143,5.0896720822428145,0.9839285714285715,14.0,10.0,147.0,0,7,7,0.0,0.0,14.0
2023,Austrian Grand Prix,9,10,GAS,Pierre Gasly,Alpine,10.0,9,2.0,Finished,2023-04-23,1.0,10.333333333333334,2.0,1.3333333333333333,0.0,0.0,10.6,2.0,0.2,0.0,0.0,10.625,1.75,0.625,0.0,0.0,10.0,8.0,10.4,15.5,8.0,0,7.0,3.0,1.1428571428571428,0.0,0.0,2.0,5.0,10.5625,43.0,1.0,3.0,9.666666666666666,10.5625,0.625,4.718883039751796,0.9770089285714285,14.0,10.0,172.0,0,8,8,0.0,0.0,14.0
2023,British Grand Prix,10,10,GAS,Pierre Gasly,Alpine,9.0,18,0.0,Finished,2023-05-07,-9.0,11.0,0.6666666666666666,1.6666666666666667,0.0,0.0,9.6,2.4,0.2,0.0,0.0,10.444444444444445,1.7777777777777777,0.6666666666666666,0.0,0.0,10.0,8.0,10.4,15.25,8.0,0,7.0,-0.9999999999999996,0.375,0.0,0.0,3.0,5.0,10.555555555555555,45.0,1.0,3.0,9.666666666666666,10.555555555555555,0.6666666666666666,4.415880433163924,0.9593614718614718,16.0,11.0,195.0,0,9,9,0.0,0.0,16.0
2023,Hungarian Grand Prix,11,10,GAS,Pierre Gasly,Alpine,20.0,20,0.0,Finished,2023-05-21,0.0,13.333333333333334,0.6666666666666666,-2.6666666666666665,0.0,0.0,11.6,1.6,-0.8,0.0,0.0,11.2,1.6,-0.3,0.0,0.0,10.0,8.0,10.4,14.0,8.0,0,7.0,2.499999999999999,0.41666666666666663,0.0,0.0,2.0,5.0,11.4,45.0,1.0,3.0,16.666666666666668,11.4,-0.3,5.165053511608353,1.0434253246753247,16.0,11.0,220.0,0,10,10,0.0,0.0,16.0
2023,Belgian Grand Prix,12,10,GAS,Pierre Gasly,Alpine,17.0,11,0.0,Finished,2023-06-04,6.0,15.666666666666666,0.6666666666666666,-2.6666666666666665,0.0,0.0,14.2,0.4,-0.8,0.0,0.0,12.3,1.4,-1.3,0.0,0.0,10.0,8.0,10.4,12.75,8.0,0,7.0,5.5,0.4583333333333333,0.0,0.0,1.0,5.0,12.136363636363637,45.0,1.0,3.0,19.666666666666668,12.136363636363637,-0.2727272727272727,4.900834808293565,1.0351485635576545,16.0,12.0,245.0,0,11,11,0.0,0.0,16.0
2023,Dutch Grand Prix,13,10,GAS,Pierre Gasly,Alpine,16.0,4,12.0,Finished,2023-06-18,12.0,16.333333333333332,0.0,-1.0,0.0,0.0,14.2,0.4,-0.4,0.0,0.0,12.5,1.2,-0.6,0.0,0.0,10.0,8.0,10.4,15.25,8.0,0,7.0,-3.499999999999999,0.0,0.0,0.0,1.0,5.0,11.916666666666666,49.0,1.0,3.0,12.666666666666666,11.916666666666666,0.25,5.01135075240562,0.9998121091871092,16.0,12.0,270.0,0,12,12,0.0,0.0,16.0
2023,Italian Grand Prix,14,10,GAS,Pierre Gasly,Alpine,18.0,15,0.0,Finished,2023-07-02,3.0,11.666666666666666,4.0,6.0,0.0,0.0,12.4,2.8,2.0,0.0,0.0,11.5,2.4,1.1,0.0,0.0,10.0,8.0,10.4,14.0,8.0,0,7.0,-7.999999999999998,1.8571428571428572,0.0,0.0,2.0,5.0,11.538461538461538,62.0,1.0,3.0,7.333333333333333,11.538461538461538,1.1538461538461537,5.800088416655874,0.9410030329147976,28.0,11.0,283.0,0,13,13,0.0,0.0,28.0
2023,Singapore Grand Prix,15,10,GAS,Pierre Gasly,Alpine,12.0,6,8.0,Finished,2023-07-16,6.0,10.0,4.0,7.0,0.0,0.0,13.6,2.4,2.4,0.0,0.0,11.6,2.4,1.3,0.0,0.0,10.0,8.0,10.4,14.75,8.0,0,7.0,1.999999999999998,2.0,0.0,0.0,1.0,5.0,11.928571428571429,62.0,1.0,3.0,14.666666666666666,11.928571428571429,1.2857142857142858,5.5943456540245435,0.9301795080073497,28.0,10.0,308.0,0,14,14,0.0,0.0,28.0
2023,Japanese Grand Prix,16,10,GAS,Pierre Gasly,Alpine,14.0,10,1.0,Finished,2023-07-30,4.0,8.333333333333334,6.666666666666667,7.0,0.0,0.0,11.2,4.0,5.4,0.0,0.0,11.4,2.8,2.3,0.0,0.0,10.0,8.0,10.4,14.0,8.0,0,7.0,1.0000000000000027,2.777777777777778,0.0,0.0,2.0,5.0,11.933333333333334,70.0,1.0,3.0,14.333333333333334,11.933333333333334,1.6,5.526559249918265,0.8989367715760905,36.0,10.0,310.0,0,15,15,0.0,0.0,36.0
2023,Qatar Grand Prix,17,10,GAS,Pierre Gasly,Alpine,8.0,10,1.0,Finished,2023-08-13,-2.0,10.333333333333334,3.0,4.333333333333333,0.0,0.0,9.2,4.2,6.2,0.0,0.0,11.7,2.3,2.7,0.0,0.0,10.0,8.0,10.4,13.0,8.0,0,7.0,-2.5,1.2972972972972974,0.0,0.0,3.0,5.0,11.78125,73.0,1.0,3.0,12.333333333333334,11.78125,1.75,5.37277085558901,0.8844198900192515,37.0,9.0,334.0,0,16,16,0.0,0.0,37.0
2023,United States Grand Prix,18,10,GAS,Pierre Gasly,Alpine,10.0,8,4.0,Finished,2023-08-27,2.0,8.666666666666666,3.3333333333333335,2.6666666666666665,0.0,0.0,9.0,4.4,4.6,0.0,0.0,11.6,2.4,2.1,0.0,0.0,10.0,8.0,10.4,14.0,8.0,0,7.0,2.0,1.4912280701754386,0.0,0.0,4.0,5.0,11.588235294117647,80.0,1.0,3.0,8.666666666666666,11.588235294117647,1.5294117647058822,5.281070524273742,0.8977546677305374,38.0,12.0,358.0,0,17,17,0.0,0.0,38.0
2023,Mexico City Grand Prix,19,10,GAS,Pierre Gasly,Alpine,9.0,11,0.0,Finished,2023-09-10,-2.0,9.333333333333334,2.0,1.3333333333333333,0.0,0.0,9.8,2.8,2.6,0.0,0.0,11.1,2.8,2.3,0.0,0.0,10.0,8.0,10.4,12.75,8.0,0,7.0,-1.0,0.8571428571428571,0.0,0.0,4.0,5.0,11.722222222222221,84.0,1.0,3.0,11.666666666666666,11.722222222222221,1.5555555555555556,5.124591486986717,0.8882834488162146,42.0,10.0,379.0,0,18,18,0.0,0.0,42.0
2023,São Paulo Grand Prix,20,10,GAS,Pierre Gasly,Alpine,15.0,7,6.0,Finished,2023-09-24,8.0,9.666666666666666,1.6666666666666667,-0.6666666666666666,0.0,0.0,9.0,2.8,1.6,0.0,0.0,11.3,2.6,2.0,0.0,0.0,10.0,8.0,10.4,13.75,8.0,0,7.0,0.4999999999999999,0.753968253968254,0.0,0.0,4.0,5.0,11.657894736842104,85.0,1.0,3.0,13.666666666666666,11.657894736842104,1.368421052631579,5.046566779238133,0.8994264251943086,42.0,11.0,404.0,0,19,19,0.0,0.0,42.0
2023,Las Vegas Grand Prix,21,10,GAS,Pierre Gasly,Alpine,4.0,11,0.0,Finished,2023-10-08,-7.0,8.666666666666666,3.3333333333333335,2.6666666666666665,0.0,0.0,9.2,2.4,2.0,0.0,0.0,10.2,3.2,3.7,0.0,0.0,10.0,8.0,10.4,16.0,8.0,0,7.0,-0.4999999999999992,1.388888888888889,0.0,0.0,4.0,5.0,11.5,92.0,1.0,3.0,9.0,11.5,1.7,5.130917636200535,0.8763301039345931,48.0,11.0,423.0,0,20,20,0.0,0.0,48.0
2023,Abu Dhabi Grand Prix,22,10,GAS,Pierre Gasly,Alpine,8.0,13,0.0,Finished,2023-10-22,-5.0,9.666666666666666,2.0,-0.3333333333333333,0.0,0.0,9.4,2.2,-0.2,0.0,0.0,9.3,3.2,3.0,0.0,0.0,10.0,8.0,10.4,13.75,8.0,0,7.0,-8.83549391188028e-16,0.875,0.0,0.0,3.0,5.0,11.333333333333334,102.0,1.0,3.0,8.666666666666666,11.333333333333334,1.2857142857142858,5.349232254659141,0.9393620037472316,48.0,12.0,448.0,0,21,21,0.0,0.0,48.0
2024,Bahrain Grand Prix,1,10,GAS,Pierre Gasly,Alpine,17.0,18,0.0,Finished,2024-01-01,-1.0,10.333333333333334,2.0,-1.3333333333333333,0.0,0.0,10.0,2.0,-0.8,0.0,0.0,9.5,3.2,1.9,0.0,0.0,9.0,9.0,13.5,12.666666666666666,9.0,1,9.0,3.0,0.9166666666666667,0.0,0.0,2.0,5.0,11.722222222222221,0.0,1.0,5.0,10.0,11.386363636363637,1.0,5.389584311207966,0.9623202965061958,0.0,1.0,0.0,1,22,22,0.0,0.0,48.0
2024,Saudi Arabian Grand Prix,2,10,GAS,Pierre Gasly,Alpine,20.0,20,0.0,Finished,2024-01-15,0.0,14.0,0.0,-4.333333333333333,0.0,0.0,12.0,1.2,-1.4,0.0,0.0,10.9,2.0,0.6,0.0,0.0,9.0,9.0,8.5,12.166666666666666,9.0,1,8.0,3.4999999999999996,0.0,0.0,0.0,1.0,5.0,17.5,0.0,1.0,17.0,15.666666666666666,11.652173913043478,0.9130434782608695,5.282157302726888,0.9639585444841873,0.0,10.0,25.0,0,23,23,0.0,0.0,48.0
2024,Australian Grand Prix,3,10,GAS,Pierre Gasly,Alpine,17.0,14,0.0,Finished,2024-01-29,3.0,17.0,0.0,-2.0,0.0,0.0,13.8,1.2,-1.0,0.0,0.0,11.4,2.0,0.3,0.0,0.0,14.0,14.0,14.5,12.5,14.0,1,14.0,3.5,0.0,0.0,0.0,1.0,5.0,17.0,0.0,1.0,13.0,16.666666666666668,11.854166666666666,0.875,5.169412547568294,0.9634761448132192,0.0,12.0,50.0,0,24,24,0.0,0.0,48.0
2024,Japanese Grand Prix,4,10,GAS,Pierre Gasly,Alpine,16.0,16,0.0,Finished,2024-02-12,0.0,17.333333333333332,0.0,0.6666666666666666,0.0,0.0,15.2,0.0,-2.0,0.0,0.0,12.2,1.2,0.0,0.0,0.0,10.0,10.0,9.5,12.5,10.0,1,9.0,-2.0000000000000027,0.0,0.0,0.0,0.0,5.0,16.5,0.0,1.0,13.0,14.666666666666666,12.0,0.96,5.078385570237849,0.9560482101318014,0.0,14.0,50.0,0,25,25,0.0,0.0,48.0
2024,Chinese Grand Prix,5,10,GAS,Pierre Gasly,Alpine,14.0,13,0.0,Finished,2024-02-26,1.0,16.666666666666668,0.0,1.0,0.0,0.0,16.2,0.0,-0.6,0.0,0.0,12.8,1.1,-0.4,0.0,0.0,10.0,8.0,10.4,11.2,8.0,0,7.0,-2.000000000000003,0.0,0.0,0.0,0.0,5.0,16.25,0.0,1.0,13.0,16.0,12.134615384615385,0.9230769230769231,4.979341939839657,0.9554762201493566,0.0,14.0,75.0,0,26,26,0.0,0.0,48.0
2024,Miami Grand Prix,6,10,GAS,Pierre Gasly,Alpine,13.0,12,0.0,Finished,2024-03-11,1.0,14.333333333333334,0.0,1.3333333333333333,0.0,0.0,16.2,0.0,0.6,0.0,0.0,13.1,1.0,-0.1,0.0,0.0,8.0,8.0,8.5,12.5,8.0,1,8.0,-0.5000000000000004,0.0,0.0,0.0,0.0,5.0,15.4,0.0,1.0,11.0,13.0,12.12962962962963,0.9259259259259259,4.882668925951855,0.9521869774277755,0.0,14.0,100.0,0,27,27,0.0,0.0,48.0
2024,Emilia Romagna Grand Prix,7,10,GAS,Pierre Gasly,Alpine,15.0,16,0.0,Finished,2024-03-25,-1.0,13.666666666666666,0.0,0.6666666666666666,0.0,0.0,15.0,0.0,1.0,0.0,0.0,13.5,0.6,-0.2,0.0,0.0,10.0,8.0,10.4,11.2,8.0,0,7.0,-2.0000000000000018,0.0,0.0,0.0,0.0,5.0,14.666666666666666,1.0,1.0,10.0,11.0,12.089285714285714,0.9285714285714286,4.791416487602801,0.948792544560457,0.0,15.0,118.0,0,28,28,0.0,0.0,48.0
2024,Monaco Grand Prix,8,10,GAS,Pierre Gasly,Alpine,14.0,10,1.0,Finished,2024-04-08,4.0,13.666666666666666,0.0,0.3333333333333333,0.0,0.0,14.2,0.0,0.8,0.0,0.0,14.0,0.6,-0.1,0.0,0.0,7.0,7.0,5.0,10.166666666666666,7.0,1,3.0,1.4999999999999993,0.0,0.0,0.0,0.0,5.0,14.714285714285714,1.0,1.0,10.0,13.333333333333334,12.189655172413794,0.8620689655172413,4.718687301805106,0.9505583188859584,0.0,15.0,143.0,0,29,29,0.0,0.0,48.0
2024,Canadian Grand Prix,9,10,GAS,Pierre Gasly,Alpine,18.0,9,2.0,Finished,2024-04-22,9.0,12.666666666666666,0.3333333333333333,1.3333333333333333,0.0,0.0,13.4,0.2,1.0,0.0,0.0,14.3,0.1,-0.5,0.0,0.0,13.0,13.0,10.5,13.333333333333334,13.0,1,8.0,-1.0,0.20408163265306123,0.0,0.0,1.0,5.0,14.6875,2.0,1.0,10.0,14.333333333333334,12.266666666666667,0.9666666666666667,4.671877222445941,0.9410952638119822,1.0,14.0,150.0,0,30,30,0.0,0.0,49.0
2024,Spanish Grand Prix,10,10,GAS,Pierre Gasly,Alpine,7.0,9,2.0,Finished,2024-05-06,-2.0,11.666666666666666,1.0,4.0,0.0,0.0,12.0,0.6,2.8,0.0,0.0,14.1,0.3,1.1,0.0,0.0,11.0,11.0,9.5,11.833333333333334,11.0,1,8.0,-3.5000000000000004,0.6078431372549019,0.0,0.0,2.0,5.0,14.11111111111111,5.0,1.0,9.0,12.666666666666666,12.17741935483871,1.2258064516129032,4.814628247465253,0.9260174878995413,3.0,14.0,173.0,0,31,31,0.0,0.0,51.0
2024,Austrian Grand Prix,11,10,GAS,Pierre Gasly,Alpine,11.0,10,1.0,Finished,2024-05-20,1.0,9.333333333333334,1.6666666666666667,3.6666666666666665,0.0,0.0,11.2,1.0,2.2,0.0,0.0,13.7,0.5,1.4,0.0,0.0,9.0,9.0,10.5,13.833333333333334,9.0,1,9.0,-0.5000000000000004,1.0062893081761006,0.0,0.0,3.0,5.0,13.65,8.0,1.0,9.0,9.666666666666666,12.09375,1.125,4.770541323175918,0.9322356914026806,5.0,12.0,196.0,0,32,32,0.0,0.0,53.0
2024,British Grand Prix,12,10,GAS,Pierre Gasly,Alpine,2.0,20,0.0,Finished,2024-06-03,-18.0,9.333333333333334,1.6666666666666667,2.6666666666666665,0.0,0.0,10.8,1.2,2.2,0.0,0.0,12.9,0.6,1.6,0.0,0.0,18.0,18.0,19.0,16.5,18.0,1,18.0,0.4999999999999989,1.0185185185185186,0.0,0.0,4.0,5.0,13.409090909090908,9.0,1.0,9.0,10.666666666666666,12.06060606060606,1.121212121212121,4.695460412446099,0.9292386502490639,6.0,13.0,205.0,0,33,33,0.0,0.0,54.0
2024,Hungarian Grand Prix,13,10,GAS,Pierre Gasly,Alpine,20.0,20,0.0,Finished,2024-06-17,0.0,13.0,1.0,-6.333333333333333,0.0,0.0,11.6,1.2,-1.2,0.0,0.0,12.9,0.6,-0.2,0.0,0.0,20.0,20.0,19.5,15.833333333333334,20.0,1,19.0,5.499999999999998,0.6296296296296297,0.0,0.0,4.0,5.0,13.791666666666666,9.0,1.0,9.0,16.0,12.235294117647058,0.5588235294117647,5.668579943334578,1.097986533084876,6.0,13.0,223.0,0,34,34,0.0,0.0,54.0
2024,Belgian Grand Prix,14,10,GAS,Pierre Gasly,Alpine,12.0,14,0.0,Finished,2024-07-01,-2.0,16.666666666666668,0.3333333333333333,-5.666666666666667,0.0,0.0,13.6,1.0,-2.0,0.0,0.0,13.5,0.6,-0.5,0.0,0.0,11.0,11.0,9.5,11.666666666666666,11.0,1,8.0,4.999999999999997,0.21604938271604937,0.0,0.0,3.0,5.0,14.192307692307692,9.0,1.0,9.0,18.0,12.428571428571429,0.5428571428571428,5.585395120800514,1.0938263736361922,6.0,13.0,233.0,0,35,35,0.0,0.0,54.0
2024,Dutch Grand Prix,15,10,GAS,Pierre Gasly,Alpine,7.0,9,2.0,Finished,2024-07-15,-2.0,18.0,0.0,-6.666666666666667,0.0,0.0,14.6,0.6,-4.2,0.0,0.0,13.3,0.6,-0.7,0.0,0.0,4.0,4.0,7.0,12.5,4.0,1,4.0,-3.0,0.0,0.0,0.0,2.0,5.0,14.035714285714286,10.0,1.0,9.0,14.0,12.416666666666666,0.4722222222222222,5.521315118241363,1.0933568376163836,6.0,13.0,243.0,0,36,36,0.0,0.0,54.0
2024,Italian Grand Prix,16,10,GAS,Pierre Gasly,Alpine,13.0,15,0.0,Finished,2024-07-29,-2.0,14.333333333333334,0.6666666666666666,-1.3333333333333333,0.0,0.0,14.6,0.6,-4.2,0.0,0.0,12.9,0.8,-1.0,0.0,0.0,15.0,15.0,17.0,15.0,15.0,1,15.0,-5.500000000000001,0.4404761904761904,0.0,0.0,2.0,5.0,13.9,12.0,1.0,9.0,11.333333333333334,12.405405405405405,0.40540540540540543,5.4592401763710035,1.0942120582213462,8.0,13.0,259.0,0,37,37,0.0,0.0,56.0
2024,Azerbaijan Grand Prix,17,10,GAS,Pierre Gasly,Alpine,15.0,12,0.0,Finished,2024-08-12,3.0,12.666666666666666,0.6666666666666666,-2.0,0.0,0.0,15.6,0.4,-4.8,0.0,0.0,13.2,0.8,-1.3,0.0,0.0,14.0,14.0,14.5,16.0,14.0,1,14.0,0.49999999999999833,0.4523809523809524,0.0,0.0,1.0,5.0,13.9375,12.0,1.0,9.0,14.666666666666666,12.460526315789474,0.34210526315789475,5.399080581335617,1.093612492779431,8.0,13.0,267.0,0,38,38,0.0,0.0,56.0
2024,Singapore Grand Prix,18,10,GAS,Pierre Gasly,Alpine,17.0,17,0.0,Finished,2024-08-26,0.0,12.0,0.6666666666666666,-0.3333333333333333,0.0,0.0,14.0,0.4,-0.6,0.0,0.0,12.8,0.8,-0.9,0.0,0.0,6.0,6.0,12.0,13.833333333333334,6.0,1,6.0,1.5000000000000002,0.46428571428571425,0.0,0.0,1.0,5.0,13.970588235294118,12.0,1.0,9.0,14.333333333333334,12.512820512820513,0.41025641025641024,5.344539509078642,1.0848019160414968,8.0,14.0,277.0,0,39,39,0.0,0.0,56.0
2024,United States Grand Prix,19,10,GAS,Pierre Gasly,Alpine,6.0,12,0.0,Finished,2024-09-09,-6.0,14.666666666666666,0.0,0.3333333333333333,0.0,0.0,13.4,0.4,-0.6,0.0,0.0,13.5,0.7,-1.3,0.0,0.0,8.0,8.0,14.0,14.0,8.0,1,8.0,0.9999999999999977,0.0,0.0,0.0,1.0,5.0,14.027777777777779,12.0,1.0,9.0,15.666666666666666,12.575,0.4,5.2759736007582,1.0812929792515706,8.0,14.0,295.0,0,40,40,0.0,0.0,56.0
2024,Mexico City Grand Prix,20,10,GAS,Pierre Gasly,Alpine,11.0,10,1.0,Finished,2024-09-23,1.0,13.666666666666666,0.0,-1.0,0.0,0.0,13.0,0.4,-1.4,0.0,0.0,13.8,0.5,-2.8,0.0,0.0,11.0,11.0,10.5,12.0,11.0,1,10.0,7.497616381660868e-16,0.0,0.0,0.0,1.0,5.0,14.078947368421053,12.0,1.0,9.0,14.333333333333334,12.634146341463415,0.24390243902439024,5.30462292630154,1.0967318264475252,8.0,14.0,307.0,0,41,41,0.0,0.0,56.0
2024,São Paulo Grand Prix,21,10,GAS,Pierre Gasly,Alpine,10.0,3,15.0,Finished,2024-10-07,7.0,13.0,0.3333333333333333,-1.6666666666666667,0.0,0.0,13.2,0.2,-0.8,0.0,0.0,13.9,0.4,-2.5,0.0,0.0,7.0,7.0,8.5,12.0,7.0,1,7.0,-3.4999999999999987,0.24561403508771928,0.0,0.0,1.0,5.0,13.95,13.0,1.0,9.0,13.666666666666666,12.607142857142858,0.2619047619047619,5.240831826591169,1.0904604337543302,9.0,13.0,314.0,0,42,42,0.0,0.0,57.0
2024,Las Vegas Grand Prix,22,10,GAS,Pierre Gasly,Alpine,4.0,20,0.0,Finished,2024-10-21,-16.0,8.333333333333334,5.333333333333333,0.6666666666666666,1.0,0.0,10.8,3.2,1.0,1.0,0.0,13.2,1.8,-1.9,1.0,0.0,11.0,11.0,8.0,13.333333333333334,11.0,1,5.0,-4.499999999999999,3.1851851851851847,0.0,1.0,2.0,5.0,13.404761904761905,46.0,1.0,2.0,6.0,12.372093023255815,0.4186046511627907,5.279035617824867,1.0714433834978871,24.0,11.0,324.0,0,43,43,1.0,0.0,72.0
2024,Qatar Grand Prix,23,10,GAS,Pierre Gasly,Alpine,14.0,5,10.0,Finished,2024-11-04,9.0,11.0,5.333333333333333,-2.6666666666666665,1.0,0.0,12.4,3.2,-2.8,1.0,0.0,13.2,1.8,-1.7,1.0,0.0,10.0,10.0,8.5,11.5,10.0,1,7.0,4.9999999999999964,3.259259259259259,0.0,1.0,2.0,5.0,13.636363636363637,46.0,1.0,2.0,13.0,12.511363636363637,0.045454545454545456,5.7746621584641185,1.1380014884183896,24.0,12.0,334.0,0,44,44,1.0,0.0,72.0
2024,Abu Dhabi Grand Prix,24,10,GAS,Pierre Gasly,Alpine,4.0,7,6.0,Finished,2024-11-18,-3.0,9.333333333333334,8.333333333333334,0.0,1.0,0.0,10.0,5.2,-1.0,1.0,0.0,11.7,2.8,-0.8,1.0,0.0,13.0,13.0,13.333333333333334,13.571428571428571,13.0,1,12.0,1.0000000000000024,4.573170731707317,0.0,1.0,3.0,5.0,13.617021276595745,56.0,1.0,2.0,13.333333333333334,12.538461538461538,0.24444444444444444,5.862653586108178,1.120119973860944,34.0,10.0,349.0,0,45,45,1.0,0.0,82.0
2025,Australian Grand Prix,1,10,GAS,Pierre Gasly,Alpine,12.0,11,0.0,Finished,2025-01-01,1.0,10.666666666666666,5.333333333333333,-3.3333333333333335,0.0,0.0,9.0,6.4,-0.4,1.0,0.0,11.0,3.4,-0.9,1.0,0.0,14.0,14.0,15.6,13.777777777777779,14.0,2,14.0,-6.5,2.7878787878787876,0.0,1.0,4.0,5.0,18.0,0.0,1.0,18.0,13.333333333333334,12.53763440860215,0.17391304347826086,5.8168504185917085,1.1262043222552713,0.0,1.0,0.0,1,46,46,1.0,0.0,88.0
2025,Chinese Grand Prix,2,10,GAS,Pierre Gasly,Alpine,13.0,11,0.0,Finished,2025-01-15,2.0,7.666666666666667,5.333333333333333,2.3333333333333335,0.0,0.0,9.2,6.2,-0.4,1.0,0.0,11.2,3.2,-0.6,1.0,0.0,13.0,13.0,12.666666666666666,12.666666666666666,13.0,1,11.0,2.999999999999999,2.848484848484848,0.0,1.0,3.0,5.0,14.333333333333334,0.0,1.0,11.0,14.333333333333334,12.536842105263158,0.19148936170212766,5.754538087730868,1.120245801487156,0.0,11.0,25.0,0,47,47,1.0,0.0,88.0
2025,Japanese Grand Prix,3,10,GAS,Pierre Gasly,Alpine,12.0,13,0.0,Finished,2025-01-29,-1.0,9.666666666666666,2.0,0.0,0.0,0.0,10.8,3.2,-1.4,0.0,0.0,10.8,3.2,-0.2,1.0,0.0,13.0,10.0,13.0,13.444444444444445,10.0,2,9.0,1.9999999999999991,1.090909090909091,0.0,0.0,2.0,5.0,13.8,0.0,1.0,11.0,13.333333333333334,12.54639175257732,0.22916666666666666,5.698971849539527,1.1132763949085545,0.0,13.0,43.0,0,48,48,1.0,0.0,88.0
2025,Bahrain Grand Prix,4,10,GAS,Pierre Gasly,Alpine,5.0,7,6.0,Finished,2025-02-12,-2.0,11.666666666666666,0.0,0.6666666666666666,0.0,0.0,9.4,3.2,1.6,0.0,0.0,10.9,3.2,-0.6,1.0,0.0,13.5,9.0,15.2,13.88888888888889,9.0,2,9.0,0.9999999999999996,0.0,0.0,0.0,2.0,5.0,13.714285714285714,0.0,1.0,11.0,14.0,12.565656565656566,0.20408163265306123,5.642028269443293,1.1109646317471553,0.0,14.0,61.0,0,49,49,1.0,0.0,88.0
2025,Saudi Arabian Grand Prix,5,10,GAS,Pierre Gasly,Alpine,2.0,19,0.0,Finished,2025-02-26,-17.0,10.333333333333334,2.0,-0.3333333333333333,0.0,0.0,9.8,2.4,-0.6,0.0,0.0,9.9,3.8,-0.8,1.0,0.0,14.5,9.0,13.4,13.666666666666666,9.0,2,8.0,-1.9999999999999971,1.0638297872340425,0.0,0.0,2.0,5.0,13.333333333333334,6.0,1.0,7.0,12.666666666666666,12.554455445544555,0.16,5.592852581643825,1.1120786724455456,6.0,11.0,73.0,0,50,50,1.0,0.0,94.0
2025,Miami Grand Prix,6,10,GAS,Pierre Gasly,Alpine,19.0,13,0.0,Finished,2025-03-12,6.0,13.0,2.0,-6.666666666666667,0.0,0.0,12.2,1.2,-3.4,0.0,0.0,10.6,3.8,-1.9,1.0,0.0,10.0,8.0,11.8,13.0,8.0,2,8.0,3.0,1.0851063829787235,0.0,0.0,1.0,5.0,14.454545454545455,6.0,1.0,7.0,18.666666666666668,12.689320388349515,-0.17647058823529413,6.035580775212743,1.2144562148158944,6.0,11.0,86.0,0,51,51,1.0,0.0,94.0
2025,Emilia Romagna Grand Prix,7,10,GAS,Pierre Gasly,Alpine,9.0,13,0.0,Finished,2025-03-26,-4.0,13.0,2.0,-4.333333333333333,0.0,0.0,12.6,1.2,-2.4,0.0,0.0,10.9,3.7,-1.4,1.0,0.0,16.0,16.0,15.333333333333334,15.333333333333334,16.0,1,14.0,3.000000000000001,1.1063829787234043,0.0,0.0,1.0,5.0,14.461538461538462,6.0,1.0,7.0,16.333333333333332,12.723809523809523,-0.057692307692307696,6.037183675108659,1.2036012876078963,6.0,11.0,111.0,0,52,52,1.0,0.0,94.0
2025,Monaco Grand Prix,8,10,GAS,Pierre Gasly,Alpine,18.0,20,0.0,Finished,2025-04-09,-2.0,15.0,0.0,-5.0,0.0,0.0,13.0,1.2,-3.6,0.0,0.0,11.9,2.2,-2.5,0.0,0.0,8.5,7.0,10.4,11.444444444444445,7.0,2,3.0,-2.9999999999999996,0.0,0.0,0.0,1.0,5.0,14.266666666666667,6.0,1.0,7.0,14.0,12.728971962616823,-0.1320754716981132,6.003325155051275,1.205420131237936,6.0,13.0,126.0,0,53,53,1.0,0.0,94.0
2025,Spanish Grand Prix,9,10,GAS,Pierre Gasly,Alpine,8.0,9,2.0,Finished,2025-04-23,-1.0,15.333333333333334,0.0,0.0,0.0,0.0,14.4,1.2,-3.8,0.0,0.0,11.9,2.2,-1.1,0.0,0.0,10.0,9.0,10.8,11.777777777777779,9.0,2,8.0,3.4999999999999982,0.0,0.0,0.0,1.0,5.0,14.705882352941176,6.0,1.0,7.0,16.333333333333332,12.825688073394495,-0.16666666666666666,5.9518508299424635,1.2025907136029257,6.0,12.0,146.0,0,54,54,1.0,0.0,94.0
2025,Canadian Grand Prix,10,10,GAS,Pierre Gasly,Alpine,20.0,15,0.0,Finished,2025-05-07,5.0,14.0,0.6666666666666666,-2.3333333333333335,0.0,0.0,14.8,0.4,-3.6,0.0,0.0,12.3,1.4,-2.1,0.0,0.0,11.0,9.0,10.6,12.444444444444445,9.0,2,8.0,-1.9999999999999971,0.3819444444444444,0.0,0.0,1.0,5.0,14.31578947368421,8.0,1.0,7.0,12.666666666666666,12.792792792792794,-0.18181818181818182,5.897554135499291,1.1989072460828725,8.0,13.0,164.0,0,55,55,1.0,0.0,96.0
2025,Austrian Grand Prix,11,10,GAS,Pierre Gasly,Alpine,9.0,13,0.0,Finished,2025-05-21,-4.0,14.666666666666666,0.6666666666666666,0.6666666666666666,0.0,0.0,14.0,0.4,0.8,0.0,0.0,13.1,0.8,-1.3,0.0,0.0,9.5,9.0,11.6,13.333333333333334,9.0,2,9.0,-2.5000000000000004,0.3888888888888889,0.0,0.0,1.0,5.0,14.380952380952381,8.0,1.0,7.0,14.333333333333334,12.831858407079647,-0.08928571428571429,5.884577024157875,1.190253290157923,8.0,13.0,176.0,0,56,56,1.0,0.0,96.0
2025,British Grand Prix,12,10,GAS,Pierre Gasly,Alpine,7.0,6,8.0,Finished,2025-06-04,1.0,12.333333333333334,0.6666666666666666,0.0,0.0,0.0,14.0,0.4,-1.2,0.0,0.0,13.3,0.8,-1.8,0.0,0.0,19.0,18.0,18.6,17.11111111111111,18.0,2,16.0,1.9999999999999996,0.3958333333333333,0.0,0.0,1.0,5.0,14.521739130434783,8.0,1.0,7.0,15.666666666666666,12.88695652173913,-0.15789473684210525,5.854758362966128,1.1921786710323454,8.0,15.0,194.0,0,57,57,1.0,0.0,96.0
2025,Belgian Grand Prix,13,10,GAS,Pierre Gasly,Alpine,13.0,10,1.0,Finished,2025-06-18,3.0,11.333333333333334,2.6666666666666665,0.6666666666666666,0.0,0.0,12.6,2.0,-0.2,0.0,0.0,12.8,1.6,-1.9,0.0,0.0,12.5,11.0,12.4,12.555555555555555,11.0,2,8.0,-4.4999999999999964,1.487179487179487,0.0,0.0,2.0,5.0,14.36,16.0,1.0,6.0,14.666666666666666,12.88034188034188,-0.13793103448275862,5.8051648989440645,1.1845549008421326,16.0,12.0,204.0,0,58,58,1.0,0.0,104.0
2025,Hungarian Grand Prix,14,10,GAS,Pierre Gasly,Alpine,19.0,17,0.0,Finished,2025-07-02,2.0,9.666666666666666,3.0,0.0,0.0,0.0,10.6,2.2,0.8,0.0,0.0,12.5,1.7,-1.5,0.0,0.0,20.0,20.0,19.2,16.88888888888889,20.0,2,18.0,-1.5000000000000029,1.6857142857142857,0.0,0.0,3.0,5.0,14.37037037037037,17.0,1.0,6.0,16.0,12.907563025210084,-0.0847457627118644,5.769384523419856,1.1765842366632104,17.0,12.0,228.0,0,59,59,1.0,0.0,105.0
2025,Dutch Grand Prix,15,10,GAS,Pierre Gasly,Alpine,14.0,17,0.0,Finished,2025-07-16,-3.0,11.0,3.0,2.0,0.0,0.0,12.2,1.8,1.4,0.0,0.0,13.5,1.1,-1.1,0.0,0.0,6.5,4.0,10.0,12.333333333333334,4.0,2,4.0,5.5,1.7142857142857142,0.0,0.0,2.0,5.0,14.379310344827585,17.0,1.0,6.0,16.0,12.933884297520661,-0.05,5.726610498070405,1.1711411660521567,17.0,15.0,246.0,0,60,60,1.0,0.0,105.0
2025,Italian Grand Prix,16,10,GAS,Pierre Gasly,Alpine,20.0,16,0.0,Finished,2025-07-30,4.0,14.666666666666666,0.3333333333333333,0.6666666666666666,0.0,0.0,12.6,1.8,-0.2,0.0,0.0,13.3,1.1,0.3,0.0,0.0,15.0,15.0,16.0,15.11111111111111,15.0,2,14.0,3.500000000000001,0.19365079365079366,0.0,0.0,2.0,5.0,14.548387096774194,17.0,1.0,6.0,15.333333333333334,13.0,-0.09836065573770492,5.691235712428913,1.1705213655157827,17.0,15.0,271.0,0,61,61,1.0,0.0,105.0
2025,Azerbaijan Grand Prix,17,10,GAS,Pierre Gasly,Alpine,17.0,18,0.0,Finished,2025-08-13,-1.0,16.666666666666668,0.0,1.0,0.0,0.0,13.2,1.8,1.4,0.0,0.0,13.6,1.1,0.1,0.0,0.0,13.0,12.0,15.4,16.0,12.0,2,12.0,-0.5000000000000029,0.0,0.0,0.0,2.0,5.0,14.727272727272727,17.0,1.0,6.0,17.333333333333332,13.072,-0.03225806451612903,5.668341018280751,1.1639307751349597,17.0,15.0,286.0,0,62,62,1.0,0.0,105.0
2025,Singapore Grand Prix,18,10,GAS,Pierre Gasly,Alpine,19.0,19,0.0,Finished,2025-08-27,0.0,17.0,0.0,0.0,0.0,0.0,15.6,0.2,1.0,0.0,0.0,14.1,1.1,0.4,0.0,0.0,11.5,6.0,14.0,14.333333333333334,6.0,2,6.0,0.4999999999999987,0.0,0.0,0.0,1.0,5.0,14.857142857142858,17.0,1.0,6.0,17.666666666666668,13.133858267716535,-0.047619047619047616,5.623764585275515,1.1613286993391667,17.0,16.0,286.0,0,63,63,1.0,0.0,105.0
2025,United States Grand Prix,19,10,GAS,Pierre Gasly,Alpine,14.0,19,0.0,Finished,2025-09-10,-5.0,17.666666666666668,0.0,1.0,0.0,0.0,17.4,0.0,0.4,0.0,0.0,14.0,1.1,0.6,0.0,0.0,10.0,8.0,15.0,14.555555555555555,8.0,2,8.0,1.4999999999999971,0.0,0.0,0.0,0.0,5.0,15.027027027027026,17.0,1.0,6.0,17.333333333333332,13.209302325581396,-0.046875,5.578956173347034,1.1580266884119923,17.0,16.0,298.0,0,64,64,1.0,0.0,105.0
2025,Mexico City Grand Prix,20,10,GAS,Pierre Gasly,Alpine,15.0,15,0.0,Finished,2025-09-24,0.0,18.666666666666668,0.0,-2.0,0.0,0.0,17.8,0.0,-1.0,0.0,0.0,15.0,0.9,0.2,0.0,0.0,10.5,10.0,12.0,12.333333333333334,10.0,2,10.0,0.4999999999999976,0.0,0.0,0.0,0.0,5.0,15.153846153846153,17.0,1.0,6.0,17.333333333333332,13.274809160305344,-0.12307692307692308,5.569188934182013,1.1596980726928334,17.0,17.0,308.0,0,65,65,1.0,0.0,105.0
2025,São Paulo Grand Prix,21,10,GAS,Pierre Gasly,Alpine,9.0,10,1.0,Finished,2025-10-08,-1.0,17.666666666666668,0.0,-1.6666666666666667,0.0,0.0,17.4,0.0,-0.4,0.0,0.0,15.0,0.9,-0.3,0.0,0.0,5.0,3.0,7.4,10.222222222222221,3.0,2,2.0,-1.9999999999999971,0.0,0.0,0.0,0.0,5.0,15.146341463414634,17.0,1.0,6.0,15.333333333333334,13.300751879699249,-0.12121212121212122,5.526203736646681,1.1563314352277905,17.0,18.0,328.0,0,66,66,1.0,0.0,105.0
2025,Las Vegas Grand Prix,22,10,GAS,Pierre Gasly,Alpine,18.0,15,0.0,Finished,2025-10-22,3.0,14.666666666666666,0.3333333333333333,-2.0,0.0,0.0,16.2,0.2,-1.4,0.0,0.0,14.7,1.0,0.0,0.0,0.0,15.5,11.0,14.0,14.88888888888889,11.0,2,5.0,-4.5,0.21069182389937108,0.0,0.0,1.0,5.0,15.069767441860465,18.0,1.0,6.0,14.0,13.303703703703704,-0.13432835820895522,5.4852295396517805,1.1539981302243907,18.0,18.0,352.0,0,67,67,1.0,0.0,106.0
2025,Qatar Grand Prix,23,10,GAS,Pierre Gasly,Alpine,9.0,16,0.0,Finished,2025-11-05,-7.0,13.333333333333334,0.3333333333333333,0.6666666666666666,0.0,0.0,15.6,0.2,-0.6,0.0,0.0,15.6,0.2,0.2,0.0,0.0,7.5,5.0,11.2,12.0,5.0,2,5.0,-2.6282434683289734e-15,0.21383647798742136,0.0,0.0,1.0,5.0,15.044444444444444,18.0,1.0,6.0,15.333333333333334,13.321167883211679,-0.08823529411764706,5.457393435330594,1.1486374766065397,18.0,18.0,370.0,0,68,68,1.0,0.0,106.0
2025,Abu Dhabi Grand Prix,24,10,GAS,Pierre Gasly,Alpine,19.0,19,0.0,Finished,2025-11-19,0.0,13.666666666666666,0.3333333333333333,-1.6666666666666667,0.0,0.0,15.0,0.2,-2.0,0.0,0.0,16.2,0.1,-0.8,0.0,0.0,10.0,7.0,13.4,13.555555555555555,7.0,2,7.0,3.0,0.2169811320754717,0.0,0.0,1.0,5.0,15.170212765957446,18.0,1.0,6.0,16.666666666666668,13.388489208633093,-0.18840579710144928,5.480648744121128,1.1551789624528215,18.0,18.0,382.0,0,69,69,1.0,0.0,106.0
2025,Australian Grand Prix,1,6,HAD,Isack Hadjar,Racing Bulls,3.0,19,0.0,Finished,2025-01-01,-16.0,11.333333333333334,2.0,0.3333333333333333,0.0,0.0,11.4,2.2,0.2,0.0,0.0,11.5,2.0,0.1,0.0,0.0,10.0,8.0,10.4,10.0,8.0,0,7.0,-5.909437655256903e-17,0.864957264957265,0.0,0.0,2.0,5.0,11.722222222222221,0.0,1.0,5.0,11.0,11.511904761904763,0.0,0.0,1.013313220561811,0.0,1.0,0.0,1,0,0,0.0,0.0,0.0
2025,Chinese Grand Prix,2,6,HAD,Isack Hadjar,Racing Bulls,9.0,15,0.0,Finished,2025-01-15,-6.0,19.0,0.0,-16.0,0.0,0.0,19.0,0.0,-16.0,0.0,0.0,19.0,0.0,-16.0,0.0,0.0,10.0,8.0,10.4,10.366666666666667,8.0,0,7.0,-5.909437655256903e-17,0.864957264957265,0.0,0.0,0.0,1.0,15.5,0.0,1.0,12.0,15.5,15.5,-16.0,0.0,4.75,0.0,11.0,25.0,0,1,1,0.0,0.0,0.0
2025,Japanese Grand Prix,3,6,HAD,Isack Hadjar,Racing Bulls,7.0,8,4.0,Finished,2025-01-29,-1.0,17.0,0.0,-11.0,0.0,0.0,17.0,0.0,-11.0,0.0,0.0,17.0,0.0,-11.0,0.0,0.0,10.0,8.0,10.4,10.369565217391305,8.0,0,7.0,-3.9999999999999987,0.864957264957265,0.0,0.0,0.0,2.0,16.25,0.0,1.0,12.0,15.333333333333334,16.25,-11.0,7.0710678118654755,3.125,0.0,13.0,43.0,0,2,2,0.0,0.0,0.0
2025,Bahrain Grand Prix,4,6,HAD,Isack Hadjar,Racing Bulls,16.0,16,0.0,Finished,2025-02-12,0.0,14.0,1.3333333333333333,-7.666666666666667,0.0,0.0,14.0,1.3333333333333333,-7.666666666666667,0.0,0.0,14.0,1.3333333333333333,-7.666666666666667,0.0,0.0,10.0,8.0,10.4,10.673913043478262,8.0,0,7.0,-5.5,1.0,0.0,0.0,1.0,3.0,15.0,4.0,1.0,8.0,14.666666666666666,15.0,-7.666666666666667,7.637626158259733,2.4166666666666665,4.0,12.0,57.0,0,3,3,0.0,0.0,4.0
2025,Saudi Arabian Grand Prix,5,6,HAD,Isack Hadjar,Racing Bulls,12.0,10,1.0,Finished,2025-02-26,2.0,13.0,1.3333333333333333,-2.3333333333333335,0.0,0.0,14.5,1.0,-5.75,0.0,0.0,14.5,1.0,-5.75,0.0,0.0,10.0,8.0,10.4,10.91304347826087,8.0,0,7.0,0.4999999999999975,1.3333333333333333,0.0,0.0,1.0,4.0,14.875,4.0,1.0,8.0,15.333333333333334,14.875,-5.75,7.32006375199925,2.047794117647059,4.0,13.0,75.0,0,4,4,0.0,0.0,4.0
2025,Miami Grand Prix,6,6,HAD,Isack Hadjar,Racing Bulls,12.0,11,0.0,Finished,2025-03-12,1.0,11.333333333333334,1.6666666666666667,0.3333333333333333,0.0,0.0,13.6,1.0,-4.2,0.0,0.0,13.6,1.0,-4.2,0.0,0.0,10.0,8.0,10.4,10.673913043478262,8.0,0,7.0,1.0,1.6666666666666667,0.0,0.0,2.0,5.0,14.0,5.0,1.0,8.0,11.333333333333334,14.0,-4.2,7.224956747275377,1.7920814479638008,5.0,13.0,87.0,0,5,5,0.0,0.0,5.0
2025,Emilia Romagna Grand Prix,7,6,HAD,Isack Hadjar,Racing Bulls,11.0,9,2.0,Finished,2025-03-26,2.0,12.333333333333334,0.3333333333333333,1.0,0.0,0.0,12.0,1.0,-0.8,0.0,0.0,13.166666666666666,0.8333333333333334,-3.3333333333333335,0.0,0.0,10.0,8.0,10.4,10.9,8.0,0,7.0,-2.4999999999999973,0.39999999999999997,0.0,0.0,2.0,5.0,14.0,5.0,1.0,8.0,13.0,14.0,-3.3333333333333335,6.801960501698511,1.6344268476621417,5.0,14.0,112.0,0,6,6,0.0,0.0,5.0
2025,Monaco Grand Prix,8,6,HAD,Isack Hadjar,Racing Bulls,5.0,6,8.0,Finished,2025-04-09,-1.0,10.0,1.0,1.6666666666666667,0.0,0.0,10.8,1.4,0.8,0.0,0.0,12.571428571428571,1.0,-2.5714285714285716,0.0,0.0,10.0,8.0,10.4,10.347826086956522,8.0,0,7.0,-0.4999999999999997,1.0,0.0,0.0,3.0,5.0,13.642857142857142,7.0,1.0,8.0,13.333333333333334,13.642857142857142,-2.5714285714285716,6.528326555791126,1.5080801551389786,7.0,12.0,125.0,0,7,7,0.0,0.0,7.0
2025,Spanish Grand Prix,9,6,HAD,Isack Hadjar,Racing Bulls,9.0,8,4.0,Finished,2025-04-23,1.0,8.666666666666666,3.3333333333333335,0.6666666666666666,0.0,0.0,10.4,2.2,0.8,0.0,0.0,11.75,1.875,-2.375,0.0,0.0,10.0,8.0,10.4,10.0,8.0,0,7.0,-2.500000000000001,1.777777777777778,0.0,0.0,3.0,5.0,12.8125,19.0,1.0,6.0,9.333333333333334,12.8125,-2.375,6.06953752062591,1.4445701357466063,15.0,10.0,137.0,0,8,8,0.0,0.0,15.0
2025,Canadian Grand Prix,10,6,HAD,Isack Hadjar,Racing Bulls,11.0,16,0.0,Finished,2025-05-07,-5.0,7.666666666666667,4.666666666666667,0.6666666666666666,0.0,0.0,8.8,3.0,1.0,0.0,0.0,11.333333333333334,2.111111111111111,-2.0,0.0,0.0,10.0,8.0,10.4,10.021739130434783,8.0,0,7.0,-0.5000000000000002,2.210526315789474,0.0,0.0,4.0,5.0,12.444444444444445,23.0,1.0,6.0,9.0,12.444444444444445,-2.0,5.787918451395113,1.3729512317747612,19.0,9.0,153.0,0,9,9,0.0,0.0,19.0
2025,Austrian Grand Prix,11,6,HAD,Isack Hadjar,Racing Bulls,19.0,12,0.0,Finished,2025-05-21,7.0,10.0,4.0,-1.6666666666666667,0.0,0.0,10.0,2.8,-0.4,0.0,0.0,11.8,1.9,-2.3,0.0,0.0,10.0,8.0,10.4,10.152173913043478,8.0,0,7.0,4.999999999999997,2.1052631578947367,0.0,0.0,3.0,5.0,12.95,23.0,1.0,6.0,15.333333333333334,12.95,-2.3,5.538752366533259,1.3689894419306183,19.0,9.0,165.0,0,10,10,0.0,0.0,19.0
2025,British Grand Prix,12,6,HAD,Isack Hadjar,Racing Bulls,18.0,17,0.0,Finished,2025-06-04,1.0,12.0,1.3333333333333333,1.0,0.0,0.0,10.2,2.8,0.8,0.0,0.0,11.1,1.9,0.0,0.0,0.0,10.0,8.0,10.4,10.58695652173913,8.0,0,7.0,1.9999999999999991,0.7719298245614035,0.0,0.0,3.0,5.0,12.590909090909092,31.0,1.0,6.0,12.333333333333334,12.590909090909092,-1.4545454545454546,5.9558985277393095,1.2990813108460169,19.0,10.0,183.0,0,11,11,0.0,0.0,19.0
2025,Belgian Grand Prix,13,6,HAD,Isack Hadjar,Racing Bulls,8.0,20,0.0,Finished,2025-06-18,-12.0,15.0,0.0,1.0,0.0,0.0,11.8,2.4,0.6,0.0,0.0,11.3,1.9,0.7,0.0,0.0,10.0,8.0,10.4,10.5,8.0,0,7.0,0.5000000000000006,0.0,0.0,0.0,2.0,5.0,13.083333333333334,31.0,1.0,6.0,14.333333333333334,13.083333333333334,-1.25,5.722761571129799,1.2653859384509538,19.0,10.0,201.0,0,12,12,0.0,0.0,19.0
2025,Hungarian Grand Prix,14,6,HAD,Isack Hadjar,Racing Bulls,11.0,11,0.0,Finished,2025-07-02,0.0,16.333333333333332,0.0,-1.3333333333333333,0.0,0.0,14.6,0.8,-1.6,0.0,0.0,12.5,1.5,-0.4,0.0,0.0,10.0,8.0,10.4,10.41304347826087,8.0,0,7.0,3.999999999999998,0.0,0.0,0.0,1.0,5.0,13.153846153846153,35.0,1.0,6.0,16.0,13.153846153846153,-2.076923076923077,6.237808622445579,1.3389887295102822,19.0,10.0,226.0,0,13,13,0.0,0.0,19.0
2025,Dutch Grand Prix,15,6,HAD,Isack Hadjar,Racing Bulls,4.0,3,15.0,Finished,2025-07-16,1.0,16.0,0.0,-3.6666666666666665,0.0,0.0,15.2,0.0,-1.8,0.0,0.0,12.0,1.5,-0.4,0.0,0.0,10.0,8.0,10.4,11.152173913043478,8.0,0,7.0,-2.9999999999999982,0.0,0.0,0.0,0.0,5.0,12.892857142857142,39.0,1.0,6.0,9.0,12.892857142857142,-1.9285714285714286,6.018743616841867,1.3088228678785954,19.0,13.0,244.0,0,14,14,0.0,0.0,19.0
2025,Italian Grand Prix,16,6,HAD,Isack Hadjar,Racing Bulls,19.0,10,1.0,Finished,2025-07-30,9.0,11.333333333333334,5.0,-3.6666666666666665,1.0,0.0,12.6,3.0,-0.6,1.0,0.0,11.3,2.9,-0.5,1.0,0.0,10.0,8.0,10.4,11.173913043478262,8.0,0,7.0,-8.5,2.2058823529411766,0.0,1.0,1.0,5.0,12.566666666666666,54.0,1.0,3.0,8.0,12.566666666666666,-1.7333333333333334,5.848890818738525,1.2615680100200224,34.0,10.0,254.0,0,15,15,1.0,0.0,34.0
2025,Azerbaijan Grand Prix,17,6,HAD,Isack Hadjar,Racing Bulls,8.0,10,1.0,Finished,2025-08-13,-2.0,8.0,5.333333333333333,3.3333333333333335,1.0,0.0,12.2,3.2,-0.2,1.0,0.0,11.2,3.0,0.3,1.0,0.0,10.0,8.0,10.4,11.478260869565217,8.0,0,7.0,-0.5000000000000009,2.438095238095238,0.0,1.0,2.0,5.0,12.53125,55.0,1.0,3.0,12.333333333333334,12.53125,-1.0625,6.255331059717516,1.213970009393771,35.0,9.0,268.0,0,16,16,1.0,0.0,35.0
2025,Singapore Grand Prix,18,6,HAD,Isack Hadjar,Racing Bulls,8.0,11,0.0,Finished,2025-08-27,-3.0,7.666666666666667,5.666666666666667,2.6666666666666665,1.0,0.0,10.8,3.4,-0.8,1.0,0.0,11.3,2.9,-0.1,1.0,0.0,10.0,8.0,10.4,10.266666666666667,8.0,0,7.0,3.5,2.675925925925926,0.0,1.0,3.0,5.0,12.235294117647058,66.0,1.0,3.0,9.666666666666666,12.235294117647058,-1.1176470588235294,6.060964784392585,1.2079194859653792,36.0,9.0,267.0,0,17,17,1.0,0.0,36.0
2025,United States Grand Prix,19,6,HAD,Isack Hadjar,Racing Bulls,19.0,16,0.0,Finished,2025-09-10,3.0,10.333333333333334,0.6666666666666666,1.3333333333333333,0.0,0.0,9.0,3.4,1.0,1.0,0.0,11.8,2.1,-0.3,1.0,0.0,10.0,8.0,10.4,10.76086956521739,8.0,0,7.0,0.4999999999999997,0.3333333333333333,0.0,1.0,3.0,5.0,12.277777777777779,66.0,1.0,3.0,10.333333333333334,12.277777777777779,-1.2222222222222223,5.896714494535526,1.2087140824240927,36.0,9.0,279.0,0,18,18,1.0,0.0,36.0
2025,Mexico City Grand Prix,20,6,HAD,Isack Hadjar,Racing Bulls,11.0,13,0.0,Finished,2025-09-24,-2.0,12.333333333333334,0.3333333333333333,-0.6666666666666666,0.0,0.0,10.0,3.4,1.6,1.0,0.0,12.6,1.7,-0.1,1.0,0.0,10.0,8.0,10.4,9.956521739130435,8.0,0,7.0,2.9999999999999987,0.17592592592592593,0.0,1.0,3.0,5.0,12.342105263157896,66.0,1.0,3.0,14.0,12.342105263157896,-1.0,5.811865258054231,1.187202814928088,36.0,10.0,289.0,0,19,19,1.0,0.0,36.0
2025,São Paulo Grand Prix,21,6,HAD,Isack Hadjar,Racing Bulls,6.0,8,4.0,Finished,2025-10-08,-2.0,13.333333333333334,0.0,-0.6666666666666666,0.0,0.0,12.0,0.4,1.0,0.0,0.0,12.3,1.7,0.2,1.0,0.0,10.0,8.0,10.4,10.608695652173912,8.0,0,7.0,1.0000000000000007,0.0,0.0,0.0,2.0,5.0,12.55,66.0,1.0,3.0,14.666666666666666,12.55,-1.05,5.661271941887265,1.18200934084835,36.0,10.0,309.0,0,20,20,1.0,0.0,36.0
2025,Las Vegas Grand Prix,22,6,HAD,Isack Hadjar,Racing Bulls,6.0,8,4.0,Finished,2025-10-22,-2.0,12.333333333333334,1.3333333333333333,-0.3333333333333333,0.0,0.0,11.6,1.0,-1.2,0.0,0.0,11.9,2.1,-0.7,1.0,0.0,10.0,8.0,10.4,10.565217391304348,8.0,0,7.0,-4.000000000000002,0.7,0.0,0.0,2.0,5.0,12.30952380952381,76.0,1.0,3.0,11.666666666666666,12.30952380952381,-1.0952380952380953,5.521818196072394,1.1801449504678163,40.0,10.0,330.0,0,21,21,1.0,0.0,40.0
2025,Qatar Grand Prix,23,6,HAD,Isack Hadjar,Racing Bulls,8.0,18,0.0,Finished,2025-11-05,-10.0,9.666666666666666,2.6666666666666665,-2.0,0.0,0.0,11.2,1.6,-1.2,0.0,0.0,11.0,2.5,-1.0,1.0,0.0,10.0,8.0,10.4,10.28888888888889,8.0,0,7.0,-2.5000000000000004,1.3333333333333333,0.0,0.0,2.0,5.0,12.295454545454545,80.0,1.0,3.0,10.333333333333334,12.295454545454545,-1.1363636363636365,5.392194133723078,1.1784500501218766,44.0,9.0,344.0,0,22,22,1.0,0.0,44.0
2025,Abu Dhabi Grand Prix,24,6,HAD,Isack Hadjar,Racing Bulls,8.0,17,0.0,Finished,2025-11-19,-9.0,11.333333333333334,2.6666666666666665,-4.666666666666667,0.0,0.0,12.6,1.6,-2.6,0.0,0.0,10.8,2.5,-0.8,1.0,0.0,10.0,8.0,10.4,10.043478260869565,8.0,0,7.0,4.999999999999997,1.3939393939393938,0.0,0.0,2.0,5.0,12.347826086956522,82.0,1.0,3.0,14.333333333333334,12.347826086956522,-1.5217391304347827,5.583006401062809,1.214169613160056,44.0,10.0,356.0,0,23,23,1.0,0.0,44.0
2023,Bahrain Grand Prix,1,44,HAM,Lewis Hamilton,Mercedes,5.0,5,10.0,Finished,2023-01-01,0.0,11.333333333333334,2.0,0.3333333333333333,0.0,0.0,11.4,2.2,0.2,0.0,0.0,11.5,2.0,0.1,0.0,0.0,10.0,8.0,10.4,11.210526315789474,8.0,0,7.0,-5.909437655256903e-17,0.864957264957265,0.0,0.0,2.0,5.0,11.722222222222221,0.0,1.0,5.0,11.0,11.511904761904763,0.0,0.0,1.013313220561811,0.0,1.0,0.0,1,0,0,0.0,0.0,0.0
2023,Saudi Arabian Grand Prix,2,44,HAM,Lewis Hamilton,Mercedes,7.0,5,10.0,Finished,2023-01-15,2.0,5.0,10.0,0.0,0.0,0.0,5.0,10.0,0.0,0.0,0.0,5.0,10.0,0.0,0.0,0.0,10.0,8.0,10.4,11.5,8.0,0,7.0,-5.909437655256903e-17,1.0,0.0,0.0,1.0,1.0,6.0,16.0,1.0,5.0,6.0,6.0,0.0,0.0,0.8333333333333334,10.0,5.0,15.0,0,1,1,0.0,0.0,10.0
2023,Australian Grand Prix,3,44,HAM,Lewis Hamilton,Mercedes,3.0,2,18.0,Finished,2023-01-29,1.0,5.0,10.0,1.0,0.0,0.0,5.0,10.0,1.0,0.0,0.0,5.0,10.0,1.0,0.0,0.0,10.0,8.0,10.4,10.052631578947368,8.0,0,7.0,-1.0721261933235726e-15,1.0,0.0,0.0,2.0,2.0,5.25,38.0,1.0,4.0,5.333333333333333,5.25,1.0,1.4142135623730951,0.7291666666666667,20.0,4.0,23.0,0,2,2,0.0,0.0,20.0
2023,Azerbaijan Grand Prix,4,44,HAM,Lewis Hamilton,Mercedes,5.0,6,8.0,Finished,2023-02-12,-1.0,4.0,12.666666666666666,1.0,1.0,0.0,4.0,12.666666666666666,1.0,1.0,0.0,4.0,12.666666666666666,1.0,1.0,0.0,10.0,8.0,10.4,12.18421052631579,8.0,0,7.0,-1.5000000000000002,1.0,0.0,1.0,3.0,3.0,6.833333333333333,56.0,1.0,2.0,8.0,6.833333333333333,1.0,1.0,0.6527777777777778,38.0,4.0,30.0,0,3,3,1.0,0.0,38.0
2023,Miami Grand Prix,5,44,HAM,Lewis Hamilton,Mercedes,13.0,6,8.0,Finished,2023-02-26,7.0,4.333333333333333,12.0,0.6666666666666666,1.0,0.0,4.5,11.5,0.5,1.0,0.0,4.5,11.5,0.5,1.0,0.0,10.0,8.0,10.4,11.447368421052632,8.0,0,7.0,0.4999999999999992,1.0434782608695652,0.0,1.0,4.0,4.0,6.875,68.0,1.0,2.0,10.666666666666666,6.875,0.5,1.2909944487358056,0.7395833333333334,46.0,4.0,40.0,0,4,4,1.0,0.0,46.0
2023,Monaco Grand Prix,6,44,HAM,Lewis Hamilton,Mercedes,5.0,4,12.0,Finished,2023-03-12,1.0,4.666666666666667,11.333333333333334,2.3333333333333335,1.0,0.0,4.8,10.8,1.8,1.0,0.0,4.8,10.8,1.8,1.0,0.0,10.0,8.0,10.4,10.68421052631579,8.0,0,7.0,2.0000000000000004,1.0493827160493827,0.0,1.0,5.0,5.0,6.5,88.0,1.0,2.0,6.0,6.5,1.8,3.1144823004794877,0.6773809523809524,54.0,4.0,57.0,0,5,5,1.0,0.0,54.0
2023,Spanish Grand Prix,7,44,HAM,Lewis Hamilton,Mercedes,4.0,2,18.0,Finished,2023-03-26,2.0,5.333333333333333,9.333333333333334,2.3333333333333335,0.0,0.0,4.6,11.2,2.0,1.0,0.0,4.666666666666667,11.0,1.6666666666666667,1.0,0.0,10.0,8.0,10.4,10.324324324324325,8.0,0,7.0,-1.0,0.8484848484848485,0.0,1.0,5.0,5.0,6.166666666666667,110.0,1.0,2.0,4.333333333333333,6.166666666666667,1.6666666666666667,2.8047578623950176,0.6755952380952381,66.0,4.0,70.0,0,6,6,1.0,0.0,66.0
2023,Canadian Grand Prix,8,44,HAM,Lewis Hamilton,Mercedes,2.0,3,15.0,Finished,2023-04-09,-1.0,4.0,12.666666666666666,3.3333333333333335,1.0,0.0,4.0,12.8,2.0,2.0,0.0,4.285714285714286,12.0,1.7142857142857142,2.0,0.0,10.0,8.0,10.4,10.68421052631579,8.0,0,7.0,-2.0,1.0555555555555556,0.0,2.0,5.0,5.0,5.642857142857143,143.0,1.0,2.0,3.3333333333333335,5.642857142857143,1.7142857142857142,2.563479777846623,0.6362244897959183,84.0,4.0,77.0,0,7,7,2.0,0.0,84.0
2023,Austrian Grand Prix,9,44,HAM,Lewis Hamilton,Mercedes,4.0,7,6.0,Finished,2023-04-23,-3.0,3.0,15.0,0.6666666666666666,2.0,0.0,4.2,12.2,1.6,2.0,0.0,4.125,12.375,1.375,3.0,0.0,10.0,8.0,10.4,10.526315789473685,8.0,0,7.0,-0.4999999999999998,1.2121212121212122,0.0,2.0,5.0,5.0,6.3125,158.0,1.0,2.0,8.333333333333334,6.3125,1.375,2.559994419636775,0.6816964285714286,99.0,4.0,87.0,0,8,8,3.0,0.0,99.0
2023,British Grand Prix,10,44,HAM,Lewis Hamilton,Mercedes,8.0,3,15.0,Finished,2023-05-07,5.0,4.0,13.0,-0.6666666666666666,2.0,0.0,4.4,11.8,1.2,2.0,0.0,4.444444444444445,11.666666666666666,0.8888888888888888,3.0,0.0,10.0,8.0,10.4,10.789473684210526,8.0,0,7.0,2.4999999999999987,1.1142857142857143,0.0,2.0,5.0,5.0,6.444444444444445,168.0,1.0,2.0,11.333333333333334,6.444444444444445,0.8888888888888888,2.8037673068767868,0.7615079365079365,105.0,4.0,106.0,0,9,9,3.0,0.0,105.0
2023,Hungarian Grand Prix,11,44,HAM,Lewis Hamilton,Mercedes,4.0,4,12.0,Finished,2023-05-21,0.0,4.333333333333333,12.0,0.3333333333333333,2.0,0.0,3.8,13.2,0.8,3.0,0.0,4.3,12.0,1.3,4.0,0.0,10.0,8.0,10.4,11.131578947368421,8.0,0,7.0,6.279417645217671e-16,1.0,0.0,3.0,5.0,5.0,6.2,193.0,1.0,2.0,5.333333333333333,6.2,1.3,2.94580681270476,0.7186904761904762,120.0,4.0,116.0,0,10,10,4.0,0.0,120.0
2023,Belgian Grand Prix,12,44,HAM,Lewis Hamilton,Mercedes,4.0,4,12.0,Finished,2023-06-04,0.0,4.666666666666667,11.0,0.6666666666666666,1.0,0.0,3.8,13.2,0.6,3.0,0.0,4.2,12.2,1.3,4.0,0.0,10.0,8.0,10.4,11.078947368421053,8.0,0,7.0,-1.5000000000000007,0.9166666666666666,0.0,3.0,5.0,5.0,6.136363636363637,211.0,1.0,2.0,5.333333333333333,6.136363636363637,1.1818181818181819,2.8219915598095544,0.7260822510822511,132.0,3.0,129.0,1,11,11,4.0,0.0,132.0
2023,Dutch Grand Prix,13,44,HAM,Lewis Hamilton,Mercedes,11.0,6,8.0,Finished,2023-06-18,5.0,3.6666666666666665,13.0,1.6666666666666667,1.0,0.0,4.2,12.0,0.2,2.0,0.0,4.1,12.4,1.1,4.0,0.0,10.0,8.0,10.4,11.447368421052632,8.0,0,7.0,0.5000000000000001,1.0833333333333333,0.0,2.0,5.0,5.0,6.041666666666667,231.0,1.0,2.0,5.666666666666667,6.041666666666667,1.0833333333333333,2.7122058561364044,0.7322420634920634,144.0,3.0,142.0,1,12,12,4.0,0.0,144.0
2023,Italian Grand Prix,14,44,HAM,Lewis Hamilton,Mercedes,10.0,6,8.0,Finished,2023-07-02,4.0,4.666666666666667,10.666666666666666,1.6666666666666667,0.0,0.0,4.8,10.6,1.4,1.0,0.0,4.5,11.4,1.5,3.0,0.0,10.0,8.0,10.4,11.736842105263158,8.0,0,7.0,1.0,0.9122807017543859,0.0,1.0,5.0,5.0,6.461538461538462,239.0,1.0,2.0,9.666666666666666,6.461538461538462,1.3846153846153846,2.8147960713126134,0.7143772893772893,152.0,4.0,159.0,0,13,13,4.0,0.0,152.0
2023,Singapore Grand Prix,15,44,HAM,Lewis Hamilton,Mercedes,4.0,3,15.0,Finished,2023-07-16,1.0,5.333333333333333,9.333333333333334,3.0,0.0,0.0,4.6,11.0,2.8,1.0,0.0,4.5,11.4,2.0,3.0,0.0,10.0,8.0,10.4,10.945945945945946,8.0,0,7.0,1.0,0.8166666666666667,0.0,1.0,5.0,5.0,6.392857142857143,257.0,1.0,2.0,9.333333333333334,6.392857142857143,1.5714285714285714,2.793241450751761,0.7023113790970934,160.0,3.0,176.0,1,14,14,4.0,0.0,160.0
2023,Japanese Grand Prix,16,44,HAM,Lewis Hamilton,Mercedes,8.0,5,10.0,Finished,2023-07-30,3.0,5.0,10.333333333333334,3.3333333333333335,1.0,0.0,4.6,11.0,2.0,1.0,0.0,4.2,12.1,1.4,4.0,0.0,10.0,8.0,10.4,10.736842105263158,8.0,0,7.0,-1.4999999999999996,0.8857142857142858,0.0,1.0,5.0,5.0,6.333333333333333,276.0,1.0,2.0,5.333333333333333,6.333333333333333,1.5333333333333334,2.6956755492207636,0.6954906204906205,175.0,3.0,171.0,1,15,15,5.0,0.0,175.0
2023,Qatar Grand Prix,17,44,HAM,Lewis Hamilton,Mercedes,2.0,19,0.0,Finished,2023-08-13,-17.0,4.666666666666667,11.0,2.6666666666666665,1.0,0.0,4.8,10.6,2.6,1.0,0.0,4.3,11.9,1.6,4.0,0.0,10.0,8.0,10.4,10.432432432432432,8.0,0,7.0,-0.5000000000000001,0.9513513513513514,0.0,1.0,5.0,5.0,6.3125,292.0,1.0,2.0,6.666666666666667,6.3125,1.625,2.629955639676583,0.6867446789321789,185.0,3.0,186.0,1,16,16,5.0,0.0,185.0
2023,United States Grand Prix,18,44,HAM,Lewis Hamilton,Mercedes,4.0,2,18.0,Finished,2023-08-27,2.0,9.0,8.333333333333334,-4.333333333333333,1.0,0.0,7.8,8.2,-0.8,1.0,0.0,6.0,10.1,-0.3,3.0,0.0,10.0,8.0,10.4,11.0,8.0,0,7.0,7.9999999999999964,0.7657657657657658,0.0,1.0,4.0,5.0,6.617647058823529,304.0,1.0,2.0,10.0,6.617647058823529,0.5294117647058824,5.185528505596411,1.018896952720482,185.0,3.0,211.0,1,17,17,5.0,0.0,185.0
2023,Mexico City Grand Prix,19,44,HAM,Lewis Hamilton,Mercedes,5.0,2,18.0,Finished,2023-09-10,3.0,8.666666666666666,9.333333333333334,-4.0,1.0,0.0,7.0,10.2,-1.4,2.0,0.0,5.9,10.4,0.0,3.0,0.0,10.0,8.0,10.4,10.31578947368421,8.0,0,7.0,-1.4999999999999967,0.8275862068965517,0.0,2.0,4.0,5.0,6.5,328.0,1.0,2.0,4.333333333333333,6.5,0.6111111111111112,5.042628736597946,0.9845137886804554,203.0,3.0,218.0,1,18,18,6.0,0.0,203.0
2023,São Paulo Grand Prix,20,44,HAM,Lewis Hamilton,Mercedes,6.0,8,4.0,Finished,2023-09-24,-2.0,7.666666666666667,12.0,-4.0,2.0,0.0,6.2,12.2,-1.6,3.0,0.0,5.4,11.6,0.6,4.0,0.0,10.0,8.0,10.4,11.263157894736842,8.0,0,7.0,-8.5,1.0316742081447963,0.0,3.0,4.0,5.0,6.368421052631579,354.0,1.0,2.0,5.0,6.368421052631579,0.7368421052631579,4.931104285419668,0.95024113313587,221.0,2.0,225.0,1,19,19,7.0,0.0,221.0
2023,Las Vegas Grand Prix,21,44,HAM,Lewis Hamilton,Mercedes,15.0,8,4.0,Finished,2023-10-08,7.0,4.0,13.333333333333334,1.0,2.0,0.0,7.2,10.0,-2.2,2.0,0.0,5.9,10.5,-0.1,3.0,0.0,10.0,8.0,10.4,11.552631578947368,8.0,0,7.0,2.9999999999999996,1.1851851851851853,0.0,2.0,4.0,5.0,6.625,358.0,1.0,2.0,9.666666666666666,6.625,0.6,4.8384425506343955,0.9598719336219336,225.0,3.0,246.0,1,20,20,7.0,0.0,225.0
2023,Abu Dhabi Grand Prix,22,44,HAM,Lewis Hamilton,Mercedes,9.0,9,2.0,Finished,2023-10-22,0.0,6.0,8.666666666666666,2.6666666666666665,1.0,0.0,7.8,8.8,-1.4,2.0,0.0,6.3,9.7,0.6,3.0,0.0,10.0,8.0,10.4,10.263157894736842,8.0,0,7.0,3.0,0.7947598253275109,0.0,2.0,4.0,5.0,6.595238095238095,374.0,1.0,2.0,9.0,6.595238095238095,0.9047619047619048,4.918381460447756,0.9379732701161272,229.0,3.0,267.0,1,21,21,7.0,0.0,229.0
2024,Bahrain Grand Prix,1,44,HAM,Lewis Hamilton,Mercedes,9.0,7,6.0,Finished,2024-01-01,2.0,8.333333333333334,3.3333333333333335,1.6666666666666667,0.0,0.0,5.8,9.2,2.0,2.0,0.0,6.8,8.7,0.6,3.0,0.0,5.0,5.0,6.0,10.95,5.0,1,5.0,0.4999999999999992,0.3174603174603175,0.0,2.0,5.0,5.0,11.722222222222221,0.0,1.0,5.0,5.666666666666667,6.590909090909091,0.8636363636363636,4.803723303413466,0.9362472123835761,0.0,1.0,0.0,1,22,22,7.0,0.0,231.0
2024,Saudi Arabian Grand Prix,2,44,HAM,Lewis Hamilton,Mercedes,8.0,9,2.0,Finished,2024-01-15,-1.0,8.0,4.0,3.0,0.0,0.0,6.8,6.8,2.0,1.0,0.0,6.9,8.5,0.3,3.0,0.0,5.0,5.0,4.5,11.15,5.0,1,4.0,-0.4999999999999996,0.3881856540084388,0.0,1.0,5.0,5.0,6.0,16.0,1.0,5.0,5.333333333333333,6.565217391304348,0.9130434782608695,4.699255680697654,0.9259755944538554,6.0,6.0,19.0,0,23,23,7.0,0.0,237.0
2024,Australian Grand Prix,3,44,HAM,Lewis Hamilton,Mercedes,10.0,18,0.0,Finished,2024-01-29,-8.0,8.333333333333334,3.3333333333333335,0.3333333333333333,0.0,0.0,8.2,3.6,1.2,0.0,0.0,7.2,7.9,-0.2,3.0,0.0,2.0,2.0,10.0,10.05,2.0,1,2.0,-2.0257433706129653e-15,0.33472803347280333,0.0,0.0,5.0,5.0,6.75,26.0,1.0,5.0,6.666666666666667,6.604166666666667,0.8333333333333334,4.612522338031609,0.9290599446849447,8.0,9.0,42.0,0,24,24,7.0,0.0,239.0
2024,Japanese Grand Prix,4,44,HAM,Lewis Hamilton,Mercedes,9.0,9,2.0,Finished,2024-02-12,0.0,11.333333333333334,2.6666666666666665,-2.3333333333333335,0.0,0.0,10.2,2.8,0.0,0.0,0.0,8.7,6.4,-1.1,2.0,0.0,5.0,5.0,6.0,10.5,5.0,1,5.0,5.499999999999998,0.27894002789400274,0.0,0.0,4.0,5.0,9.5,26.0,1.0,5.0,12.0,6.94,0.48,4.848711168960263,0.9573520923520924,8.0,9.0,42.0,0,25,25,7.0,0.0,239.0
2024,Chinese Grand Prix,5,44,HAM,Lewis Hamilton,Mercedes,19.0,9,2.0,Finished,2024-02-26,10.0,12.0,1.3333333333333333,-3.0,0.0,0.0,10.4,2.4,-1.4,0.0,0.0,9.1,5.6,-1.4,2.0,0.0,10.0,8.0,10.4,10.333333333333334,8.0,0,7.0,2.5167003009449623e-15,0.14384508990318118,0.0,0.0,4.0,5.0,9.125,34.0,1.0,5.0,9.333333333333334,6.980769230769231,0.46153846153846156,4.751679864896365,0.9551462426462426,10.0,9.0,65.0,0,26,26,7.0,0.0,241.0
2024,Miami Grand Prix,6,44,HAM,Lewis Hamilton,Mercedes,7.0,6,8.0,Finished,2024-03-11,1.0,12.0,1.3333333333333333,0.6666666666666666,0.0,0.0,10.4,2.4,0.6,0.0,0.0,8.1,5.8,1.3,2.0,0.0,6.0,6.0,5.0,11.125,6.0,1,4.0,-4.5,0.14814814814814814,0.0,0.0,4.0,5.0,8.8,44.0,1.0,5.0,7.333333333333333,7.0,0.8148148148148148,5.007970854525022,0.9364371225482336,12.0,9.0,88.0,0,27,27,7.0,0.0,243.0
2024,Emilia Romagna Grand Prix,7,44,HAM,Lewis Hamilton,Mercedes,7.0,6,8.0,Finished,2024-03-25,1.0,8.0,4.0,3.6666666666666665,0.0,0.0,10.2,2.8,0.4,0.0,0.0,8.5,4.8,1.2,1.0,0.0,10.0,8.0,10.4,11.041666666666666,8.0,0,7.0,-1.4999999999999991,0.4462151394422311,0.0,0.0,4.0,5.0,8.5,56.0,1.0,5.0,6.666666666666667,7.0,0.8214285714285714,4.914480277925266,0.9297786538857967,20.0,9.0,98.0,0,28,28,7.0,0.0,251.0
2024,Monaco Grand Prix,8,44,HAM,Lewis Hamilton,Mercedes,11.0,7,6.0,Finished,2024-04-08,4.0,7.0,6.0,4.0,0.0,0.0,9.6,4.0,0.8,0.0,0.0,8.9,3.8,1.0,0.0,0.0,4.0,4.0,4.5,10.375,4.0,1,4.0,-1.500000000000002,0.6718146718146718,0.0,0.0,4.0,5.0,8.214285714285714,70.0,1.0,5.0,7.0,6.982758620689655,0.8275862068965517,4.826037753073288,0.9235793899587003,28.0,9.0,115.0,0,29,29,7.0,0.0,259.0
2024,Canadian Grand Prix,9,44,HAM,Lewis Hamilton,Mercedes,6.0,4,12.0,Finished,2024-04-22,2.0,6.333333333333333,7.333333333333333,2.0,0.0,0.0,7.4,5.2,3.2,0.0,0.0,8.8,4.0,1.6,0.0,0.0,3.0,3.0,11.0,10.7,3.0,1,3.0,0.4999999999999998,0.830188679245283,0.0,0.0,5.0,5.0,7.9375,86.0,1.0,5.0,6.333333333333333,6.95,0.9333333333333333,4.77734115442336,0.9122378547378548,34.0,9.0,117.0,0,30,30,7.0,0.0,265.0
2024,Spanish Grand Prix,10,44,HAM,Lewis Hamilton,Mercedes,4.0,3,15.0,Finished,2024-05-06,1.0,5.666666666666667,8.666666666666666,2.3333333333333335,0.0,0.0,6.4,7.2,3.6,0.0,0.0,8.4,4.8,1.1,0.0,0.0,2.0,2.0,2.5,9.923076923076923,2.0,1,2.0,-0.9999999999999994,0.9699157641395908,0.0,0.0,5.0,5.0,7.444444444444445,113.0,1.0,3.0,4.0,6.838709677419355,0.967741935483871,4.700949343609522,0.9012440068891682,46.0,8.0,130.0,0,31,31,7.0,0.0,277.0
2024,Austrian Grand Prix,11,44,HAM,Lewis Hamilton,Mercedes,4.0,4,12.0,Finished,2024-05-20,0.0,4.666666666666667,11.0,2.3333333333333335,1.0,0.0,5.2,9.8,1.8,1.0,0.0,7.8,6.1,1.2,1.0,0.0,7.0,7.0,7.5,10.375,7.0,1,7.0,-2.0000000000000004,1.2054794520547945,0.0,1.0,5.0,5.0,7.05,140.0,1.0,3.0,3.3333333333333335,6.734375,0.96875,4.624509564232452,0.8918301316738817,61.0,8.0,140.0,0,32,32,8.0,0.0,292.0
2024,British Grand Prix,12,44,HAM,Lewis Hamilton,Mercedes,3.0,1,25.0,Finished,2024-06-03,2.0,3.6666666666666665,13.0,1.0,1.0,0.0,4.8,10.6,1.6,1.0,0.0,7.5,6.7,1.0,1.0,0.0,3.0,3.0,4.0,10.45,3.0,1,3.0,-7.857552576491095e-16,1.4111842105263157,0.0,1.0,5.0,5.0,6.636363636363637,177.0,1.0,1.0,3.0,6.606060606060606,0.9393939393939394,4.554800996883631,0.8890474004110368,73.0,8.0,138.0,0,33,33,8.0,0.0,304.0
2024,Hungarian Grand Prix,13,44,HAM,Lewis Hamilton,Mercedes,4.0,3,15.0,Finished,2024-06-17,1.0,2.6666666666666665,17.333333333333332,1.0,2.0,0.0,3.8,14.0,1.8,2.0,0.0,6.7,9.0,1.3,2.0,0.0,4.0,4.0,5.5,10.85,4.0,1,4.0,-0.9999999999999996,1.7912867274569402,1.0,2.0,5.0,5.0,6.916666666666667,202.0,1.0,1.0,7.0,6.705882352941177,0.9705882352941176,4.488944629411016,0.8702518886342416,98.0,8.0,131.0,0,34,34,9.0,1.0,329.0
2024,Belgian Grand Prix,14,44,HAM,Lewis Hamilton,Mercedes,2.0,2,18.0,Finished,2024-07-01,0.0,2.6666666666666665,17.333333333333332,1.0,2.0,0.0,3.0,15.8,1.2,3.0,0.0,5.2,10.5,2.2,3.0,0.0,4.0,4.0,5.0,10.775,4.0,1,4.0,-0.5000000000000006,1.763565891472868,1.0,3.0,5.0,5.0,6.8076923076923075,221.0,1.0,1.0,10.0,6.671428571428572,0.9714285714285714,4.42244086373999,0.8625304061018346,113.0,6.0,126.0,0,35,35,10.0,1.0,344.0
2024,Dutch Grand Prix,15,44,HAM,Lewis Hamilton,Mercedes,13.0,8,4.0,Finished,2024-07-15,5.0,2.0,19.333333333333332,1.0,3.0,0.0,2.6,17.0,0.8,4.0,0.0,4.5,12.1,2.2,4.0,0.0,6.0,6.0,11.5,11.45,6.0,1,6.0,0.5000000000000002,1.9226519337016574,1.0,4.0,5.0,5.0,6.428571428571429,264.0,1.0,1.0,3.6666666666666665,6.527777777777778,0.9444444444444444,4.361811186353305,0.85708974667308,131.0,7.0,118.0,0,36,36,11.0,1.0,362.0
2024,Italian Grand Prix,16,44,HAM,Lewis Hamilton,Mercedes,5.0,5,10.0,Finished,2024-07-29,0.0,4.333333333333333,12.333333333333334,2.0,2.0,0.0,3.6,14.8,1.6,3.0,0.0,4.4,12.3,1.7,4.0,0.0,6.0,6.0,5.5,11.425,6.0,1,5.0,2.4999999999999987,1.2468123861566487,1.0,3.0,5.0,5.0,6.5,274.0,1.0,1.0,5.333333333333333,6.554054054054054,1.054054054054054,4.352176632610565,0.8493691743691744,135.0,7.0,132.0,0,37,37,11.0,1.0,366.0
2024,Azerbaijan Grand Prix,17,44,HAM,Lewis Hamilton,Mercedes,17.0,9,2.0,Finished,2024-08-12,8.0,5.0,10.666666666666666,1.6666666666666667,1.0,0.0,3.8,14.4,1.6,3.0,0.0,4.3,12.5,1.6,4.0,0.0,6.0,6.0,7.0,11.925,6.0,1,6.0,1.5000000000000009,1.078014184397163,1.0,3.0,5.0,5.0,6.46875,290.0,1.0,1.0,6.333333333333333,6.5394736842105265,1.0263157894736843,4.296364535500463,0.8489471785524416,145.0,6.0,130.0,0,38,38,11.0,1.0,376.0
2024,Singapore Grand Prix,18,44,HAM,Lewis Hamilton,Mercedes,3.0,6,8.0,Finished,2024-08-26,-3.0,7.333333333333333,5.333333333333333,4.333333333333333,0.0,0.0,5.4,9.8,2.8,2.0,0.0,4.6,11.9,2.3,4.0,0.0,3.0,3.0,5.5,10.666666666666666,3.0,1,3.0,0.49999999999999883,0.5502645502645502,0.0,2.0,5.0,5.0,6.4411764705882355,307.0,1.0,1.0,6.333333333333333,6.5256410256410255,1.205128205128205,4.384058965096921,0.8399998149998149,147.0,7.0,138.0,0,39,39,11.0,1.0,378.0
2024,United States Grand Prix,19,44,HAM,Lewis Hamilton,Mercedes,12.0,20,0.0,Finished,2024-09-09,-8.0,6.666666666666667,6.666666666666667,1.6666666666666667,0.0,0.0,6.0,8.4,2.0,1.0,0.0,4.5,12.1,1.6,4.0,0.0,2.0,2.0,4.5,10.675,2.0,1,2.0,0.5000000000000011,0.690846286701209,0.0,1.0,5.0,5.0,6.361111111111111,327.0,1.0,1.0,4.333333333333333,6.4875,1.1,4.378268010210289,0.8564998196248196,155.0,7.0,148.0,0,40,40,11.0,1.0,386.0
2024,Mexico City Grand Prix,20,44,HAM,Lewis Hamilton,Mercedes,7.0,4,12.0,Finished,2024-09-23,3.0,11.666666666666666,3.3333333333333335,-1.0,0.0,0.0,9.6,4.8,0.4,0.0,0.0,6.1,10.9,0.6,4.0,0.0,2.0,2.0,4.0,10.0,2.0,1,2.0,5.499999999999997,0.35405872193436966,0.0,0.0,4.0,5.0,6.7105263157894735,335.0,1.0,1.0,10.0,6.646341463414634,0.8780487804878049,4.550797303501988,0.8731330322793737,155.0,7.0,160.0,0,41,41,11.0,1.0,386.0
2024,São Paulo Grand Prix,21,44,HAM,Lewis Hamilton,Mercedes,11.0,10,1.0,Finished,2024-10-07,1.0,10.0,6.666666666666667,-2.6666666666666665,0.0,0.0,8.8,6.4,0.0,0.0,0.0,6.2,10.6,0.8,3.0,0.0,8.0,8.0,11.5,11.275,8.0,1,8.0,-0.9999999999999974,0.7035175879396985,0.0,0.0,4.0,5.0,6.6,357.0,1.0,1.0,5.0,6.595238095238095,0.9285714285714286,4.506866615498562,0.8642489124631981,167.0,7.0,156.0,0,42,42,11.0,1.0,398.0
2024,Las Vegas Grand Prix,22,44,HAM,Lewis Hamilton,Mercedes,10.0,2,18.0,Finished,2024-10-21,8.0,11.333333333333334,4.333333333333333,-1.3333333333333333,0.0,0.0,9.8,4.6,0.2,0.0,0.0,6.8,9.5,0.9,3.0,0.0,8.0,8.0,6.0,11.275,8.0,1,4.0,-5.000000000000002,0.46700083542188797,0.0,0.0,4.0,5.0,6.619047619047619,370.0,1.0,1.0,6.333333333333333,6.604651162790698,0.9302325581395349,4.4529035409077755,0.8635299455066897,168.0,7.0,180.0,0,43,43,11.0,1.0,399.0
2024,Qatar Grand Prix,23,44,HAM,Lewis Hamilton,Mercedes,11.0,12,0.0,Finished,2024-11-04,-1.0,5.333333333333333,10.333333333333334,4.0,1.0,0.0,8.4,7.8,0.2,1.0,0.0,6.9,8.8,1.5,3.0,0.0,19.0,19.0,11.5,10.487179487179487,19.0,1,4.0,-0.9999999999999982,1.0903277378097522,0.0,1.0,4.0,5.0,6.386363636363637,413.0,1.0,1.0,2.3333333333333335,6.488636363636363,1.0909090909090908,4.528042761211215,0.8480364963319509,186.0,7.0,172.0,0,44,44,12.0,1.0,417.0
2024,Abu Dhabi Grand Prix,24,44,HAM,Lewis Hamilton,Mercedes,13.0,4,12.0,Finished,2024-11-18,9.0,8.0,6.333333333333333,2.6666666666666665,1.0,0.0,9.6,6.2,0.6,1.0,0.0,7.8,7.3,1.3,2.0,0.0,9.0,9.0,6.5,10.075,9.0,1,4.0,0.999999999999997,0.6834532374100718,0.0,1.0,3.0,5.0,6.456521739130435,425.0,1.0,1.0,5.666666666666667,6.522222222222222,1.0444444444444445,4.48713086886748,0.8514134630801298,186.0,7.0,197.0,0,45,45,12.0,1.0,417.0
2025,Australian Grand Prix,1,44,HAM,Lewis Hamilton,Ferrari,11.0,10,1.0,Finished,2025-01-01,1.0,6.0,10.0,5.333333333333333,1.0,0.0,6.4,8.6,4.0,1.0,0.0,8.0,6.7,2.2,1.0,0.0,10.0,2.0,6.75,10.3,2.0,2,1.0,1.0000000000000018,1.0722610722610724,0.0,1.0,4.0,5.0,11.722222222222221,0.0,1.0,5.0,3.6666666666666665,6.043956043956044,1.2173913043478262,4.589422832161703,0.8391156548765244,0.0,1.0,0.0,1,46,0,12.0,1.0,429.0
2025,Chinese Grand Prix,2,44,HAM,Lewis Hamilton,Ferrari,4.0,6,8.0,Finished,2025-01-15,-2.0,8.666666666666666,4.333333333333333,3.0,0.0,0.0,7.6,6.4,3.6,1.0,0.0,8.2,6.4,1.8,1.0,0.0,9.0,9.0,4.5,11.3,9.0,1,4.0,-1.0000000000000022,0.47364341085271316,0.0,1.0,4.0,5.0,9.0,5.0,1.0,8.0,6.666666666666667,6.10752688172043,1.2127659574468086,4.539374455146138,0.8389926267585842,1.0,10.0,24.0,0,47,1,12.0,1.0,430.0
2025,Japanese Grand Prix,3,44,HAM,Lewis Hamilton,Ferrari,8.0,7,6.0,Finished,2025-01-29,1.0,6.666666666666667,7.0,2.6666666666666665,0.0,0.0,6.8,7.8,3.0,1.0,0.0,8.3,6.2,1.6,1.0,0.0,7.0,5.0,4.25,11.3,5.0,2,3.0,1.0000000000000009,0.7671232876712328,0.0,1.0,4.0,5.0,7.25,23.0,1.0,5.0,6.333333333333333,6.094736842105263,1.1458333333333333,4.514702145323975,0.8465136137011138,9.0,8.0,34.0,0,48,2,12.0,1.0,438.0
2025,Bahrain Grand Prix,4,44,HAM,Lewis Hamilton,Ferrari,9.0,5,10.0,Finished,2025-02-12,4.0,7.666666666666667,5.0,0.0,0.0,0.0,7.8,5.4,1.6,0.0,0.0,8.1,6.6,0.9,1.0,0.0,6.0,5.0,7.5,11.25,5.0,2,3.0,-1.500000000000001,0.5518018018018018,0.0,0.0,4.0,5.0,6.666666666666667,41.0,1.0,4.0,5.333333333333333,6.082474226804123,1.1428571428571428,4.467475051226736,0.845110841539413,15.0,7.0,46.0,0,49,3,12.0,1.0,444.0
2025,Saudi Arabian Grand Prix,5,44,HAM,Lewis Hamilton,Ferrari,7.0,7,6.0,Finished,2025-02-26,0.0,6.0,8.0,1.0,0.0,0.0,6.4,7.4,2.6,0.0,0.0,8.0,6.8,1.6,1.0,0.0,7.0,5.0,5.75,12.0,5.0,2,3.0,-0.4999999999999996,0.8810572687224669,0.0,0.0,5.0,5.0,6.125,63.0,1.0,4.0,4.333333333333333,6.05050505050505,1.2,4.440077219405729,0.8382086247086247,25.0,6.0,54.0,0,50,4,12.0,1.0,454.0
2025,Miami Grand Prix,6,44,HAM,Lewis Hamilton,Ferrari,13.0,8,4.0,Finished,2025-03-12,5.0,6.333333333333333,7.333333333333333,1.6666666666666667,0.0,0.0,7.0,6.2,0.8,0.0,0.0,6.7,7.4,2.4,1.0,0.0,6.0,6.0,4.75,10.85,6.0,2,3.0,-6.236939886253485e-16,0.8130434782608695,0.0,0.0,5.0,5.0,5.9,84.0,1.0,3.0,4.666666666666667,6.02970297029703,1.1764705882352942,4.398662898440575,0.8389300242241419,31.0,7.0,61.0,0,51,5,12.0,1.0,460.0
2025,Emilia Romagna Grand Prix,7,44,HAM,Lewis Hamilton,Ferrari,13.0,4,12.0,Finished,2025-03-26,9.0,6.666666666666667,6.666666666666667,3.0,0.0,0.0,6.6,6.8,1.6,0.0,0.0,7.1,6.6,2.6,1.0,0.0,6.0,6.0,4.0,12.1,6.0,1,3.0,1.4999999999999998,0.7471264367816092,0.0,0.0,5.0,5.0,6.166666666666667,94.0,1.0,3.0,6.0,6.058252427184466,1.25,4.38748219369606,0.8337857655165348,35.0,7.0,82.0,0,52,6,12.0,1.0,464.0
2025,Monaco Grand Prix,8,44,HAM,Lewis Hamilton,Ferrari,7.0,5,10.0,Finished,2025-04-09,2.0,6.333333333333333,7.333333333333333,4.666666666666667,0.0,0.0,6.2,7.6,3.8,0.0,0.0,6.5,7.7,3.4,1.0,0.0,5.5,4.0,4.5,11.1,4.0,2,1.0,-1.5,0.8165266106442576,0.0,0.0,5.0,5.0,6.0,114.0,1.0,3.0,5.666666666666667,6.038095238095238,1.3962264150943395,4.47359613837557,0.8234447941995112,47.0,6.0,85.0,0,53,7,12.0,1.0,476.0
2025,Spanish Grand Prix,9,44,HAM,Lewis Hamilton,Ferrari,4.0,7,6.0,Finished,2025-04-23,-3.0,5.666666666666667,8.666666666666666,5.333333333333333,0.0,0.0,5.8,8.4,4.0,0.0,0.0,6.8,6.9,2.8,0.0,0.0,2.5,2.0,7.0,10.105263157894736,2.0,2,5.0,-1.5000000000000002,0.9629629629629629,0.0,0.0,5.0,5.0,5.6875,142.0,1.0,2.0,4.333333333333333,5.990654205607477,1.4074074074074074,4.431953096094522,0.8197698906032239,57.0,6.0,95.0,0,54,8,12.0,1.0,486.0
2025,Canadian Grand Prix,10,44,HAM,Lewis Hamilton,Ferrari,5.0,6,8.0,Finished,2025-05-07,-1.0,5.333333333333333,9.333333333333334,2.6666666666666665,0.0,0.0,6.2,7.6,2.6,0.0,0.0,6.3,7.5,2.6,0.0,0.0,3.5,3.0,11.0,11.0,3.0,2,4.0,1.4999999999999991,1.043360433604336,0.0,0.0,5.0,5.0,5.611111111111111,163.0,1.0,2.0,4.0,5.972477064220183,1.3272727272727274,4.430761766519367,0.8303195289558926,63.0,6.0,109.0,0,55,9,12.0,1.0,492.0
2025,Austrian Grand Prix,11,44,HAM,Lewis Hamilton,Ferrari,7.0,4,12.0,Finished,2025-05-21,3.0,6.0,8.0,-0.6666666666666666,0.0,0.0,6.0,8.0,2.4,0.0,0.0,6.5,7.1,1.6,0.0,0.0,5.5,4.0,5.0,11.05,4.0,2,2.0,0.5,0.896,0.0,0.0,5.0,5.0,5.6,181.0,1.0,2.0,4.666666666666667,5.963963963963964,1.2857142857142858,4.401298509693311,0.8333495373673945,71.0,6.0,113.0,0,56,10,12.0,1.0,500.0
2025,British Grand Prix,12,44,HAM,Lewis Hamilton,Ferrari,6.0,4,12.0,Finished,2025-06-04,2.0,5.666666666666667,8.666666666666666,-0.3333333333333333,0.0,0.0,5.2,9.6,2.0,0.0,0.0,5.9,8.2,1.8,0.0,0.0,2.0,1.0,9.5,12.35,1.0,2,5.0,-1.4999999999999998,0.96484375,0.0,0.0,5.0,5.0,5.409090909090909,208.0,1.0,2.0,4.0,5.920353982300885,1.3157894736842106,4.367730265157514,0.8275012998697209,83.0,6.0,119.0,0,57,11,12.0,1.0,512.0
2025,Belgian Grand Prix,13,44,HAM,Lewis Hamilton,Ferrari,18.0,7,6.0,Finished,2025-06-18,11.0,4.666666666666667,10.666666666666666,1.3333333333333333,0.0,0.0,5.2,9.6,0.6,0.0,0.0,5.7,8.6,2.2,0.0,0.0,3.0,2.0,8.25,11.1,2.0,2,3.0,-1.0,1.1806615776081424,0.0,0.0,5.0,5.0,5.708333333333333,220.0,1.0,2.0,7.0,5.973913043478261,1.3275862068965518,4.330179409736756,0.8230862528276321,95.0,6.0,125.0,0,58,12,12.0,1.0,524.0
2025,Hungarian Grand Prix,14,44,HAM,Lewis Hamilton,Ferrari,14.0,12,0.0,Finished,2025-07-02,2.0,5.0,10.0,5.333333333333333,0.0,0.0,5.6,8.8,2.4,0.0,0.0,5.7,8.6,3.2,0.0,0.0,3.5,3.0,6.0,12.25,3.0,2,4.0,1.5000000000000002,1.1132075471698115,0.0,0.0,5.0,5.0,5.653846153846154,241.0,1.0,2.0,8.0,5.957264957264957,1.4915254237288136,4.473573289641152,0.8153800629938007,101.0,6.0,144.0,0,59,13,12.0,1.0,530.0
2025,Dutch Grand Prix,15,44,HAM,Lewis Hamilton,Ferrari,7.0,20,0.0,Finished,2025-07-16,-13.0,7.666666666666667,6.0,5.0,0.0,0.0,6.6,7.6,3.4,0.0,0.0,6.4,7.6,3.0,0.0,0.0,7.0,6.0,8.0,10.6,6.0,2,3.0,3.999999999999999,0.6792452830188679,0.0,0.0,4.0,5.0,5.821428571428571,253.0,1.0,2.0,6.333333333333333,5.991596638655462,1.5,4.435985358597896,0.8151237286105707,101.0,6.0,162.0,0,60,14,12.0,1.0,530.0
2025,Italian Grand Prix,16,44,HAM,Lewis Hamilton,Ferrari,9.0,6,8.0,Finished,2025-07-30,3.0,13.0,2.0,0.0,0.0,0.0,9.4,6.0,1.0,0.0,0.0,7.7,7.0,1.7,0.0,0.0,5.5,5.0,3.0,12.8,5.0,2,1.0,6.499999999999999,0.23018867924528302,0.0,0.0,3.0,5.0,6.733333333333333,253.0,1.0,2.0,14.333333333333334,6.214876033057851,1.2622950819672132,4.774591219306151,0.8427446510923646,101.0,6.0,187.0,0,61,15,12.0,1.0,530.0
2025,Azerbaijan Grand Prix,17,44,HAM,Lewis Hamilton,Ferrari,11.0,8,4.0,Finished,2025-08-13,3.0,12.666666666666666,2.6666666666666665,-2.6666666666666665,0.0,0.0,9.8,5.2,1.0,0.0,0.0,7.5,7.4,1.5,0.0,0.0,7.5,6.0,6.5,12.8,6.0,2,2.0,-2.9999999999999973,0.30731102850061953,0.0,0.0,3.0,5.0,6.625,273.0,1.0,2.0,9.666666666666666,6.195121951219512,1.2903225806451613,4.740433323121121,0.8388294147844233,109.0,6.0,194.0,0,62,16,12.0,1.0,538.0
2025,Singapore Grand Prix,18,44,HAM,Lewis Hamilton,Ferrari,7.0,7,6.0,Finished,2025-08-27,0.0,11.333333333333334,4.0,-2.3333333333333335,0.0,0.0,10.6,3.6,1.2,0.0,0.0,7.9,6.6,0.9,0.0,0.0,4.5,3.0,4.25,11.789473684210526,3.0,2,1.0,-6.000000000000003,0.4649446494464945,0.0,0.0,3.0,5.0,6.735294117647059,279.0,1.0,2.0,7.0,6.232,1.3174603174603174,4.706979706999975,0.836096672750808,113.0,6.0,190.0,0,63,17,12.0,1.0,542.0
2025,United States Grand Prix,19,44,HAM,Lewis Hamilton,Ferrari,4.0,4,12.0,Finished,2025-09-10,0.0,7.0,6.0,2.0,0.0,0.0,10.6,3.6,-1.0,0.0,0.0,8.1,6.2,0.7,0.0,0.0,11.0,2.0,3.25,12.0,2.0,2,1.0,0.4999999999999996,0.7007299270072993,0.0,0.0,3.0,5.0,6.722222222222222,293.0,1.0,2.0,7.333333333333333,6.2362204724409445,1.296875,4.672376396489925,0.8367045372390767,119.0,6.0,196.0,0,64,18,12.0,1.0,548.0
2025,Mexico City Grand Prix,20,44,HAM,Lewis Hamilton,Ferrari,3.0,8,4.0,Finished,2025-09-24,-5.0,6.333333333333333,7.333333333333333,1.0,0.0,0.0,9.0,6.0,-1.4,0.0,0.0,7.8,6.8,1.0,0.0,0.0,3.0,2.0,2.75,11.65,2.0,2,1.0,-1.9999999999999991,0.8511904761904762,0.0,0.0,4.0,5.0,6.552631578947368,320.0,1.0,2.0,4.333333333333333,6.1937984496124034,1.2769230769230768,4.638519740673244,0.8361398520507832,131.0,6.0,194.0,0,65,19,12.0,1.0,560.0
2025,São Paulo Grand Prix,21,44,HAM,Lewis Hamilton,Ferrari,18.0,18,0.0,Finished,2025-10-08,0.0,6.333333333333333,7.333333333333333,-1.6666666666666667,0.0,0.0,6.6,6.8,0.2,0.0,0.0,8.0,6.4,0.6,0.0,0.0,9.0,8.0,11.5,10.95,8.0,2,5.0,0.4999999999999986,0.8581560283687943,0.0,0.0,5.0,5.0,6.475,342.0,1.0,2.0,4.333333333333333,6.175572519083969,1.1818181818181819,4.667099547022559,0.8537740967166805,135.0,6.0,210.0,0,66,20,12.0,1.0,564.0
2025,Las Vegas Grand Prix,22,44,HAM,Lewis Hamilton,Ferrari,14.0,10,1.0,Finished,2025-10-22,4.0,10.0,5.333333333333333,-1.6666666666666667,0.0,0.0,9.0,5.2,-0.4,0.0,0.0,9.4,5.2,0.3,0.0,0.0,5.0,2.0,4.0,11.95,2.0,2,2.0,6.999999999999998,0.6335697399527186,0.0,0.0,4.0,5.0,7.0476190476190474,342.0,1.0,2.0,13.0,6.360902255639098,1.164179104477612,4.6338576602999355,0.8551710269306498,135.0,6.0,235.0,0,67,21,12.0,1.0,564.0
2025,Qatar Grand Prix,23,44,HAM,Lewis Hamilton,Ferrari,14.0,12,0.0,Finished,2025-11-05,2.0,12.0,1.6666666666666667,-0.3333333333333333,0.0,0.0,9.4,4.6,-0.2,0.0,0.0,10.0,4.1,0.5,0.0,0.0,15.5,12.0,4.333333333333333,10.578947368421053,12.0,2,2.0,1.0000000000000009,0.20058997050147495,0.0,0.0,4.0,5.0,7.090909090909091,351.0,1.0,2.0,11.666666666666666,6.385185185185185,1.2058823529411764,4.61198575915722,0.8523989039855913,136.0,6.0,252.0,0,68,22,12.0,1.0,565.0
2025,Abu Dhabi Grand Prix,24,44,HAM,Lewis Hamilton,Ferrari,14.0,8,4.0,Finished,2025-11-19,6.0,13.333333333333334,0.3333333333333333,2.0,0.0,0.0,10.4,3.4,0.2,0.0,0.0,10.5,3.5,-0.4,0.0,0.0,6.5,4.0,6.5,11.0,4.0,2,2.0,-3.000000000000001,0.04070796460176991,0.0,0.0,3.0,5.0,7.217391304347826,355.0,1.0,2.0,8.666666666666666,6.437956204379562,1.2173913043478262,4.578946594813982,0.8516394995800031,136.0,7.0,264.0,0,69,23,12.0,1.0,565.0
2023,Bahrain Grand Prix,1,27,HUL,Nico Hulkenberg,Haas F1 Team,14.0,15,0.0,Finished,2023-01-01,-1.0,11.333333333333334,2.0,0.3333333333333333,0.0,0.0,11.4,2.2,0.2,0.0,0.0,11.5,2.0,0.1,0.0,0.0,10.0,8.0,10.4,10.636363636363637,8.0,0,7.0,-5.909437655256903e-17,0.864957264957265,0.0,0.0,2.0,5.0,11.722222222222221,0.0,1.0,5.0,11.0,11.511904761904763,0.0,0.0,1.013313220561811,0.0,1.0,0.0,1,0,0,0.0,0.0,0.0
2023,Saudi Arabian Grand Prix,2,27,HUL,Nico Hulkenberg,Haas F1 Team,12.0,12,0.0,Finished,2023-01-15,0.0,15.0,0.0,-1.0,0.0,0.0,15.0,0.0,-1.0,0.0,0.0,15.0,0.0,-1.0,0.0,0.0,10.0,8.0,10.4,11.363636363636363,8.0,0,7.0,-5.909437655256903e-17,0.864957264957265,0.0,0.0,0.0,1.0,14.0,0.0,1.0,13.0,14.0,14.0,-1.0,0.0,1.0,0.0,11.0,25.0,0,1,1,0.0,0.0,0.0
2023,Australian Grand Prix,3,27,HUL,Nico Hulkenberg,Haas F1 Team,10.0,8,4.0,Finished,2023-01-29,2.0,13.5,0.0,-0.5,0.0,0.0,13.5,0.0,-0.5,0.0,0.0,13.5,0.0,-0.5,0.0,0.0,10.0,8.0,10.4,10.181818181818182,8.0,0,7.0,-3.0000000000000004,0.864957264957265,0.0,0.0,0.0,2.0,12.5,1.0,1.0,10.0,11.666666666666666,12.5,-0.5,0.7071067811865476,0.9615384615384616,0.0,14.0,43.0,0,2,2,0.0,0.0,0.0
2023,Azerbaijan Grand Prix,4,27,HUL,Nico Hulkenberg,Haas F1 Team,20.0,17,0.0,Finished,2023-02-12,3.0,11.666666666666666,1.3333333333333333,0.3333333333333333,0.0,0.0,11.666666666666666,1.3333333333333333,0.3333333333333333,0.0,0.0,11.666666666666666,1.3333333333333333,0.3333333333333333,0.0,0.0,10.0,8.0,10.4,12.409090909090908,8.0,0,7.0,-3.4999999999999973,1.0,0.0,0.0,1.0,3.0,12.5,5.0,1.0,8.0,11.666666666666666,12.5,0.3333333333333333,1.5275252316519465,0.8834498834498835,4.0,10.0,64.0,0,3,3,0.0,0.0,4.0
2023,Miami Grand Prix,5,27,HUL,Nico Hulkenberg,Haas F1 Team,11.0,15,0.0,Finished,2023-02-26,-4.0,12.333333333333334,1.3333333333333333,1.6666666666666667,0.0,0.0,13.0,1.0,1.0,0.0,0.0,13.0,1.0,1.0,0.0,0.0,10.0,8.0,10.4,10.545454545454545,8.0,0,7.0,2.4999999999999973,1.3333333333333333,0.0,0.0,1.0,4.0,13.125,5.0,1.0,8.0,15.666666666666666,13.125,1.0,1.8257418583505538,0.864968364968365,4.0,10.0,82.0,0,4,4,0.0,0.0,4.0
2023,Monaco Grand Prix,6,27,HUL,Nico Hulkenberg,Haas F1 Team,20.0,16,0.0,Finished,2023-03-12,4.0,13.333333333333334,1.3333333333333333,0.3333333333333333,0.0,0.0,13.4,0.8,0.0,0.0,0.0,13.4,0.8,0.0,0.0,0.0,10.0,8.0,10.4,10.409090909090908,8.0,0,7.0,3.5,1.6666666666666665,0.0,0.0,1.0,5.0,13.0,6.0,1.0,8.0,12.666666666666666,13.0,0.0,2.7386127875258306,0.9419746919746921,4.0,12.0,107.0,0,5,5,0.0,0.0,4.0
2023,Spanish Grand Prix,7,27,HUL,Nico Hulkenberg,Haas F1 Team,8.0,15,0.0,Finished,2023-03-26,-7.0,16.0,0.0,1.0,0.0,0.0,13.6,0.8,1.0,0.0,0.0,13.833333333333334,0.6666666666666666,0.6666666666666666,0.0,0.0,10.0,8.0,10.4,9.619047619047619,8.0,0,7.0,-0.5000000000000013,0.0,0.0,0.0,1.0,5.0,13.75,6.0,1.0,8.0,15.0,13.75,0.6666666666666666,2.9439202887759492,0.911963036963037,4.0,12.0,132.0,0,6,6,0.0,0.0,4.0
2023,Canadian Grand Prix,8,27,HUL,Nico Hulkenberg,Haas F1 Team,6.0,15,0.0,Finished,2023-04-09,-9.0,15.333333333333334,0.0,-2.3333333333333335,0.0,0.0,14.2,0.8,-0.4,0.0,0.0,14.0,0.5714285714285714,-0.42857142857142855,0.0,0.0,10.0,8.0,10.4,10.5,8.0,0,7.0,4.353454662371719e-16,0.0,0.0,0.0,1.0,5.0,14.142857142857142,6.0,1.0,8.0,17.333333333333332,14.142857142857142,-0.42857142857142855,3.952094080237415,1.0197778412064127,4.0,12.0,157.0,0,7,7,0.0,0.0,4.0
2023,Austrian Grand Prix,9,27,HUL,Nico Hulkenberg,Haas F1 Team,7.0,20,0.0,Finished,2023-04-23,-13.0,15.333333333333334,0.0,-4.0,0.0,0.0,15.6,0.0,-2.6,0.0,0.0,14.125,0.5,-1.5,0.0,0.0,10.0,8.0,10.4,10.363636363636363,8.0,0,7.0,-0.5000000000000007,0.0,0.0,0.0,0.0,5.0,14.375,6.0,1.0,8.0,16.666666666666668,14.375,-1.5,4.750939756661683,1.160162753912754,4.0,13.0,182.0,0,8,8,0.0,0.0,4.0
2023,British Grand Prix,10,27,HUL,Nico Hulkenberg,Haas F1 Team,14.0,14,0.0,Finished,2023-05-07,0.0,16.666666666666668,0.0,-9.666666666666666,0.0,0.0,16.2,0.0,-5.8,0.0,0.0,14.777777777777779,0.4444444444444444,-2.7777777777777777,0.0,0.0,10.0,8.0,10.4,12.045454545454545,8.0,0,7.0,2.4999999999999996,0.0,0.0,0.0,0.0,5.0,14.944444444444445,6.0,1.0,8.0,18.666666666666668,14.944444444444445,-2.7777777777777777,5.868938953886336,1.3090335590335591,4.0,13.0,207.0,0,9,9,0.0,0.0,4.0
2023,Hungarian Grand Prix,11,27,HUL,Nico Hulkenberg,Haas F1 Team,9.0,14,0.0,Finished,2023-05-21,-5.0,16.333333333333332,0.0,-7.333333333333333,0.0,0.0,16.0,0.0,-5.0,0.0,0.0,14.7,0.4,-2.5,0.0,0.0,10.0,8.0,10.4,11.863636363636363,8.0,0,7.0,-0.49999999999999833,0.0,0.0,0.0,0.0,5.0,15.1,6.0,1.0,8.0,17.333333333333332,15.1,-2.5,5.602578771323871,1.2714635364635365,4.0,14.0,232.0,0,10,10,0.0,0.0,4.0
2023,Belgian Grand Prix,12,27,HUL,Nico Hulkenberg,Haas F1 Team,18.0,18,0.0,Finished,2023-06-04,0.0,16.0,0.0,-6.0,0.0,0.0,15.6,0.0,-6.8,0.0,0.0,14.6,0.4,-2.9,0.0,0.0,10.0,8.0,10.4,10.545454545454545,8.0,0,7.0,-3.0000000000000018,0.0,0.0,0.0,0.0,5.0,15.136363636363637,6.0,1.0,8.0,16.666666666666668,15.136363636363637,-2.727272727272727,5.368256869616228,1.283148669512306,4.0,14.0,257.0,0,11,11,0.0,0.0,4.0
2023,Dutch Grand Prix,13,27,HUL,Nico Hulkenberg,Haas F1 Team,10.0,12,0.0,Finished,2023-06-18,-2.0,15.333333333333334,0.0,-1.6666666666666667,0.0,0.0,16.2,0.0,-5.4,0.0,0.0,15.2,0.4,-2.9,0.0,0.0,10.0,8.0,10.4,11.409090909090908,8.0,0,7.0,1.9999999999999991,0.0,0.0,0.0,0.0,5.0,15.25,6.0,1.0,8.0,16.666666666666668,15.25,-2.5,5.178627406773132,1.2551669821406664,4.0,14.0,282.0,0,12,12,0.0,0.0,4.0
2023,Italian Grand Prix,14,27,HUL,Nico Hulkenberg,Haas F1 Team,11.0,17,0.0,Finished,2023-07-02,-6.0,14.666666666666666,0.0,-2.3333333333333335,0.0,0.0,15.6,0.0,-4.0,0.0,0.0,15.6,0.0,-3.3,0.0,0.0,10.0,8.0,10.4,12.090909090909092,8.0,0,7.0,-0.9999999999999998,0.0,0.0,0.0,0.0,5.0,15.115384615384615,6.0,1.0,8.0,14.0,15.115384615384615,-2.4615384615384617,4.960097186806333,1.2425317597382373,4.0,14.0,307.0,0,13,13,0.0,0.0,4.0
2023,Singapore Grand Prix,15,27,HUL,Nico Hulkenberg,Haas F1 Team,10.0,14,0.0,Finished,2023-07-16,-4.0,15.666666666666666,0.0,-2.6666666666666665,0.0,0.0,15.0,0.0,-2.6,0.0,0.0,15.6,0.0,-4.2,0.0,0.0,10.0,8.0,10.4,11.285714285714286,8.0,0,7.0,-0.4999999999999989,0.0,0.0,0.0,0.0,5.0,15.285714285714286,6.0,1.0,8.0,16.666666666666668,15.285714285714286,-2.7142857142857144,4.8584355099554015,1.2549699673759824,4.0,14.0,332.0,0,14,14,0.0,0.0,4.0
2023,Japanese Grand Prix,16,27,HUL,Nico Hulkenberg,Haas F1 Team,13.0,14,0.0,Finished,2023-07-30,-1.0,14.333333333333334,0.0,-4.0,0.0,0.0,15.0,0.0,-3.4,0.0,0.0,15.5,0.0,-4.2,0.0,0.0,10.0,8.0,10.4,10.772727272727273,8.0,0,7.0,1.0000000000000007,0.0,0.0,0.0,0.0,5.0,15.1,6.0,1.0,8.0,14.333333333333334,15.1,-2.8,4.6934604961128015,1.2561537877327351,4.0,15.0,342.0,0,15,15,0.0,0.0,4.0
2023,Qatar Grand Prix,17,27,HUL,Nico Hulkenberg,Haas F1 Team,11.0,16,0.0,Finished,2023-08-13,-5.0,15.0,0.0,-3.6666666666666665,0.0,0.0,15.0,0.0,-2.6,0.0,0.0,15.3,0.0,-4.7,0.0,0.0,10.0,8.0,10.4,10.523809523809524,8.0,0,7.0,-1.5,0.0,0.0,0.0,0.0,5.0,15.0625,6.0,1.0,8.0,13.333333333333334,15.0625,-2.6875,4.556588636249711,1.2401441759994392,4.0,14.0,367.0,0,16,16,0.0,0.0,4.0
2023,United States Grand Prix,18,27,HUL,Nico Hulkenberg,Haas F1 Team,19.0,13,0.0,Finished,2023-08-27,6.0,14.666666666666666,0.0,-3.3333333333333335,0.0,0.0,14.6,0.0,-3.6,0.0,0.0,15.4,0.0,-4.5,0.0,0.0,10.0,8.0,10.4,11.227272727272727,8.0,0,7.0,0.9999999999999992,0.0,0.0,0.0,0.0,5.0,15.058823529411764,6.0,1.0,8.0,15.0,15.058823529411764,-2.823529411764706,4.447405059661857,1.245625891136727,4.0,15.0,392.0,0,17,17,0.0,0.0,4.0
2023,Mexico City Grand Prix,19,27,HUL,Nico Hulkenberg,Haas F1 Team,8.0,14,0.0,Finished,2023-09-10,-6.0,14.333333333333334,0.0,0.0,0.0,0.0,14.8,0.0,-2.0,0.0,0.0,15.2,0.0,-3.0,0.0,0.0,10.0,8.0,10.4,11.045454545454545,8.0,0,7.0,-0.5000000000000004,0.0,0.0,0.0,0.0,5.0,15.027777777777779,6.0,1.0,8.0,14.333333333333334,15.027777777777779,-2.3333333333333335,4.789694820193478,1.2125355638513533,4.0,16.0,417.0,0,18,18,0.0,0.0,4.0
2023,São Paulo Grand Prix,20,27,HUL,Nico Hulkenberg,Haas F1 Team,20.0,12,0.0,Finished,2023-09-24,8.0,14.333333333333334,0.0,-1.6666666666666667,0.0,0.0,14.2,0.0,-2.0,0.0,0.0,14.6,0.0,-2.3,0.0,0.0,10.0,8.0,10.4,11.636363636363637,8.0,0,7.0,-1.0000000000000004,0.0,0.0,0.0,0.0,5.0,15.105263157894736,6.0,1.0,8.0,16.333333333333332,15.105263157894736,-2.526315789473684,4.730144712992188,1.2305892476252587,4.0,17.0,442.0,0,19,19,0.0,0.0,4.0
2023,Las Vegas Grand Prix,21,27,HUL,Nico Hulkenberg,Haas F1 Team,10.0,19,0.0,Finished,2023-10-08,-9.0,13.0,0.0,2.6666666666666665,0.0,0.0,13.8,0.0,0.4,0.0,0.0,14.4,0.0,-1.5,0.0,0.0,10.0,8.0,10.4,11.590909090909092,8.0,0,7.0,-0.4999999999999998,0.0,0.0,0.0,0.0,5.0,15.15,6.0,1.0,8.0,17.0,15.15,-2.0,5.170768038237952,1.1976312138154244,4.0,17.0,467.0,0,20,20,0.0,0.0,4.0
2023,Abu Dhabi Grand Prix,22,27,HUL,Nico Hulkenberg,Haas F1 Team,13.0,15,0.0,Finished,2023-10-22,-2.0,15.0,0.0,-2.3333333333333335,0.0,0.0,14.8,0.0,-1.2,0.0,0.0,14.9,0.0,-1.9,0.0,0.0,10.0,8.0,10.4,10.545454545454545,8.0,0,7.0,2.4999999999999982,0.0,0.0,0.0,0.0,5.0,15.19047619047619,6.0,1.0,8.0,17.333333333333332,15.19047619047619,-2.3333333333333335,5.266244708835067,1.222852238265772,4.0,17.0,492.0,0,21,21,0.0,0.0,4.0
2024,Bahrain Grand Prix,1,27,HUL,Nico Hulkenberg,Haas F1 Team,20.0,16,0.0,Finished,2024-01-01,4.0,15.333333333333334,0.0,-1.0,0.0,0.0,14.6,0.0,-0.6,0.0,0.0,14.6,0.0,-2.1,0.0,0.0,15.0,15.0,14.0,10.916666666666666,15.0,1,13.0,1.5000000000000004,0.0,0.0,0.0,0.0,5.0,11.722222222222221,0.0,1.0,5.0,16.0,15.295454545454545,-2.3181818181818183,5.139819930478977,1.2159693443186266,0.0,1.0,0.0,1,22,22,0.0,0.0,4.0
2024,Saudi Arabian Grand Prix,2,27,HUL,Nico Hulkenberg,Haas F1 Team,14.0,10,1.0,Finished,2024-01-15,4.0,16.666666666666668,0.0,-2.3333333333333335,0.0,0.0,15.2,0.0,-1.0,0.0,0.0,15.0,0.0,-1.5,0.0,0.0,12.0,12.0,11.0,11.333333333333334,12.0,1,10.0,-1.5000000000000009,0.0,0.0,0.0,0.0,5.0,14.0,0.0,1.0,12.0,16.0,15.23913043478261,-2.0434782608695654,5.191586382789029,1.1962274059528064,0.0,10.0,25.0,0,23,23,0.0,0.0,4.0
2024,Australian Grand Prix,3,27,HUL,Nico Hulkenberg,Haas F1 Team,16.0,9,2.0,Finished,2024-01-29,7.0,13.666666666666666,0.3333333333333333,2.0,0.0,0.0,14.4,0.2,1.0,0.0,0.0,14.3,0.1,-0.5,0.0,0.0,8.0,8.0,12.5,10.375,8.0,1,8.0,-2.5,1.5999999999999999,0.0,0.0,1.0,5.0,12.25,1.0,1.0,10.0,11.0,15.041666666666666,-1.7916666666666667,5.225182889802428,1.1741623751492172,1.0,10.0,49.0,0,24,24,0.0,0.0,5.0
2024,Japanese Grand Prix,4,27,HUL,Nico Hulkenberg,Haas F1 Team,12.0,11,0.0,Finished,2024-02-12,1.0,11.666666666666666,1.0,5.0,0.0,0.0,13.8,0.6,0.8,0.0,0.0,13.8,0.3,0.6,0.0,0.0,14.0,14.0,14.5,11.083333333333334,14.0,1,14.0,-3.5000000000000004,3.571428571428571,0.0,0.0,2.0,5.0,11.333333333333334,4.0,1.0,9.0,10.0,14.82,-1.44,5.408943211632626,1.1483723507314838,3.0,12.0,47.0,0,25,25,0.0,0.0,7.0
2024,Chinese Grand Prix,5,27,HUL,Nico Hulkenberg,Haas F1 Team,8.0,10,1.0,Finished,2024-02-26,-2.0,10.0,1.0,4.0,0.0,0.0,12.2,0.6,2.8,0.0,0.0,13.5,0.3,0.8,0.0,0.0,10.0,8.0,10.4,10.333333333333334,8.0,0,7.0,0.49999999999999883,3.7142857142857144,0.0,0.0,2.0,5.0,11.5,4.0,1.0,9.0,11.333333333333334,14.711538461538462,-1.3461538461538463,5.3212202186514155,1.1367485620938824,3.0,12.0,72.0,0,26,26,0.0,0.0,7.0
2024,Miami Grand Prix,6,27,HUL,Nico Hulkenberg,Haas F1 Team,8.0,11,0.0,Finished,2024-03-11,-3.0,10.0,1.0,2.0,0.0,0.0,11.2,0.8,2.8,0.0,0.0,12.9,0.4,1.1,0.0,0.0,15.0,15.0,12.5,10.708333333333334,15.0,1,10.0,0.5000000000000014,3.375,0.0,0.0,3.0,5.0,11.7,5.0,1.0,9.0,12.666666666666666,14.62962962962963,-1.3703703703703705,5.219402766808214,1.1357990268722984,4.0,12.0,96.0,0,27,27,0.0,0.0,8.0
2024,Emilia Romagna Grand Prix,7,27,HUL,Nico Hulkenberg,Haas F1 Team,8.0,11,0.0,Finished,2024-03-25,-3.0,10.666666666666666,0.3333333333333333,-1.3333333333333333,0.0,0.0,10.2,0.8,1.4,0.0,0.0,12.7,0.4,0.2,0.0,0.0,10.0,8.0,10.4,10.916666666666666,8.0,0,7.0,3.191892951896282e-16,1.1666666666666667,0.0,0.0,3.0,5.0,12.166666666666666,5.0,1.0,9.0,14.666666666666666,14.625,-1.4285714285714286,5.1310858819593275,1.138885569563367,4.0,12.0,114.0,0,28,28,0.0,0.0,8.0
2024,Monaco Grand Prix,8,27,HUL,Nico Hulkenberg,Haas F1 Team,4.0,17,0.0,Finished,2024-04-08,-13.0,10.666666666666666,0.3333333333333333,-2.6666666666666665,0.0,0.0,10.4,0.6,0.0,0.0,0.0,12.4,0.4,0.5,0.0,0.0,16.0,16.0,17.5,11.0,16.0,1,16.0,0.4999999999999993,1.2083333333333333,0.0,0.0,2.0,5.0,12.071428571428571,5.0,1.0,9.0,13.666666666666666,14.517241379310345,-1.4827586206896552,5.047069090466356,1.1417592472412585,4.0,12.0,139.0,0,29,29,0.0,0.0,8.0
2024,Canadian Grand Prix,9,27,HUL,Nico Hulkenberg,Haas F1 Team,13.0,11,0.0,Finished,2024-04-22,2.0,13.0,0.0,-6.333333333333333,0.0,0.0,12.0,0.2,-4.0,0.0,0.0,12.9,0.4,-1.6,0.0,0.0,15.0,15.0,16.0,10.958333333333334,15.0,1,15.0,3.0000000000000013,0.0,0.0,0.0,1.0,5.0,12.75,5.0,1.0,9.0,15.666666666666666,14.616666666666667,-1.8666666666666667,5.386658700346904,1.2170339389998832,4.0,12.0,147.0,0,30,30,0.0,0.0,8.0
2024,Spanish Grand Prix,10,27,HUL,Nico Hulkenberg,Haas F1 Team,10.0,11,0.0,Finished,2024-05-06,-1.0,13.0,0.0,-4.666666666666667,0.0,0.0,12.0,0.2,-3.8,0.0,0.0,12.1,0.4,-0.5,0.0,0.0,15.0,15.0,16.5,10.217391304347826,15.0,1,15.0,2.1273949026069186e-16,0.0,0.0,0.0,1.0,5.0,12.61111111111111,5.0,1.0,9.0,13.666666666666666,14.516129032258064,-1.7419354838709677,5.341458863990148,1.203120401797122,4.0,12.0,172.0,0,31,31,0.0,0.0,8.0
2024,Austrian Grand Prix,11,27,HUL,Nico Hulkenberg,Haas F1 Team,9.0,6,8.0,Finished,2024-05-20,3.0,13.0,0.0,-4.0,0.0,0.0,12.2,0.0,-3.6,0.0,0.0,11.7,0.4,-0.4,0.0,0.0,20.0,20.0,19.5,11.125,20.0,1,19.0,-3.0000000000000013,0.0,0.0,0.0,0.0,5.0,12.75,5.0,1.0,9.0,13.333333333333334,14.5,-1.71875,5.256236694969928,1.196772889240962,4.0,13.0,197.0,0,32,32,0.0,0.0,8.0
2024,British Grand Prix,12,27,HUL,Nico Hulkenberg,Haas F1 Team,10.0,6,8.0,Finished,2024-06-03,4.0,9.333333333333334,2.6666666666666665,1.3333333333333333,0.0,0.0,11.2,1.6,-2.4,0.0,0.0,10.7,1.2,-0.5,0.0,0.0,14.0,14.0,16.5,12.416666666666666,14.0,1,14.0,-2.4999999999999996,5.499999999999999,0.0,0.0,1.0,5.0,12.227272727272727,17.0,1.0,6.0,10.333333333333334,14.272727272727273,-1.5757575757575757,5.238262492410431,1.1786888622942662,12.0,12.0,199.0,0,33,33,0.0,0.0,16.0
2024,Hungarian Grand Prix,13,27,HUL,Nico Hulkenberg,Haas F1 Team,14.0,13,0.0,Finished,2024-06-17,1.0,7.666666666666667,5.333333333333333,2.0,0.0,0.0,10.2,3.2,-1.0,0.0,0.0,10.3,1.9,-0.5,0.0,0.0,14.0,14.0,15.5,12.166666666666666,14.0,1,14.0,-2.4999999999999996,7.5555555555555545,0.0,0.0,2.0,5.0,11.958333333333334,25.0,1.0,6.0,8.666666666666666,14.117647058823529,-1.411764705882353,5.246168281701293,1.1600643235636863,20.0,11.0,209.0,0,34,34,0.0,0.0,24.0
2024,Belgian Grand Prix,14,27,HUL,Nico Hulkenberg,Haas F1 Team,16.0,19,0.0,Finished,2024-07-01,-3.0,8.333333333333334,5.333333333333333,2.6666666666666665,0.0,0.0,9.4,3.2,1.8,0.0,0.0,10.7,1.7,-1.1,0.0,0.0,18.0,18.0,16.5,11.041666666666666,18.0,1,15.0,3.4999999999999982,7.777777777777778,0.0,0.0,2.0,5.0,12.115384615384615,25.0,1.0,6.0,13.333333333333334,14.114285714285714,-1.3428571428571427,5.184495307803707,1.1516815333666284,20.0,11.0,219.0,0,35,35,0.0,0.0,24.0
2024,Dutch Grand Prix,15,27,HUL,Nico Hulkenberg,Haas F1 Team,11.0,11,0.0,Finished,2024-07-15,0.0,12.666666666666666,2.6666666666666665,0.6666666666666666,0.0,0.0,11.0,3.2,0.8,0.0,0.0,11.5,1.7,-1.5,0.0,0.0,12.0,12.0,13.5,11.583333333333334,12.0,1,12.0,6.5,4.0,0.0,0.0,2.0,5.0,12.464285714285714,25.0,1.0,6.0,16.333333333333332,14.194444444444445,-1.3888888888888888,5.117352986388724,1.1507361312959867,20.0,11.0,229.0,0,36,36,0.0,0.0,24.0
2024,Italian Grand Prix,16,27,HUL,Nico Hulkenberg,Haas F1 Team,16.0,17,0.0,Finished,2024-07-29,-1.0,14.333333333333334,0.0,-0.6666666666666666,0.0,0.0,11.0,3.2,1.0,0.0,0.0,11.6,1.6,-1.3,0.0,0.0,17.0,17.0,17.5,12.541666666666666,17.0,1,17.0,-0.9999999999999996,0.0,0.0,0.0,2.0,5.0,12.6,25.0,1.0,6.0,14.666666666666666,14.202702702702704,-1.3513513513513513,5.050941695566483,1.1444099295492485,20.0,11.0,247.0,0,37,37,0.0,0.0,24.0
2024,Azerbaijan Grand Prix,17,27,HUL,Nico Hulkenberg,Haas F1 Team,13.0,11,0.0,Finished,2024-08-12,2.0,15.666666666666666,0.0,-1.3333333333333333,0.0,0.0,13.2,1.6,0.2,0.0,0.0,12.2,1.6,-1.1,0.0,0.0,17.0,17.0,13.333333333333334,12.52,17.0,1,10.0,-1.0000000000000002,0.0,0.0,0.0,1.0,5.0,12.545454545454545,28.0,1.0,6.0,12.0,14.116883116883116,-1.3421052631578947,4.982544209480836,1.1406096682453208,20.0,11.0,255.0,0,38,38,0.0,0.0,24.0
2024,Singapore Grand Prix,18,27,HUL,Nico Hulkenberg,Haas F1 Team,6.0,9,2.0,Finished,2024-08-26,-3.0,13.0,0.0,0.3333333333333333,0.0,0.0,14.2,0.0,-0.2,0.0,0.0,12.2,1.6,-0.6,0.0,0.0,14.0,14.0,12.5,11.391304347826088,14.0,1,11.0,2.1273949026069186e-16,0.0,0.0,0.0,0.0,5.0,12.5,28.0,1.0,6.0,10.0,14.076923076923077,-1.2564102564102564,4.9455878726606235,1.131509786641961,20.0,11.0,265.0,0,39,39,0.0,0.0,24.0
2024,United States Grand Prix,19,27,HUL,Nico Hulkenberg,Haas F1 Team,11.0,8,4.0,Finished,2024-09-09,3.0,12.333333333333334,0.6666666666666666,-0.6666666666666666,0.0,0.0,13.4,0.4,-1.0,0.0,0.0,11.4,1.8,0.4,0.0,0.0,13.0,13.0,14.5,11.5,13.0,1,13.0,-4.0,1.0256410256410255,0.0,0.0,1.0,5.0,12.583333333333334,30.0,1.0,6.0,13.0,14.075,-1.3,4.889549294944506,1.1353648991187693,22.0,10.0,281.0,0,40,40,0.0,0.0,26.0
2024,Mexico City Grand Prix,20,27,HUL,Nico Hulkenberg,Haas F1 Team,10.0,9,2.0,Finished,2024-09-23,1.0,9.333333333333334,2.0,0.6666666666666666,0.0,0.0,11.2,1.2,0.2,0.0,0.0,11.1,2.2,0.5,0.0,0.0,14.0,14.0,16.5,11.5,14.0,1,14.0,-1.4999999999999996,2.7333333333333334,0.0,0.0,2.0,5.0,12.421052631578947,34.0,1.0,6.0,12.666666666666666,13.963414634146341,-1.1951219512195121,4.874523116137218,1.1239332349126203,26.0,10.0,289.0,0,41,41,0.0,0.0,30.0
2024,São Paulo Grand Prix,21,27,HUL,Nico Hulkenberg,Haas F1 Team,15.0,18,0.0,Finished,2024-10-07,-3.0,8.666666666666666,2.6666666666666665,0.3333333333333333,0.0,0.0,10.8,1.6,0.4,0.0,0.0,10.9,2.4,0.7,0.0,0.0,12.0,12.0,14.666666666666666,12.0,12.0,1,12.0,-3.3293832903472105e-16,3.5,0.0,0.0,3.0,5.0,12.195121951219512,42.0,1.0,6.0,9.333333333333334,13.8,-1.1428571428571428,4.826610326863643,1.1166534392761727,28.0,10.0,295.0,0,42,42,0.0,0.0,32.0
2024,Las Vegas Grand Prix,22,27,HUL,Nico Hulkenberg,Haas F1 Team,9.0,8,4.0,Finished,2024-10-21,1.0,11.666666666666666,2.0,0.3333333333333333,0.0,0.0,11.0,1.6,0.0,0.0,0.0,12.1,1.6,0.1,0.0,0.0,19.0,19.0,16.0,11.958333333333334,19.0,1,13.0,4.999999999999997,2.6875,0.0,0.0,3.0,5.0,12.333333333333334,42.0,1.0,6.0,12.333333333333334,13.848837209302326,-1.186046511627907,4.777206864513676,1.1168475453395175,28.0,10.0,320.0,0,43,43,0.0,0.0,32.0
2024,Qatar Grand Prix,23,27,HUL,Nico Hulkenberg,Haas F1 Team,20.0,16,0.0,Finished,2024-11-04,4.0,11.666666666666666,2.0,-0.3333333333333333,0.0,0.0,10.4,2.4,-0.2,0.0,0.0,12.3,1.2,-0.2,0.0,0.0,16.0,16.0,15.0,10.91304347826087,16.0,1,14.0,-0.4999999999999985,2.444444444444444,0.0,0.0,4.0,5.0,12.227272727272727,46.0,1.0,6.0,12.666666666666666,13.761363636363637,-1.1363636363636365,4.732819156382275,1.1096464647636193,32.0,10.0,326.0,0,44,44,0.0,0.0,36.0
2024,Abu Dhabi Grand Prix,24,27,HUL,Nico Hulkenberg,Haas F1 Team,6.0,8,4.0,Finished,2024-11-18,-2.0,14.0,1.3333333333333333,0.6666666666666666,0.0,0.0,11.8,2.0,1.2,0.0,0.0,12.6,1.2,0.1,0.0,0.0,15.0,15.0,17.5,11.125,15.0,1,15.0,-1.0000000000000002,1.6666666666666665,0.0,0.0,3.0,5.0,12.23913043478261,48.0,1.0,6.0,12.333333333333334,13.733333333333333,-1.0222222222222221,4.7409669558822785,1.1019188713667558,32.0,11.0,351.0,0,45,45,0.0,0.0,36.0
2025,Australian Grand Prix,1,27,HUL,Nico Hulkenberg,Kick Sauber,15.0,7,6.0,Finished,2025-01-01,8.0,10.666666666666666,2.6666666666666665,1.0,0.0,0.0,11.8,2.0,0.2,0.0,0.0,11.5,1.6,0.2,0.0,0.0,8.5,8.0,15.666666666666666,11.03225806451613,8.0,2,15.0,8.809226501619002e-16,3.0666666666666664,0.0,0.0,3.0,5.0,16.0,0.0,1.0,16.0,16.0,15.857142857142858,-1.0434782608695652,4.690209764269637,1.1028088337904598,0.0,1.0,0.0,1,46,0,0.0,0.0,40.0
2025,Chinese Grand Prix,2,27,HUL,Nico Hulkenberg,Kick Sauber,19.0,18,0.0,Finished,2025-01-15,1.0,10.333333333333334,3.3333333333333335,3.3333333333333335,0.0,0.0,11.4,2.8,1.6,0.0,0.0,11.1,2.2,1.0,0.0,0.0,10.0,10.0,17.0,11.421052631578947,10.0,1,14.0,-4.499999999999997,3.405797101449276,0.0,0.0,3.0,5.0,13.333333333333334,6.0,1.0,7.0,13.333333333333334,15.705882352941176,-0.851063829787234,4.822856466435342,1.0886533266885352,6.0,7.0,19.0,0,47,1,0.0,0.0,46.0
2025,Japanese Grand Prix,3,27,HUL,Nico Hulkenberg,Kick Sauber,15.0,16,0.0,Finished,2025-01-29,-1.0,11.0,3.3333333333333335,2.3333333333333335,0.0,0.0,11.4,2.8,2.4,0.0,0.0,11.2,2.2,1.2,0.0,0.0,12.5,11.0,17.0,11.903225806451612,11.0,2,14.0,4.9999999999999964,3.4782608695652173,0.0,0.0,3.0,5.0,15.4,6.0,1.0,7.0,18.0,15.81132075471698,-0.8125,4.7787483895066885,1.0847230490491906,6.0,10.0,37.0,0,48,2,0.0,0.0,46.0
2025,Bahrain Grand Prix,4,27,HUL,Nico Hulkenberg,Kick Sauber,20.0,15,0.0,Finished,2025-02-12,5.0,13.666666666666666,2.0,2.6666666666666665,0.0,0.0,13.0,2.0,2.0,0.0,0.0,11.7,2.2,0.9,0.0,0.0,15.5,15.0,16.333333333333332,11.516129032258064,15.0,2,11.0,4.500000000000001,2.1304347826086953,0.0,0.0,2.0,5.0,16.0,6.0,1.0,7.0,18.0,15.872727272727273,-0.8163265306122449,4.728783623493798,1.0829940072318602,6.0,10.0,55.0,0,49,3,0.0,0.0,46.0
2025,Saudi Arabian Grand Prix,5,27,HUL,Nico Hulkenberg,Kick Sauber,16.0,15,0.0,Finished,2025-02-26,1.0,16.333333333333332,0.0,1.6666666666666667,0.0,0.0,12.8,2.0,2.2,0.0,0.0,12.3,2.0,1.7,0.0,0.0,11.0,10.0,17.666666666666668,12.03225806451613,10.0,2,17.0,-1.4999999999999978,0.0,0.0,0.0,2.0,5.0,16.11111111111111,6.0,1.0,7.0,17.333333333333332,15.894736842105264,-0.7,4.752013536708541,1.0756198413729374,6.0,11.0,73.0,0,50,4,0.0,0.0,46.0
2025,Miami Grand Prix,6,27,HUL,Nico Hulkenberg,Kick Sauber,15.0,14,0.0,Finished,2025-03-12,1.0,15.333333333333334,0.0,1.6666666666666667,0.0,0.0,14.2,1.2,2.8,0.0,0.0,13.0,1.6,1.5,0.0,0.0,13.0,11.0,16.666666666666668,11.838709677419354,11.0,2,15.0,-0.5000000000000007,0.0,0.0,0.0,1.0,5.0,16.181818181818183,6.0,1.0,7.0,17.0,15.915254237288135,-0.6666666666666666,4.710272462041518,1.0718302943102616,6.0,11.0,86.0,0,51,5,0.0,0.0,46.0
2025,Emilia Romagna Grand Prix,7,27,HUL,Nico Hulkenberg,Kick Sauber,16.0,12,0.0,Finished,2025-03-26,4.0,14.666666666666666,0.0,2.3333333333333335,0.0,0.0,15.6,0.0,1.4,0.0,0.0,13.5,1.4,1.5,0.0,0.0,11.0,11.0,17.0,12.736842105263158,11.0,1,15.0,-0.4999999999999992,0.0,0.0,0.0,0.0,5.0,16.153846153846153,6.0,1.0,7.0,16.666666666666668,15.918032786885245,-0.6346153846153846,4.669588075017636,1.0680450963427566,6.0,11.0,111.0,0,52,6,0.0,0.0,46.0
2025,Monaco Grand Prix,8,27,HUL,Nico Hulkenberg,Kick Sauber,12.0,16,0.0,Finished,2025-04-09,-4.0,13.666666666666666,0.0,2.0,0.0,0.0,14.4,0.0,2.0,0.0,0.0,12.9,1.4,2.2,0.0,0.0,16.5,16.0,14.333333333333334,11.64516129032258,16.0,2,13.0,-1.4999999999999993,0.0,0.0,0.0,0.0,5.0,15.733333333333333,6.0,1.0,7.0,14.666666666666666,15.825396825396826,-0.5471698113207547,4.6680832738265075,1.0612118370332926,6.0,13.0,126.0,0,53,7,0.0,0.0,46.0
2025,Spanish Grand Prix,9,27,HUL,Nico Hulkenberg,Kick Sauber,11.0,6,8.0,Finished,2025-04-23,5.0,14.0,0.0,0.3333333333333333,0.0,0.0,14.4,0.0,1.4,0.0,0.0,13.7,1.0,1.7,0.0,0.0,13.0,11.0,13.666666666666666,11.133333333333333,11.0,2,12.0,1.0,0.0,0.0,0.0,0.0,5.0,15.529411764705882,6.0,1.0,7.0,14.0,15.76923076923077,-0.6111111111111112,4.647647677139222,1.0643517887691434,6.0,12.0,146.0,0,54,8,0.0,0.0,46.0
2025,Canadian Grand Prix,10,27,HUL,Nico Hulkenberg,Kick Sauber,9.0,8,4.0,Finished,2025-05-07,1.0,11.333333333333334,2.6666666666666665,1.6666666666666667,0.0,0.0,12.6,1.6,1.4,0.0,0.0,12.7,1.8,1.8,0.0,0.0,13.0,11.0,14.0,11.225806451612904,11.0,2,13.0,-2.9999999999999987,2.7160493827160495,0.0,0.0,1.0,5.0,14.947368421052632,14.0,1.0,6.0,10.666666666666666,15.597014925373134,-0.509090909090909,4.666161588829085,1.054090847155159,14.0,11.0,158.0,0,55,9,0.0,0.0,54.0
2025,Austrian Grand Prix,11,27,HUL,Nico Hulkenberg,Kick Sauber,20.0,9,2.0,Finished,2025-05-21,11.0,10.0,4.0,0.6666666666666666,0.0,0.0,11.2,2.4,1.4,0.0,0.0,12.7,1.8,2.1,0.0,0.0,13.0,6.0,13.666666666666666,11.064516129032258,6.0,2,8.0,-3.999999999999999,3.862068965517241,0.0,0.0,2.0,5.0,14.285714285714286,22.0,1.0,6.0,10.0,15.376811594202898,-0.48214285714285715,4.627943079042475,1.0495535105988167,18.0,10.0,166.0,0,56,10,0.0,0.0,58.0
2025,British Grand Prix,12,27,HUL,Nico Hulkenberg,Kick Sauber,13.0,3,15.0,Finished,2025-06-04,10.0,7.666666666666667,4.666666666666667,5.666666666666667,0.0,0.0,10.2,2.8,3.4,0.0,0.0,12.9,1.4,2.4,0.0,0.0,10.0,6.0,17.0,12.612903225806452,6.0,2,15.0,1.4999999999999993,4.433333333333334,0.0,0.0,3.0,5.0,14.217391304347826,24.0,1.0,6.0,11.666666666666666,15.32394366197183,-0.2807017543859649,4.832015203547925,1.0386590881071083,20.0,9.0,182.0,0,57,11,0.0,0.0,60.0
2025,Belgian Grand Prix,13,27,HUL,Nico Hulkenberg,Kick Sauber,14.0,12,0.0,Finished,2025-06-18,2.0,6.666666666666667,7.0,7.333333333333333,1.0,0.0,8.4,5.8,4.6,1.0,0.0,11.4,2.9,3.3,1.0,0.0,18.5,18.0,15.0,11.935483870967742,18.0,2,9.0,-2.4999999999999987,5.413333333333333,0.0,1.0,4.0,5.0,13.56,41.0,1.0,3.0,10.0,15.068493150684931,-0.10344827586206896,4.976046677068594,1.024445754075705,35.0,9.0,185.0,0,58,12,1.0,0.0,75.0
2025,Hungarian Grand Prix,14,27,HUL,Nico Hulkenberg,Kick Sauber,17.0,13,0.0,Finished,2025-07-02,4.0,8.0,5.666666666666667,7.666666666666667,1.0,0.0,7.6,5.8,5.8,1.0,0.0,11.0,2.9,3.6,1.0,0.0,13.5,13.0,13.666666666666666,12.806451612903226,13.0,2,6.0,1.4999999999999991,4.457777777777778,0.0,1.0,4.0,5.0,13.222222222222221,49.0,1.0,3.0,9.0,14.906666666666666,-0.06779661016949153,4.940558417341174,1.0206415887523879,35.0,9.0,210.0,0,59,13,1.0,0.0,75.0
2025,Dutch Grand Prix,15,27,HUL,Nico Hulkenberg,Kick Sauber,17.0,15,0.0,Finished,2025-07-16,2.0,9.333333333333334,5.0,5.333333333333333,1.0,0.0,9.0,4.2,5.6,1.0,0.0,10.8,2.9,3.5,1.0,0.0,11.5,11.0,18.333333333333332,12.258064516129032,11.0,2,16.0,5.0,4.0,0.0,1.0,3.0,5.0,13.310344827586206,49.0,1.0,3.0,11.666666666666666,14.896103896103897,0.0,4.926579588383604,1.0156679326435518,35.0,9.0,228.0,0,60,14,1.0,0.0,75.0
2025,Italian Grand Prix,16,27,HUL,Nico Hulkenberg,Kick Sauber,2.0,20,0.0,Finished,2025-07-30,-18.0,13.333333333333334,0.0,2.6666666666666665,0.0,0.0,10.4,3.4,5.8,1.0,0.0,10.8,2.9,3.6,1.0,0.0,17.0,17.0,14.333333333333334,12.806451612903226,17.0,2,9.0,1.499999999999999,0.0,0.0,1.0,2.0,5.0,13.225806451612904,51.0,1.0,3.0,13.333333333333334,14.822784810126583,0.03278688524590164,4.8920589159533305,1.012678840851581,35.0,9.0,253.0,0,61,15,1.0,0.0,75.0
2025,Azerbaijan Grand Prix,17,27,HUL,Nico Hulkenberg,Kick Sauber,18.0,16,0.0,Finished,2025-08-13,2.0,16.0,0.0,-4.0,0.0,0.0,12.6,3.0,0.0,1.0,0.0,11.4,2.9,1.7,1.0,0.0,14.0,11.0,14.666666666666666,12.741935483870968,11.0,2,12.0,3.4999999999999982,0.0,0.0,1.0,1.0,5.0,13.393939393939394,51.0,1.0,3.0,13.666666666666666,14.851851851851851,-0.25806451612903225,5.36514398343442,1.1038721928808566,35.0,9.0,268.0,0,62,16,1.0,0.0,75.0
2025,Singapore Grand Prix,18,27,HUL,Nico Hulkenberg,Kick Sauber,11.0,20,0.0,Finished,2025-08-27,-9.0,17.0,0.0,-4.666666666666667,0.0,0.0,15.2,0.0,-1.6,0.0,0.0,11.8,2.9,1.5,1.0,0.0,11.5,9.0,16.0,12.166666666666666,9.0,2,15.0,0.4999999999999987,0.0,0.0,0.0,0.0,5.0,13.571428571428571,51.0,1.0,3.0,15.0,14.891566265060241,-0.2222222222222222,5.329299549824186,1.0997171622503334,35.0,10.0,268.0,0,63,17,1.0,0.0,75.0
2025,United States Grand Prix,19,27,HUL,Nico Hulkenberg,Kick Sauber,11.0,8,4.0,Finished,2025-09-10,3.0,18.666666666666668,0.0,-8.333333333333334,0.0,0.0,16.8,0.0,-3.8,0.0,0.0,12.2,2.9,1.0,1.0,0.0,10.5,8.0,18.0,12.03225806451613,8.0,2,17.0,-1.9750651493760343e-15,0.0,0.0,0.0,0.0,5.0,13.864864864864865,51.0,1.0,3.0,18.333333333333332,14.988235294117647,-0.359375,5.399492002854425,1.1085757482568386,35.0,10.0,280.0,0,64,18,1.0,0.0,75.0
2025,Mexico City Grand Prix,20,27,HUL,Nico Hulkenberg,Kick Sauber,17.0,19,0.0,Finished,2025-09-24,-2.0,14.666666666666666,1.3333333333333333,-1.3333333333333333,0.0,0.0,15.8,0.8,-4.0,0.0,0.0,12.4,2.5,0.8,1.0,0.0,11.5,9.0,13.0,11.096774193548388,9.0,2,10.0,-3.9999999999999982,1.0970464135021096,0.0,0.0,1.0,5.0,13.615384615384615,56.0,1.0,3.0,12.0,14.850574712643677,-0.3076923076923077,5.373322636306716,1.1017771470016053,39.0,9.0,286.0,0,65,19,1.0,0.0,79.0
2025,São Paulo Grand Prix,21,27,HUL,Nico Hulkenberg,Kick Sauber,13.0,9,2.0,Finished,2025-10-08,4.0,15.666666666666666,1.3333333333333333,-2.6666666666666665,0.0,0.0,16.6,0.8,-4.8,0.0,0.0,13.5,2.1,0.5,1.0,0.0,15.0,12.0,16.0,12.387096774193548,12.0,2,13.0,-0.5000000000000037,1.1139240506329113,0.0,0.0,1.0,5.0,13.902439024390244,56.0,1.0,3.0,16.333333333333332,14.955056179775282,-0.3333333333333333,5.335896819822781,1.1010768198584833,39.0,9.0,306.0,0,66,20,1.0,0.0,79.0
2025,Las Vegas Grand Prix,22,27,HUL,Nico Hulkenberg,Kick Sauber,12.0,9,2.0,Finished,2025-10-22,3.0,12.0,2.0,1.6666666666666667,0.0,0.0,14.4,1.2,-0.4,0.0,0.0,13.5,2.1,-0.2,1.0,0.0,13.5,8.0,16.666666666666668,12.258064516129032,8.0,2,13.0,0.5000000000000007,1.654320987654321,0.0,0.0,2.0,5.0,13.906976744186046,58.0,1.0,3.0,16.0,14.934065934065934,-0.26865671641791045,5.321716770025522,1.0942377202017468,41.0,9.0,329.0,0,67,21,1.0,0.0,81.0
2025,Qatar Grand Prix,23,27,HUL,Nico Hulkenberg,Kick Sauber,11.0,20,0.0,Finished,2025-11-05,-9.0,12.333333333333334,1.3333333333333333,1.6666666666666667,0.0,0.0,13.0,1.6,-0.2,0.0,0.0,14.1,0.8,-0.9,0.0,0.0,16.0,16.0,10.666666666666666,11.4,16.0,2,8.0,-5.000000000000001,1.0923694779116464,0.0,0.0,3.0,5.0,13.777777777777779,60.0,1.0,3.0,13.666666666666666,14.849462365591398,-0.22058823529411764,5.296705786253205,1.0883269844974226,43.0,10.0,345.0,0,68,22,1.0,0.0,83.0
2025,Abu Dhabi Grand Prix,24,27,HUL,Nico Hulkenberg,Kick Sauber,18.0,11,0.0,Finished,2025-11-19,7.0,12.666666666666666,1.3333333333333333,-0.6666666666666666,0.0,0.0,13.0,1.6,-0.2,0.0,0.0,14.9,0.8,-2.0,0.0,0.0,11.5,8.0,14.666666666666666,11.35483870967742,8.0,2,12.0,5.499999999999999,1.108433734939759,0.0,0.0,3.0,5.0,13.872340425531915,60.0,1.0,3.0,15.0,14.873684210526315,-0.34782608695652173,5.362796918851102,1.0967087190216145,43.0,11.0,357.0,0,69,23,1.0,0.0,83.0
2023,Dutch Grand Prix,13,40,LAW,Liam Lawson,AlphaTauri,19.0,14,0.0,Finished,2023-06-18,5.0,11.333333333333334,2.0,0.3333333333333333,0.0,0.0,11.4,2.2,0.2,0.0,0.0,11.5,2.0,0.1,0.0,0.0,10.0,8.0,10.4,17.0,8.0,0,7.0,-5.909437655256903e-17,0.864957264957265,0.0,0.0,2.0,5.0,13.916666666666666,4.0,1.0,9.0,13.666666666666666,13.916666666666666,0.0,0.0,1.013313220561811,0.0,19.0,286.0,0,0,0,0.0,0.0,0.0
2023,Italian Grand Prix,14,40,LAW,Liam Lawson,AlphaTauri,13.0,12,0.0,Finished,2023-07-02,1.0,14.0,0.0,5.0,0.0,0.0,14.0,0.0,5.0,0.0,0.0,14.0,0.0,5.0,0.0,0.0,10.0,8.0,10.4,12.0,8.0,0,7.0,-5.909437655256903e-17,0.864957264957265,0.0,0.0,0.0,1.0,13.884615384615385,4.0,1.0,9.0,12.333333333333334,13.884615384615385,5.0,0.0,0.7,0.0,19.0,311.0,0,1,1,0.0,0.0,0.0
2023,Singapore Grand Prix,15,40,LAW,Liam Lawson,AlphaTauri,13.0,10,1.0,Finished,2023-07-16,3.0,13.0,0.0,3.0,0.0,0.0,13.0,0.0,3.0,0.0,0.0,13.0,0.0,3.0,0.0,0.0,10.0,8.0,10.4,15.0,8.0,0,7.0,-2.0000000000000027,0.864957264957265,0.0,0.0,0.0,2.0,14.035714285714286,4.0,1.0,9.0,15.0,14.035714285714286,3.0,2.8284271247461903,0.7785714285714285,0.0,18.0,336.0,0,2,2,0.0,0.0,0.0
2023,Japanese Grand Prix,16,40,LAW,Liam Lawson,AlphaTauri,10.0,11,0.0,Finished,2023-07-30,-1.0,12.0,0.3333333333333333,3.0,0.0,0.0,12.0,0.3333333333333333,3.0,0.0,0.0,12.0,0.3333333333333333,3.0,0.0,0.0,10.0,8.0,10.4,16.5,8.0,0,7.0,-1.9999999999999991,1.0,0.0,0.0,1.0,3.0,14.066666666666666,5.0,1.0,9.0,16.333333333333332,14.066666666666666,3.0,2.0,0.7571428571428571,1.0,19.0,345.0,0,3,3,0.0,0.0,1.0
2023,Qatar Grand Prix,17,40,LAW,Liam Lawson,AlphaTauri,16.0,17,0.0,Finished,2023-08-13,-1.0,11.0,0.3333333333333333,1.0,0.0,0.0,11.75,0.25,2.0,0.0,0.0,11.75,0.25,2.0,0.0,0.0,10.0,8.0,10.4,10.0,8.0,0,7.0,-0.5000000000000004,1.3333333333333333,0.0,0.0,1.0,4.0,13.90625,5.0,1.0,9.0,14.0,13.90625,2.0,2.581988897471611,0.8178571428571428,1.0,18.0,370.0,0,4,4,0.0,0.0,1.0
2024,United States Grand Prix,19,30,LAW,Liam Lawson,RB,14.0,9,2.0,Finished,2024-09-09,5.0,12.666666666666666,0.3333333333333333,0.3333333333333333,0.0,0.0,12.8,0.2,1.4,0.0,0.0,12.8,0.2,1.4,0.0,0.0,10.0,8.0,10.4,10.727272727272727,8.0,0,7.0,3.4999999999999996,1.6666666666666665,0.0,0.0,1.0,5.0,13.555555555555555,25.0,1.0,7.0,16.666666666666668,13.555555555555555,1.4,2.6076809620810595,0.8542857142857143,0.0,18.0,303.0,0,5,0,0.0,0.0,1.0
2024,Mexico City Grand Prix,20,30,LAW,Liam Lawson,RB,12.0,16,0.0,Finished,2024-09-23,-4.0,12.333333333333334,0.6666666666666666,1.0,0.0,0.0,11.8,0.6,1.4,0.0,0.0,12.166666666666666,0.5,2.0,0.0,0.0,10.0,8.0,10.4,9.590909090909092,8.0,0,7.0,-0.9999999999999972,1.3333333333333333,0.0,0.0,2.0,5.0,13.447368421052632,27.0,1.0,7.0,11.666666666666666,13.447368421052632,2.0,2.756809750418044,0.8119047619047618,2.0,18.0,313.0,0,6,1,0.0,0.0,3.0
2024,São Paulo Grand Prix,21,30,LAW,Liam Lawson,RB,7.0,9,2.0,Finished,2024-10-07,-2.0,14.0,0.6666666666666666,0.0,0.0,0.0,12.6,0.6,0.4,0.0,0.0,12.714285714285714,0.42857142857142855,1.1428571428571428,0.0,0.0,10.0,8.0,10.4,10.704545454545455,8.0,0,7.0,-0.5000000000000018,1.5555555555555556,0.0,0.0,2.0,5.0,13.675,27.0,1.0,7.0,16.666666666666668,13.675,1.1428571428571428,3.38765264987284,0.8717425431711145,2.0,17.0,321.0,0,7,2,0.0,0.0,3.0
2024,Las Vegas Grand Prix,22,30,LAW,Liam Lawson,RB,13.0,16,0.0,Finished,2024-10-21,-3.0,11.333333333333334,1.3333333333333333,-0.3333333333333333,0.0,0.0,12.4,0.8,-0.6,0.0,0.0,12.25,0.625,0.75,0.0,0.0,10.0,8.0,10.4,10.477272727272727,8.0,0,7.0,1.1852672240004394e-15,2.1333333333333333,0.0,0.0,2.0,5.0,13.428571428571429,33.0,1.0,7.0,12.333333333333334,13.428571428571429,0.75,3.3273756282434617,0.9033997252747252,4.0,18.0,344.0,0,8,3,0.0,0.0,5.0
2024,Qatar Grand Prix,23,30,LAW,Liam Lawson,RB,16.0,14,0.0,Finished,2024-11-04,2.0,13.666666666666666,0.6666666666666666,-3.0,0.0,0.0,13.4,0.8,-1.0,0.0,0.0,12.666666666666666,0.5555555555555556,0.3333333333333333,0.0,0.0,17.0,17.0,10.4,10.13953488372093,17.0,1,7.0,-1.6334711489512957e-15,1.2,0.0,0.0,2.0,5.0,13.386363636363637,35.0,1.0,7.0,11.0,13.386363636363637,0.3333333333333333,3.3541019662496847,0.9300061050061051,4.0,18.0,354.0,0,9,4,0.0,0.0,5.0
2024,Abu Dhabi Grand Prix,24,30,LAW,Liam Lawson,RB,11.0,17,0.0,Finished,2024-11-18,-6.0,13.0,0.6666666666666666,-1.0,0.0,0.0,12.8,0.8,-0.4,0.0,0.0,12.8,0.5,0.5,0.0,0.0,10.0,8.0,10.4,9.818181818181818,8.0,0,7.0,2.5,1.3333333333333333,0.0,0.0,2.0,5.0,13.391304347826088,35.0,1.0,7.0,12.0,13.391304347826088,0.5,3.2058973436118907,0.9193584356819651,4.0,17.0,379.0,0,10,5,0.0,0.0,5.0
2025,Australian Grand Prix,1,30,LAW,Liam Lawson,Red Bull Racing,19.0,15,0.0,Finished,2025-01-01,4.0,15.666666666666666,0.0,-2.3333333333333335,0.0,0.0,14.4,0.4,-2.6,0.0,0.0,13.1,0.5,-0.6,0.0,0.0,10.0,8.0,7.75,10.038461538461538,8.0,0,1.0,0.4999999999999976,0.0,0.0,0.0,1.0,5.0,11.722222222222221,0.0,1.0,5.0,9.0,5.228260869565218,-0.09090909090909091,3.6181361349331636,0.9645682748623924,0.0,1.0,0.0,1,11,0,0.0,0.0,5.0
2025,Chinese Grand Prix,2,30,LAW,Liam Lawson,Red Bull Racing,18.0,16,0.0,Finished,2025-01-15,2.0,15.333333333333334,0.0,0.0,0.0,0.0,14.2,0.4,-1.0,0.0,0.0,13.4,0.5,-0.3,0.0,0.0,10.0,8.0,2.0,10.264705882352942,8.0,0,1.0,0.5000000000000006,0.0,0.0,0.0,1.0,5.0,8.5,18.0,1.0,2.0,7.666666666666667,5.297872340425532,0.25,3.646293261032983,0.9466875852905264,0.0,11.0,25.0,0,12,1,0.0,0.0,5.0
2025,Japanese Grand Prix,3,30,LAW,Liam Lawson,Racing Bulls,14.0,17,0.0,Finished,2025-01-29,-3.0,16.0,0.0,0.0,0.0,0.0,15.6,0.0,-0.2,0.0,0.0,14.0,0.4,-0.4,0.0,0.0,11.0,11.0,8.0,10.319148936170214,11.0,1,8.0,-0.5000000000000013,0.0,0.0,0.0,0.0,5.0,14.6,4.0,1.0,8.0,14.0,14.6,0.38461538461538464,3.5246385521180637,0.938642791280324,0.0,13.0,43.0,0,13,0,0.0,0.0,5.0
2025,Bahrain Grand Prix,4,30,LAW,Liam Lawson,Racing Bulls,17.0,13,0.0,Finished,2025-02-12,4.0,16.0,0.0,1.0,0.0,0.0,15.8,0.0,-0.2,0.0,0.0,14.6,0.4,-0.6,0.0,0.0,10.0,8.0,16.0,10.787234042553191,8.0,0,16.0,0.9999999999999978,0.0,0.0,0.0,0.0,5.0,15.142857142857142,4.0,1.0,8.0,13.666666666666666,15.142857142857142,0.14285714285714285,3.505098327538656,0.9525492585698246,0.0,14.0,61.0,0,14,1,0.0,0.0,5.0
2025,Saudi Arabian Grand Prix,5,30,LAW,Liam Lawson,Racing Bulls,13.0,11,0.0,Finished,2025-02-26,2.0,15.333333333333334,0.0,1.0,0.0,0.0,15.6,0.0,0.2,0.0,0.0,14.2,0.4,-0.1,0.0,0.0,10.0,8.0,10.0,10.893617021276595,8.0,0,10.0,-1.499999999999999,0.0,0.0,0.0,0.0,5.0,14.333333333333334,5.0,1.0,8.0,13.0,14.333333333333334,0.4,3.5213633723318014,0.9371941228133179,0.0,16.0,79.0,0,15,2,0.0,0.0,5.0
2025,Miami Grand Prix,6,30,LAW,Liam Lawson,Racing Bulls,20.0,17,0.0,Finished,2025-03-12,3.0,13.666666666666666,0.0,1.0,0.0,0.0,14.4,0.0,1.8,0.0,0.0,14.4,0.2,-0.4,0.0,0.0,10.0,8.0,11.0,10.680851063829786,8.0,0,11.0,-3.0000000000000004,0.0,0.0,0.0,0.0,5.0,13.727272727272727,5.0,1.0,8.0,10.666666666666666,13.727272727272727,0.5,3.4253953543107007,0.9277266329946283,0.0,17.0,92.0,0,16,3,0.0,0.0,5.0
2025,Emilia Romagna Grand Prix,7,30,LAW,Liam Lawson,Racing Bulls,15.0,14,0.0,Finished,2025-03-26,1.0,13.666666666666666,0.0,3.0,0.0,0.0,14.8,0.0,1.6,0.0,0.0,14.5,0.2,0.3,0.0,0.0,10.0,8.0,9.0,10.838709677419354,8.0,0,9.0,1.9999999999999996,0.0,0.0,0.0,0.0,5.0,13.615384615384615,7.0,1.0,8.0,12.333333333333334,13.615384615384615,0.6470588235294118,3.3715941420674476,0.9207735257316391,0.0,17.0,117.0,0,17,4,0.0,0.0,5.0
2025,Monaco Grand Prix,8,30,LAW,Liam Lawson,Racing Bulls,9.0,8,4.0,Finished,2025-04-09,1.0,14.0,0.0,2.0,0.0,0.0,14.4,0.0,1.4,0.0,0.0,15.0,0.0,0.6,0.0,0.0,10.0,8.0,6.0,10.25531914893617,8.0,0,6.0,1.5,0.0,0.0,0.0,0.0,5.0,13.133333333333333,15.0,1.0,6.0,9.666666666666666,13.133333333333333,0.6666666666666666,3.2719844670996183,0.9182305520798812,0.0,17.0,132.0,0,18,5,0.0,0.0,5.0
2025,Spanish Grand Prix,9,30,LAW,Liam Lawson,Racing Bulls,13.0,11,0.0,Finished,2025-04-23,2.0,13.0,1.3333333333333333,1.6666666666666667,0.0,0.0,12.6,0.8,2.2,0.0,0.0,14.2,0.4,1.0,0.0,0.0,10.0,8.0,8.0,9.956521739130435,8.0,0,8.0,-4.499999999999997,2.814814814814815,0.0,0.0,1.0,5.0,12.529411764705882,23.0,1.0,6.0,7.333333333333333,12.529411764705882,0.6842105263157895,3.1807167532377796,0.9120078914440981,4.0,14.0,148.0,0,19,6,0.0,0.0,9.0
2025,Canadian Grand Prix,10,30,LAW,Liam Lawson,Racing Bulls,19.0,19,0.0,Finished,2025-05-07,0.0,11.0,1.3333333333333333,1.3333333333333333,0.0,0.0,12.2,0.8,1.8,0.0,0.0,13.9,0.4,1.0,0.0,0.0,10.0,8.0,16.0,10.148936170212766,8.0,0,16.0,-1.4999999999999998,2.962962962962963,0.0,0.0,1.0,5.0,12.631578947368421,23.0,1.0,6.0,11.666666666666666,12.631578947368421,0.75,3.1098316082352344,0.9056932111576075,4.0,15.0,168.0,0,20,7,0.0,0.0,9.0
2025,Austrian Grand Prix,11,30,LAW,Liam Lawson,Racing Bulls,12.0,6,8.0,Finished,2025-05-21,6.0,12.666666666666666,1.3333333333333333,1.0,0.0,0.0,13.8,0.8,1.4,0.0,0.0,14.1,0.4,1.6,0.0,0.0,10.0,8.0,12.0,10.191489361702128,8.0,0,12.0,5.5,3.111111111111111,0.0,0.0,1.0,5.0,12.904761904761905,23.0,1.0,6.0,15.666666666666666,12.904761904761905,0.7142857142857143,3.035504194410825,0.9078030582453404,4.0,16.0,180.0,0,21,8,0.0,0.0,9.0
2025,British Grand Prix,12,30,LAW,Liam Lawson,Racing Bulls,2.0,20,0.0,Finished,2025-06-04,-18.0,12.0,2.6666666666666665,2.6666666666666665,0.0,0.0,11.6,2.4,2.0,0.0,0.0,13.2,1.2,1.8,0.0,0.0,10.0,8.0,17.0,10.72340425531915,8.0,0,17.0,-2.499999999999997,3.4509803921568625,0.0,0.0,2.0,5.0,12.782608695652174,31.0,1.0,6.0,11.666666666666666,12.782608695652174,0.9545454545454546,3.1694565063200573,0.8875183038495732,12.0,13.0,190.0,0,22,9,0.0,0.0,17.0
2025,Belgian Grand Prix,13,30,LAW,Liam Lawson,Racing Bulls,9.0,8,4.0,Finished,2025-06-18,1.0,15.0,2.6666666666666665,-4.0,0.0,0.0,12.8,2.4,-1.8,0.0,0.0,13.6,1.2,-0.2,0.0,0.0,10.0,8.0,20.0,10.702127659574469,8.0,0,20.0,0.4999999999999984,3.607843137254902,0.0,0.0,2.0,5.0,13.36,31.0,1.0,6.0,19.0,13.36,0.13043478260869565,5.0209049150534515,1.1387856239720555,12.0,15.0,208.0,0,23,10,0.0,0.0,17.0
2025,Hungarian Grand Prix,14,30,LAW,Liam Lawson,Racing Bulls,8.0,8,4.0,Finished,2025-07-02,0.0,11.333333333333334,4.0,-3.6666666666666665,0.0,0.0,12.8,2.4,-1.8,0.0,0.0,12.7,1.6,0.2,0.0,0.0,10.0,8.0,11.0,10.425531914893616,8.0,0,11.0,1.0000000000000016,4.571428571428571,0.0,0.0,2.0,5.0,13.074074074074074,35.0,1.0,6.0,13.0,13.074074074074074,0.16666666666666666,4.913748827141236,1.1246695563065532,16.0,13.0,229.0,0,24,11,0.0,0.0,21.0
2025,Dutch Grand Prix,15,30,LAW,Liam Lawson,Racing Bulls,8.0,13,0.0,Finished,2025-07-16,-5.0,12.0,2.6666666666666665,-5.666666666666667,0.0,0.0,12.2,3.2,-2.2,0.0,0.0,12.2,2.0,-0.2,0.0,0.0,14.0,14.0,3.0,10.97872340425532,14.0,1,3.0,-6.000000000000002,2.6666666666666665,0.0,0.0,3.0,5.0,12.551724137931034,54.0,1.0,3.0,7.333333333333333,12.551724137931034,0.16,4.810405388322277,1.1152383296098467,20.0,11.0,243.0,0,25,12,0.0,0.0,25.0
2025,Italian Grand Prix,16,30,LAW,Liam Lawson,Racing Bulls,16.0,14,0.0,Finished,2025-07-30,2.0,9.666666666666666,2.6666666666666665,-1.3333333333333333,0.0,0.0,11.0,3.2,-3.2,0.0,0.0,12.4,2.0,-0.9,0.0,0.0,12.0,12.0,10.0,11.148936170212766,12.0,1,10.0,2.4999999999999987,2.773333333333333,0.0,0.0,3.0,5.0,12.483870967741936,55.0,1.0,3.0,8.666666666666666,12.483870967741936,-0.038461538461538464,4.820628749287953,1.1279001032573313,20.0,13.0,268.0,0,26,13,0.0,0.0,25.0
2025,Azerbaijan Grand Prix,17,30,LAW,Liam Lawson,Racing Bulls,4.0,5,10.0,Finished,2025-08-13,-1.0,11.666666666666666,1.3333333333333333,-1.0,0.0,0.0,12.6,1.6,-4.0,0.0,0.0,12.1,2.0,-1.0,0.0,0.0,10.0,8.0,10.0,11.446808510638299,8.0,0,10.0,3.0000000000000004,1.44,0.0,0.0,2.0,5.0,12.454545454545455,56.0,1.0,3.0,11.333333333333334,12.454545454545455,0.037037037037037035,4.7432663322414745,1.1166271146835303,20.0,13.0,283.0,0,27,14,0.0,0.0,25.0
2025,Singapore Grand Prix,18,30,LAW,Liam Lawson,Racing Bulls,12.0,15,0.0,Finished,2025-08-27,-3.0,10.666666666666666,3.3333333333333335,-1.3333333333333333,0.0,0.0,9.6,3.6,-0.6,0.0,0.0,11.2,3.0,-1.2,0.0,0.0,10.0,10.0,11.0,10.282608695652174,10.0,1,11.0,-4.0,2.666666666666667,0.0,0.0,3.0,5.0,12.2,66.0,1.0,3.0,8.666666666666666,12.2,0.0,4.658723398497028,1.11246186058769,30.0,11.0,273.0,0,28,15,0.0,0.0,35.0
2025,United States Grand Prix,19,30,LAW,Liam Lawson,Racing Bulls,13.0,11,0.0,Finished,2025-09-10,2.0,11.333333333333334,3.3333333333333335,-0.6666666666666666,0.0,0.0,11.0,2.8,-1.4,0.0,0.0,11.9,2.6,-1.6,0.0,0.0,9.0,9.0,16.0,10.872340425531915,9.0,1,16.0,0.499999999999998,2.7619047619047623,0.0,0.0,2.0,5.0,12.378378378378379,66.0,1.0,3.0,14.0,12.378378378378379,-0.10344827586206896,4.608569871029149,1.1138889051828094,30.0,12.0,285.0,0,29,16,0.0,0.0,35.0
2025,Mexico City Grand Prix,20,30,LAW,Liam Lawson,Racing Bulls,14.0,20,0.0,Finished,2025-09-24,-6.0,10.333333333333334,3.3333333333333335,-0.6666666666666666,0.0,0.0,11.6,2.0,-1.0,0.0,0.0,11.9,2.6,-1.6,0.0,0.0,16.0,16.0,13.0,10.02127659574468,16.0,1,13.0,3.0,2.857142857142857,0.0,0.0,1.0,5.0,12.35897435897436,66.0,1.0,3.0,13.333333333333334,12.35897435897436,-0.03333333333333333,4.544669733710663,1.1029497512005253,30.0,12.0,295.0,0,30,17,0.0,0.0,35.0
2025,São Paulo Grand Prix,21,30,LAW,Liam Lawson,Racing Bulls,7.0,7,6.0,Finished,2025-10-08,0.0,15.333333333333334,0.0,-2.3333333333333335,0.0,0.0,13.0,2.0,-1.2,0.0,0.0,12.0,2.6,-2.2,0.0,0.0,9.0,9.0,8.0,10.553191489361701,9.0,1,8.0,2.4999999999999996,0.0,0.0,0.0,1.0,5.0,12.439024390243903,70.0,1.0,3.0,13.666666666666666,12.439024390243903,-0.22580645161290322,4.594994939564532,1.1103814796564224,30.0,12.0,315.0,0,31,18,0.0,0.0,35.0
2025,Las Vegas Grand Prix,22,30,LAW,Liam Lawson,Racing Bulls,7.0,16,0.0,Finished,2025-10-22,-9.0,12.666666666666666,2.0,-1.3333333333333333,0.0,0.0,11.6,3.2,-1.6,0.0,0.0,12.1,2.4,-2.8,0.0,0.0,16.0,16.0,8.0,10.51063829787234,16.0,1,8.0,-1.9999999999999976,1.5609756097560976,0.0,0.0,2.0,5.0,12.209302325581396,80.0,1.0,3.0,7.666666666666667,12.209302325581396,-0.21875,4.520450841061278,1.1030258084171591,36.0,11.0,334.0,0,32,19,0.0,0.0,41.0
2025,Qatar Grand Prix,23,30,LAW,Liam Lawson,Racing Bulls,13.0,9,2.0,Finished,2025-11-05,4.0,14.333333333333334,2.0,-5.0,0.0,0.0,13.8,1.2,-3.2,0.0,0.0,11.7,2.4,-1.9,0.0,0.0,15.5,14.0,18.0,10.456521739130435,14.0,2,18.0,-1.9999999999999996,1.6097560975609757,0.0,0.0,1.0,5.0,12.422222222222222,80.0,1.0,3.0,14.0,12.422222222222222,-0.48484848484848486,4.704527155578524,1.13020684452573,36.0,11.0,352.0,0,33,20,0.0,0.0,41.0
2025,Abu Dhabi Grand Prix,24,30,LAW,Liam Lawson,Racing Bulls,11.0,18,0.0,Finished,2025-11-19,-7.0,10.666666666666666,2.6666666666666665,-1.6666666666666667,0.0,0.0,12.6,1.6,-1.8,0.0,0.0,11.8,2.2,-1.6,0.0,0.0,17.0,17.0,17.0,10.191489361702128,17.0,1,17.0,1.0000000000000013,2.1085271317829455,0.0,0.0,2.0,5.0,12.446808510638299,82.0,1.0,3.0,14.666666666666666,12.446808510638299,-0.35294117647058826,4.696112853821646,1.1158730297707715,38.0,12.0,362.0,0,34,21,0.0,0.0,43.0
2023,Bahrain Grand Prix,1,16,LEC,Charles Leclerc,Ferrari,2.0,19,0.0,Finished,2023-01-01,-17.0,11.333333333333334,2.0,0.3333333333333333,0.0,0.0,11.4,2.2,0.2,0.0,0.0,11.5,2.0,0.1,0.0,0.0,10.0,8.0,10.4,12.1875,8.0,0,7.0,-5.909437655256903e-17,0.864957264957265,0.0,0.0,2.0,5.0,11.722222222222221,0.0,1.0,5.0,11.0,11.511904761904763,0.0,0.0,1.013313220561811,0.0,1.0,0.0,1,0,0,0.0,0.0,0.0
2023,Saudi Arabian Grand Prix,2,16,LEC,Charles Leclerc,Ferrari,9.0,7,6.0,Finished,2023-01-15,2.0,19.0,0.0,-17.0,0.0,0.0,19.0,0.0,-17.0,0.0,0.0,19.0,0.0,-17.0,0.0,0.0,10.0,8.0,10.4,13.5625,8.0,0,7.0,-5.909437655256903e-17,0.864957264957265,0.0,0.0,0.0,1.0,11.5,12.0,1.0,4.0,11.5,11.5,-17.0,0.0,6.333333333333333,0.0,11.0,25.0,0,1,1,0.0,0.0,0.0
2023,Australian Grand Prix,3,16,LEC,Charles Leclerc,Ferrari,2.0,20,0.0,Finished,2023-01-29,-18.0,13.0,3.0,-7.5,0.0,0.0,13.0,3.0,-7.5,0.0,0.0,13.0,3.0,-7.5,0.0,0.0,10.0,8.0,10.4,11.1875,8.0,0,7.0,-12.0,1.0,0.0,0.0,1.0,2.0,9.0,26.0,1.0,4.0,5.666666666666667,9.0,-7.5,13.435028842544403,3.5166666666666666,6.0,8.0,37.0,0,2,2,0.0,0.0,6.0
2023,Azerbaijan Grand Prix,4,16,LEC,Charles Leclerc,Ferrari,1.0,3,15.0,Finished,2023-02-12,-2.0,15.333333333333334,2.0,-11.0,0.0,0.0,15.333333333333334,2.0,-11.0,0.0,0.0,15.333333333333334,2.0,-11.0,0.0,0.0,10.0,8.0,10.4,14.375,8.0,0,7.0,0.499999999999997,1.0,0.0,0.0,1.0,3.0,10.0,38.0,1.0,4.0,10.0,10.0,-11.0,11.269427669584644,4.566666666666666,6.0,8.0,62.0,0,3,3,0.0,0.0,6.0
2023,Miami Grand Prix,5,16,LEC,Charles Leclerc,Ferrari,6.0,7,6.0,Finished,2023-02-26,-1.0,10.0,7.0,-6.0,1.0,0.0,12.25,5.25,-8.75,1.0,0.0,12.25,5.25,-8.75,1.0,0.0,10.0,8.0,10.4,12.375,8.0,0,7.0,-1.999999999999996,1.3333333333333333,0.0,1.0,2.0,4.0,8.5,63.0,1.0,3.0,4.0,8.5,-8.75,10.242883708539635,3.8,21.0,8.0,65.0,0,4,4,1.0,0.0,21.0
2023,Monaco Grand Prix,6,16,LEC,Charles Leclerc,Ferrari,6.0,6,8.0,Finished,2023-03-12,0.0,10.0,7.0,-7.0,1.0,0.0,11.2,5.4,-7.2,1.0,0.0,11.2,5.4,-7.2,1.0,0.0,10.0,8.0,10.4,12.75,8.0,0,7.0,-6.5,1.2962962962962963,0.0,1.0,3.0,5.0,8.0,79.0,1.0,3.0,5.666666666666667,8.0,-7.2,9.5236547606473,3.2399999999999998,27.0,7.0,84.0,0,5,5,1.0,0.0,27.0
2023,Spanish Grand Prix,7,16,LEC,Charles Leclerc,Ferrari,20.0,12,0.0,Finished,2023-03-26,8.0,5.333333333333333,9.666666666666666,-1.0,1.0,0.0,8.6,7.0,-3.8,1.0,0.0,10.333333333333334,5.833333333333333,-6.0,1.0,0.0,10.0,8.0,10.4,10.933333333333334,8.0,0,7.0,1.5000000000000009,1.657142857142857,0.0,1.0,4.0,5.0,7.833333333333333,91.0,1.0,3.0,6.333333333333333,7.833333333333333,-6.0,9.011104260855047,2.842857142857143,35.0,7.0,101.0,0,6,6,1.0,0.0,35.0
2023,Canadian Grand Prix,8,16,LEC,Charles Leclerc,Ferrari,9.0,4,12.0,Finished,2023-04-09,5.0,8.333333333333334,4.666666666666667,2.3333333333333335,0.0,0.0,9.6,5.8,-2.6,1.0,0.0,10.571428571428571,5.0,-4.0,1.0,0.0,10.0,8.0,10.4,11.0,8.0,0,7.0,2.499999999999999,0.9333333333333333,0.0,1.0,3.0,5.0,7.928571428571429,101.0,1.0,3.0,8.333333333333334,7.928571428571429,-4.0,9.780933834080807,2.5183673469387755,35.0,7.0,126.0,0,7,7,1.0,0.0,35.0
2023,Austrian Grand Prix,9,16,LEC,Charles Leclerc,Ferrari,2.0,2,18.0,Finished,2023-04-23,0.0,7.333333333333333,6.666666666666667,4.333333333333333,0.0,0.0,6.4,8.2,2.0,1.0,0.0,9.75,5.875,-2.875,1.0,0.0,10.0,8.0,10.4,12.5625,8.0,0,7.0,-0.9999999999999984,1.1347517730496455,0.0,1.0,4.0,5.0,7.5,123.0,1.0,3.0,4.666666666666667,7.5,-2.875,9.598176910226233,2.2535714285714286,47.0,7.0,139.0,0,8,8,1.0,0.0,47.0
2023,British Grand Prix,10,16,LEC,Charles Leclerc,Ferrari,4.0,9,2.0,Finished,2023-05-07,-5.0,6.0,10.0,4.333333333333333,1.0,0.0,6.2,8.8,2.4,1.0,0.0,8.88888888888889,7.222222222222222,-2.5555555555555554,2.0,0.0,10.0,8.0,10.4,13.0625,8.0,0,7.0,-5.0,1.3846153846153846,0.0,1.0,4.0,5.0,7.0,153.0,1.0,2.0,3.6666666666666665,7.0,-2.5555555555555554,9.029273380387691,2.0772486772486776,65.0,6.0,146.0,0,9,9,2.0,0.0,65.0
2023,Hungarian Grand Prix,11,16,LEC,Charles Leclerc,Ferrari,5.0,6,8.0,Finished,2023-05-21,-1.0,5.0,10.666666666666666,0.0,1.0,0.0,6.6,8.0,1.6,1.0,0.0,8.9,6.7,-2.8,2.0,0.0,10.0,8.0,10.4,13.8125,8.0,0,7.0,2.4999999999999987,1.5920398009950247,0.0,1.0,4.0,5.0,7.25,156.0,1.0,2.0,7.666666666666667,7.25,-2.8,8.547904226573124,2.0495238095238095,67.0,7.0,169.0,0,10,10,2.0,0.0,67.0
2023,Belgian Grand Prix,12,16,LEC,Charles Leclerc,Ferrari,3.0,3,15.0,Finished,2023-06-04,0.0,5.666666666666667,9.333333333333334,-2.0,1.0,0.0,6.6,8.0,1.4,1.0,0.0,7.6,7.5,-1.2,2.0,0.0,10.0,8.0,10.4,11.8125,8.0,0,7.0,2.0000000000000004,1.368888888888889,0.0,1.0,4.0,5.0,7.2272727272727275,168.0,1.0,2.0,8.0,7.2272727272727275,-2.6363636363636362,8.127394751982054,1.954112554112554,75.0,7.0,186.0,0,11,11,2.0,0.0,75.0
2023,Dutch Grand Prix,13,16,LEC,Charles Leclerc,Ferrari,15.0,19,0.0,Finished,2023-06-18,-4.0,6.0,8.333333333333334,-2.0,1.0,0.0,4.8,11.0,-0.2,2.0,0.0,7.2,8.4,-1.4,3.0,0.0,10.0,8.0,10.4,11.25,8.0,0,7.0,-3.000000000000001,1.1111111111111112,0.0,2.0,5.0,5.0,7.541666666666667,183.0,1.0,2.0,10.0,7.541666666666667,-2.4166666666666665,7.786448990315668,1.8537698412698411,90.0,6.0,196.0,0,12,12,3.0,0.0,90.0
2023,Italian Grand Prix,14,16,LEC,Charles Leclerc,Ferrari,4.0,4,12.0,Finished,2023-07-02,0.0,9.333333333333334,7.666666666666667,-1.6666666666666667,1.0,0.0,7.8,8.6,-2.0,2.0,0.0,7.1,8.4,0.0,3.0,0.0,10.0,8.0,10.4,15.25,8.0,0,7.0,6.499999999999997,1.1074074074074074,0.0,2.0,4.0,5.0,7.884615384615385,193.0,1.0,2.0,14.333333333333334,7.884615384615385,-2.5384615384615383,7.467879938056768,1.8025183150183148,90.0,6.0,221.0,0,13,13,3.0,0.0,90.0
2023,Singapore Grand Prix,15,16,LEC,Charles Leclerc,Ferrari,3.0,4,12.0,Finished,2023-07-16,-1.0,8.666666666666666,9.0,-1.3333333333333333,1.0,0.0,8.2,7.4,-2.0,1.0,0.0,7.2,8.1,0.2,2.0,0.0,10.0,8.0,10.4,13.8,8.0,0,7.0,0.5000000000000024,1.2352941176470589,0.0,1.0,4.0,5.0,7.571428571428571,220.0,1.0,2.0,4.0,7.571428571428571,-2.357142857142857,7.206910602994909,1.7309098639455782,102.0,6.0,234.0,0,14,14,3.0,0.0,102.0
2023,Japanese Grand Prix,16,16,LEC,Charles Leclerc,Ferrari,4.0,4,12.0,Finished,2023-07-30,0.0,9.0,8.0,-1.6666666666666667,0.0,0.0,7.2,9.4,-1.2,1.0,0.0,6.9,8.7,0.2,2.0,0.0,10.0,8.0,10.4,13.0625,8.0,0,7.0,-7.500000000000003,1.0526315789473684,0.0,1.0,4.0,5.0,7.233333333333333,257.0,1.0,1.0,2.6666666666666665,7.233333333333333,-2.2666666666666666,6.95358763174672,1.6821825396825396,114.0,6.0,232.0,0,15,15,3.0,0.0,114.0
2023,Qatar Grand Prix,17,16,LEC,Charles Leclerc,Ferrari,5.0,5,10.0,Finished,2023-08-13,0.0,4.0,12.0,-0.3333333333333333,0.0,0.0,6.8,10.2,-1.0,1.0,0.0,6.7,9.1,0.2,2.0,0.0,10.0,8.0,10.4,11.75,8.0,0,7.0,-2.3637750621027613e-16,1.5238095238095237,0.0,1.0,4.0,5.0,7.09375,277.0,1.0,1.0,3.6666666666666665,7.09375,-2.125,6.74166151627327,1.627046130952381,126.0,5.0,245.0,0,16,16,3.0,0.0,126.0
2023,United States Grand Prix,18,16,LEC,Charles Leclerc,Ferrari,2.0,6,8.0,Finished,2023-08-27,-4.0,4.333333333333333,11.333333333333334,-0.3333333333333333,0.0,0.0,7.2,9.2,-1.0,0.0,0.0,6.0,10.1,-0.6,2.0,0.0,10.0,8.0,10.4,14.1875,8.0,0,7.0,0.4999999999999993,1.4166666666666667,0.0,0.0,4.0,5.0,7.03030303030303,287.0,1.0,1.0,5.0,7.03030303030303,-2.0,6.547900426854397,1.5803571428571428,136.0,6.0,260.0,0,17,17,3.0,0.0,136.0
2023,Mexico City Grand Prix,19,16,LEC,Charles Leclerc,Ferrari,2.0,3,15.0,Finished,2023-09-10,-1.0,5.0,10.0,-1.3333333333333333,0.0,0.0,4.6,10.8,-1.0,0.0,0.0,6.2,9.7,-1.5,2.0,0.0,10.0,8.0,10.4,13.875,8.0,0,7.0,0.9999999999999996,1.25,0.0,0.0,5.0,5.0,6.914285714285715,307.0,1.0,1.0,5.0,6.914285714285715,-2.111111111111111,6.3698636876068875,1.603670634920635,144.0,6.0,277.0,0,18,18,3.0,0.0,144.0
2023,São Paulo Grand Prix,20,16,LEC,Charles Leclerc,Ferrari,2.0,19,0.0,Finished,2023-09-24,-17.0,4.666666666666667,11.0,-1.6666666666666667,1.0,0.0,4.4,11.4,-1.2,1.0,0.0,6.3,9.4,-1.6,2.0,0.0,10.0,8.0,10.4,10.8125,8.0,0,7.0,-0.9999999999999996,1.3144654088050314,0.0,1.0,5.0,5.0,6.72972972972973,334.0,1.0,1.0,3.6666666666666665,6.72972972972973,-2.0526315789473686,6.195640799165225,1.5718984962406015,159.0,6.0,287.0,0,19,19,4.0,0.0,159.0
2023,Las Vegas Grand Prix,21,16,LEC,Charles Leclerc,Ferrari,2.0,2,18.0,Finished,2023-10-08,0.0,9.333333333333334,7.666666666666667,-7.333333333333333,1.0,0.0,7.4,9.0,-4.4,1.0,0.0,7.3,9.2,-2.8,2.0,0.0,10.0,8.0,10.4,13.9375,8.0,0,7.0,6.499999999999997,0.9643605870020965,0.0,1.0,4.0,5.0,7.0256410256410255,342.0,1.0,1.0,9.666666666666666,7.0256410256410255,-2.8,6.894696665210382,1.809970238095238,159.0,7.0,312.0,0,20,20,4.0,0.0,159.0
2023,Abu Dhabi Grand Prix,22,16,LEC,Charles Leclerc,Ferrari,2.0,3,15.0,Finished,2023-10-22,-1.0,8.0,11.0,-6.0,2.0,0.0,7.0,10.2,-4.4,2.0,0.0,6.9,10.2,-2.7,3.0,0.0,10.0,8.0,10.4,12.125,8.0,0,7.0,-0.49999999999999695,1.3050847457627117,0.0,2.0,4.0,5.0,6.902439024390244,366.0,1.0,1.0,5.0,6.902439024390244,-2.6666666666666665,6.747839160304085,1.7555272108843538,177.0,6.0,319.0,0,21,21,5.0,0.0,177.0
2024,Bahrain Grand Prix,1,16,LEC,Charles Leclerc,Ferrari,2.0,4,12.0,Finished,2024-01-01,-2.0,8.0,11.0,-6.0,2.0,0.0,6.6,11.2,-4.6,3.0,0.0,6.9,10.2,-2.8,3.0,0.0,19.0,19.0,11.5,12.11111111111111,19.0,1,4.0,-8.000000000000002,1.2604166666666667,0.0,3.0,4.0,5.0,11.722222222222221,0.0,1.0,5.0,9.333333333333334,7.069767441860465,-2.590909090909091,6.59479658453102,1.721185064935065,0.0,1.0,0.0,1,22,22,6.0,0.0,192.0
2024,Saudi Arabian Grand Prix,2,16,LEC,Charles Leclerc,Ferrari,2.0,3,15.0,Finished,2024-01-15,-1.0,3.0,15.0,-1.0,2.0,0.0,6.2,12.0,-4.2,3.0,0.0,5.4,11.4,-2.6,3.0,0.0,7.0,7.0,6.666666666666667,12.473684210526315,7.0,1,6.0,0.9999999999999996,1.6911764705882353,0.0,3.0,4.0,5.0,4.666666666666667,33.0,1.0,3.0,4.666666666666667,6.913043478260869,-2.5652173913043477,6.444349794104499,1.704321946169772,12.0,3.0,13.0,1,23,23,6.0,0.0,204.0
2024,Australian Grand Prix,3,16,LEC,Charles Leclerc,Ferrari,4.0,2,18.0,Finished,2024-01-29,2.0,3.3333333333333335,14.0,-1.3333333333333333,2.0,0.0,6.2,12.0,-4.2,3.0,0.0,5.3,11.7,-2.7,4.0,0.0,20.0,20.0,12.0,11.277777777777779,20.0,1,4.0,2.1961400718323828e-16,1.5342465753424657,0.0,3.0,4.0,5.0,4.25,48.0,1.0,3.0,4.333333333333333,6.829787234042553,-2.5,6.310791309853443,1.6749751984126984,27.0,3.0,23.0,1,24,24,7.0,0.0,219.0
2024,Japanese Grand Prix,4,16,LEC,Charles Leclerc,Ferrari,10.0,4,12.0,Finished,2024-02-12,6.0,3.0,15.0,-0.3333333333333333,2.0,0.0,2.8,15.6,-0.4,4.0,0.0,5.1,12.3,-2.4,5.0,0.0,4.0,4.0,5.0,12.166666666666666,4.0,1,4.0,-1.0,1.5822784810126582,0.0,4.0,5.0,5.0,3.3333333333333335,91.0,1.0,1.0,2.0,6.612244897959184,-2.32,6.243129557094476,1.6239761904761907,45.0,3.0,5.0,1,25,25,8.0,0.0,237.0
2024,Chinese Grand Prix,5,16,LEC,Charles Leclerc,Ferrari,7.0,4,12.0,Finished,2024-02-26,3.0,3.0,15.0,2.3333333333333335,2.0,0.0,3.2,14.4,0.8,3.0,0.0,5.1,12.3,-1.8,5.0,0.0,10.0,8.0,10.4,13.0,8.0,0,7.0,0.4999999999999995,1.5662650602409638,0.0,3.0,5.0,5.0,3.375,118.0,1.0,1.0,2.6666666666666665,6.490196078431373,-2.0,6.330876716537765,1.5755015817515816,57.0,3.0,18.0,1,26,26,8.0,0.0,249.0
2024,Miami Grand Prix,6,16,LEC,Charles Leclerc,Ferrari,2.0,3,15.0,Finished,2024-03-11,-1.0,3.3333333333333335,14.0,3.6666666666666665,1.0,0.0,3.4,13.8,1.6,2.0,0.0,5.0,12.5,-1.5,5.0,0.0,7.0,7.0,6.0,11.666666666666666,7.0,1,5.0,1.0,1.4482758620689655,0.0,2.0,5.0,5.0,3.6,140.0,1.0,1.0,4.0,6.415094339622642,-1.8148148148148149,6.282068724901651,1.5356681898348565,69.0,3.0,31.0,1,27,27,8.0,0.0,261.0
2024,Emilia Romagna Grand Prix,7,16,LEC,Charles Leclerc,Ferrari,3.0,3,15.0,Finished,2024-03-25,0.0,3.6666666666666665,13.0,2.6666666666666665,1.0,0.0,3.2,14.4,1.8,3.0,0.0,4.7,13.2,-1.2,6.0,0.0,10.0,8.0,10.4,14.125,8.0,0,7.0,-0.4999999999999999,1.3188405797101448,0.0,3.0,5.0,5.0,3.5833333333333335,167.0,1.0,1.0,4.0,6.3090909090909095,-1.7857142857142858,6.166559415626759,1.5165371830550403,84.0,3.0,34.0,1,28,28,9.0,0.0,276.0
2024,Monaco Grand Prix,8,16,LEC,Charles Leclerc,Ferrari,1.0,1,25.0,Finished,2024-04-08,0.0,3.3333333333333335,14.0,0.6666666666666666,2.0,0.0,3.2,14.4,2.0,3.0,0.0,4.7,13.2,-1.1,6.0,0.0,6.0,6.0,7.0,12.11111111111111,6.0,1,6.0,-0.5000000000000003,1.395189003436426,0.0,3.0,5.0,5.0,3.642857142857143,192.0,1.0,1.0,4.0,6.228070175438597,-1.7241379310344827,6.0645135932861685,1.49010486639797,99.0,2.0,44.0,1,29,29,10.0,0.0,291.0
2024,Canadian Grand Prix,9,16,LEC,Charles Leclerc,Ferrari,10.0,19,0.0,Finished,2024-04-22,-9.0,2.3333333333333335,18.333333333333332,-0.3333333333333333,3.0,0.0,3.0,15.8,1.6,3.0,0.0,2.9,15.7,0.6,7.0,0.0,4.0,4.0,4.5,10.277777777777779,4.0,1,4.0,-1.0,1.740506329113924,1.0,3.0,5.0,5.0,3.4375,232.0,1.0,1.0,3.0,6.084745762711864,-1.6666666666666667,5.9673440827807855,1.457101370851371,124.0,2.0,27.0,1,30,30,11.0,1.0,316.0
2024,Spanish Grand Prix,10,16,LEC,Charles Leclerc,Ferrari,5.0,5,10.0,Finished,2024-05-06,0.0,7.666666666666667,13.333333333333334,-3.0,2.0,0.0,6.0,13.4,-1.4,3.0,0.0,4.6,13.9,-0.3,6.0,0.0,12.0,12.0,8.5,10.647058823529411,12.0,1,5.0,7.9999999999999964,1.3080168776371308,1.0,3.0,4.0,5.0,5.0,232.0,1.0,1.0,12.666666666666666,6.459016393442623,-1.903225806451613,6.013068205775802,1.465816575897221,124.0,3.0,52.0,1,31,31,11.0,1.0,316.0
2024,Austrian Grand Prix,11,16,LEC,Charles Leclerc,Ferrari,18.0,11,0.0,Finished,2024-05-20,7.0,8.333333333333334,11.666666666666666,-3.0,1.0,0.0,6.2,13.0,-2.0,3.0,0.0,4.8,13.4,-0.2,5.0,0.0,2.0,2.0,3.0,11.5,2.0,1,2.0,2.0000000000000018,1.1451942740286298,1.0,3.0,4.0,5.0,5.05,250.0,1.0,1.0,9.0,6.428571428571429,-1.84375,5.924848575715778,1.4460514745670996,134.0,3.0,67.0,1,32,32,11.0,1.0,326.0
2024,British Grand Prix,12,16,LEC,Charles Leclerc,Ferrari,9.0,14,0.0,Finished,2024-06-03,-5.0,11.666666666666666,3.3333333333333335,-0.6666666666666666,0.0,0.0,7.8,10.0,-0.4,2.0,0.0,5.5,12.2,0.7,5.0,0.0,9.0,9.0,9.5,12.666666666666666,9.0,1,9.0,-4.000000000000003,0.3374233128834356,1.0,2.0,3.0,5.0,5.2272727272727275,265.0,1.0,1.0,6.666666666666667,6.446153846153846,-1.5757575757575757,6.031326051490994,1.419775592562674,134.0,3.0,77.0,1,33,33,11.0,1.0,326.0
2024,Hungarian Grand Prix,13,16,LEC,Charles Leclerc,Ferrari,5.0,4,12.0,Finished,2024-06-17,1.0,10.0,3.3333333333333335,0.6666666666666666,0.0,0.0,10.0,7.0,-1.4,1.0,0.0,6.6,10.7,0.3,4.0,0.0,6.0,6.0,7.0,13.055555555555555,6.0,1,6.0,4.500000000000001,0.34764826175869123,1.0,1.0,2.0,5.0,5.583333333333333,275.0,1.0,1.0,7.333333333333333,6.537313432835821,-1.6764705882352942,5.968201537315729,1.4191939574873011,134.0,4.0,95.0,0,34,34,11.0,1.0,326.0
2024,Belgian Grand Prix,14,16,LEC,Charles Leclerc,Ferrari,1.0,4,12.0,Finished,2024-07-01,-3.0,9.666666666666666,4.0,1.0,0.0,0.0,10.6,4.4,-1.2,0.0,0.0,6.8,10.1,0.2,3.0,0.0,3.0,3.0,11.0,11.722222222222221,3.0,1,3.0,-3.499999999999999,0.41420118343195267,0.0,0.0,2.0,5.0,5.538461538461538,295.0,1.0,1.0,5.0,6.492753623188406,-1.6,5.897157839861105,1.3976931777495687,146.0,3.0,93.0,1,35,35,11.0,1.0,338.0
2024,Dutch Grand Prix,15,16,LEC,Charles Leclerc,Ferrari,5.0,3,15.0,Finished,2024-07-15,2.0,7.333333333333333,8.0,-2.3333333333333335,0.0,0.0,7.6,6.8,0.0,0.0,0.0,6.8,10.1,-0.7,3.0,0.0,19.0,19.0,12.0,11.333333333333334,19.0,1,5.0,-5.000000000000001,0.822857142857143,0.0,0.0,3.0,5.0,5.535714285714286,313.0,1.0,1.0,5.666666666666667,6.464788732394366,-1.6388888888888888,5.816983890926774,1.4144239228120807,158.0,3.0,91.0,1,36,36,11.0,1.0,350.0
2024,Italian Grand Prix,16,16,LEC,Charles Leclerc,Ferrari,2.0,1,25.0,Finished,2024-07-29,1.0,3.6666666666666665,13.0,0.0,1.0,0.0,7.2,7.8,0.4,1.0,0.0,6.7,10.4,-0.8,4.0,0.0,4.0,4.0,3.5,13.944444444444445,4.0,1,3.0,-0.4999999999999999,1.3178082191780822,0.0,1.0,3.0,5.0,5.433333333333334,338.0,1.0,1.0,5.0,6.397260273972603,-1.5405405405405406,5.766736967753538,1.3897097627360786,173.0,3.0,94.0,1,37,37,12.0,1.0,365.0
2024,Azerbaijan Grand Prix,17,16,LEC,Charles Leclerc,Ferrari,1.0,2,18.0,Finished,2024-08-12,-1.0,2.6666666666666665,17.333333333333332,0.0,2.0,0.0,5.2,12.8,-0.8,2.0,0.0,6.5,11.4,-0.6,4.0,0.0,3.0,3.0,4.0,13.222222222222221,3.0,1,3.0,-1.4999999999999993,1.6888888888888887,1.0,2.0,4.0,5.0,5.25,375.0,1.0,1.0,3.3333333333333335,6.293333333333333,-1.4736842105263157,5.703184705887903,1.3619103830149537,198.0,3.0,77.0,1,38,38,13.0,2.0,390.0
2024,Singapore Grand Prix,18,16,LEC,Charles Leclerc,Ferrari,8.0,5,10.0,Finished,2024-08-26,3.0,2.0,19.333333333333332,0.6666666666666666,3.0,0.0,2.8,16.4,0.0,3.0,0.0,6.4,11.7,-0.7,4.0,0.0,4.0,4.0,2.5,12.470588235294118,4.0,1,1.0,-0.5000000000000007,1.8480392156862744,1.0,3.0,5.0,5.0,5.470588235294118,393.0,1.0,1.0,7.333333333333333,6.363636363636363,-1.4615384615384615,5.628153636879851,1.3526306296043138,216.0,3.0,69.0,1,39,39,14.0,2.0,408.0
2024,United States Grand Prix,19,16,LEC,Charles Leclerc,Ferrari,1.0,1,25.0,Finished,2024-09-09,0.0,2.6666666666666665,17.666666666666668,1.0,2.0,0.0,3.0,16.0,0.4,3.0,0.0,6.8,10.2,-0.4,3.0,0.0,6.0,6.0,5.0,13.166666666666666,6.0,1,4.0,1.9999999999999996,1.6905901116427435,1.0,3.0,5.0,5.0,5.5,409.0,1.0,1.0,9.333333333333334,6.3544303797468356,-1.35,5.600137360952718,1.3327037527530947,226.0,3.0,77.0,1,40,40,14.0,2.0,418.0
2024,Mexico City Grand Prix,20,16,LEC,Charles Leclerc,Ferrari,6.0,3,15.0,Finished,2024-09-23,3.0,2.6666666666666665,17.666666666666668,0.6666666666666666,2.0,0.0,2.4,18.6,1.0,4.0,0.0,5.0,12.7,0.5,4.0,0.0,3.0,3.0,3.5,12.722222222222221,3.0,1,3.0,-0.4999999999999991,1.635063957863055,2.0,4.0,5.0,5.0,5.2894736842105265,452.0,1.0,1.0,3.3333333333333335,6.234567901234568,-1.3170731707317074,5.533710438712185,1.3123939051249705,251.0,3.0,64.0,1,41,41,15.0,3.0,443.0
2024,São Paulo Grand Prix,21,16,LEC,Charles Leclerc,Ferrari,6.0,5,10.0,Finished,2024-10-07,1.0,3.0,16.666666666666668,2.0,2.0,0.0,2.4,18.6,1.2,4.0,0.0,4.8,13.2,0.8,5.0,0.0,19.0,19.0,12.5,11.0,19.0,1,6.0,-1.0000000000000009,1.5283842794759825,2.0,4.0,5.0,5.0,5.125,492.0,1.0,1.0,2.0,6.132530120481928,-1.2142857142857142,5.506252385335279,1.2913505128260767,266.0,3.0,57.0,1,42,42,16.0,3.0,458.0
2024,Las Vegas Grand Prix,22,16,LEC,Charles Leclerc,Ferrari,2.0,4,12.0,Finished,2024-10-21,-2.0,3.0,16.666666666666668,1.3333333333333333,2.0,0.0,3.2,15.6,1.2,3.0,0.0,4.2,14.2,0.2,5.0,0.0,2.0,2.0,4.5,12.88888888888889,2.0,1,2.0,1.9999999999999996,1.5313390313390314,1.0,3.0,5.0,5.0,5.380952380952381,502.0,1.0,1.0,7.333333333333333,6.235294117647059,-1.1627906976744187,5.450776408471503,1.2779304012321149,276.0,3.0,72.0,1,43,43,16.0,3.0,468.0
2024,Qatar Grand Prix,23,16,LEC,Charles Leclerc,Ferrari,6.0,2,18.0,Finished,2024-11-04,4.0,4.0,12.333333333333334,0.6666666666666666,1.0,0.0,3.6,14.4,1.0,2.0,0.0,3.2,15.4,0.5,5.0,0.0,5.0,5.0,5.0,11.352941176470589,5.0,1,5.0,0.5000000000000004,1.1305555555555558,1.0,2.0,5.0,5.0,5.295454545454546,529.0,1.0,1.0,7.666666666666667,6.172413793103448,-1.1818181818181819,5.388500793670041,1.2791895587798698,288.0,3.0,70.0,1,44,44,16.0,3.0,480.0
2024,Abu Dhabi Grand Prix,24,16,LEC,Charles Leclerc,Ferrari,9.0,3,15.0,Finished,2024-11-18,6.0,3.6666666666666665,13.333333333333334,1.0,1.0,0.0,3.0,16.0,1.2,3.0,0.0,3.0,16.0,0.8,6.0,0.0,3.0,3.0,10.5,11.944444444444445,3.0,1,3.0,-1.5,1.2048192771084338,1.0,3.0,5.0,5.0,5.239130434782608,555.0,1.0,1.0,3.6666666666666665,6.123595505617978,-1.0666666666666667,5.382632002350455,1.2571123304895235,306.0,3.0,77.0,1,45,45,17.0,3.0,498.0
2025,Australian Grand Prix,1,16,LEC,Charles Leclerc,Ferrari,8.0,8,4.0,Finished,2025-01-01,0.0,3.0,15.0,2.6666666666666665,2.0,0.0,3.4,14.0,2.4,3.0,0.0,2.9,16.3,1.7,7.0,0.0,11.0,2.0,7.4,10.285714285714286,2.0,2,1.0,-0.4999999999999998,1.345029239766082,0.0,3.0,5.0,5.0,10.0,1.0,1.0,10.0,5.0,6.086956521739131,-0.9130434782608695,5.423512953208759,1.2363055406962729,0.0,1.0,0.0,1,46,46,18.0,3.0,513.0
2025,Chinese Grand Prix,2,16,LEC,Charles Leclerc,Ferrari,5.0,5,10.0,Finished,2025-01-15,0.0,4.333333333333333,12.333333333333334,3.3333333333333335,2.0,0.0,4.4,11.8,1.8,2.0,0.0,3.4,15.2,1.5,6.0,0.0,4.0,4.0,5.0,10.818181818181818,4.0,1,4.0,2.999999999999999,1.1212121212121213,0.0,2.0,5.0,5.0,8.0,13.0,1.0,6.0,8.0,6.1063829787234045,-0.8936170212765957,5.365890835530892,1.2289136970407968,4.0,8.0,21.0,0,47,47,18.0,3.0,517.0
2025,Japanese Grand Prix,3,16,LEC,Charles Leclerc,Ferrari,4.0,4,12.0,Finished,2025-01-29,0.0,5.333333333333333,9.666666666666666,2.0,1.0,0.0,4.4,11.8,1.6,2.0,0.0,3.8,13.7,1.4,5.0,0.0,4.0,4.0,4.8,11.095238095238095,4.0,2,3.0,1.0000000000000009,0.8804554079696395,0.0,2.0,5.0,5.0,7.2,29.0,1.0,5.0,6.0,6.104166666666667,-0.875,5.310066714330273,1.2206724394635577,14.0,6.0,29.0,0,48,48,18.0,3.0,527.0
2025,Bahrain Grand Prix,4,16,LEC,Charles Leclerc,Ferrari,4.0,4,12.0,Finished,2025-02-12,0.0,5.666666666666667,8.666666666666666,0.0,0.0,0.0,4.4,11.8,2.0,2.0,0.0,4.0,13.1,1.5,4.0,0.0,11.5,4.0,7.0,10.952380952380953,4.0,2,3.0,-1.9999999999999991,0.7878787878787878,0.0,2.0,5.0,5.0,6.428571428571429,51.0,1.0,4.0,5.333333333333333,6.071428571428571,-0.8571428571428571,5.25594901040716,1.212087287637771,26.0,5.0,35.0,0,49,49,18.0,3.0,539.0
2025,Saudi Arabian Grand Prix,5,16,LEC,Charles Leclerc,Ferrari,5.0,3,15.0,Finished,2025-02-26,2.0,4.333333333333333,11.333333333333334,0.0,0.0,0.0,4.8,10.6,1.2,1.0,0.0,3.9,13.3,1.2,4.0,0.0,5.0,3.0,6.0,11.761904761904763,3.0,2,3.0,-0.4999999999999999,1.0284331518451302,0.0,1.0,5.0,5.0,6.222222222222222,69.0,1.0,4.0,5.333333333333333,6.06,-0.84,5.203452543009011,1.2038455418850156,38.0,5.0,41.0,0,50,50,18.0,3.0,551.0
2025,Miami Grand Prix,6,16,LEC,Charles Leclerc,Ferrari,9.0,7,6.0,Finished,2025-03-12,2.0,3.6666666666666665,13.0,0.6666666666666666,1.0,0.0,4.8,10.6,0.4,1.0,0.0,4.1,12.3,1.4,4.0,0.0,5.0,3.0,5.4,10.714285714285714,3.0,2,3.0,-0.4999999999999999,1.1713780918727916,0.0,1.0,5.0,5.0,6.090909090909091,88.0,1.0,3.0,6.0,6.049019607843137,-0.7843137254901961,5.166483235200502,1.1900446489068779,53.0,5.0,39.0,0,51,51,19.0,3.0,566.0
2025,Emilia Romagna Grand Prix,7,16,LEC,Charles Leclerc,Ferrari,10.0,6,8.0,Finished,2025-03-26,4.0,4.666666666666667,11.0,1.3333333333333333,1.0,0.0,4.6,11.0,0.8,1.0,0.0,4.5,11.4,1.3,3.0,0.0,3.0,3.0,4.0,11.363636363636363,3.0,1,3.0,1.4999999999999991,1.0,0.0,1.0,5.0,5.0,6.0,106.0,1.0,3.0,6.333333333333333,6.038461538461538,-0.7307692307692307,5.1301316140108835,1.1806207133509765,59.0,5.0,58.0,0,52,52,19.0,3.0,572.0
2025,Monaco Grand Prix,8,16,LEC,Charles Leclerc,Ferrari,2.0,2,18.0,Finished,2025-04-09,0.0,5.333333333333333,9.666666666666666,2.6666666666666665,1.0,0.0,4.8,10.6,1.6,1.0,0.0,4.6,11.2,1.6,3.0,0.0,3.5,1.0,4.6,10.80952380952381,1.0,2,1.0,1.5000000000000009,0.8833333333333333,0.0,1.0,5.0,5.0,5.933333333333334,124.0,1.0,3.0,5.0,6.028301886792453,-0.6415094339622641,5.121952525921526,1.1686364460321759,67.0,5.0,65.0,0,53,53,19.0,3.0,580.0
2025,Spanish Grand Prix,9,16,LEC,Charles Leclerc,Ferrari,5.0,3,15.0,Finished,2025-04-23,2.0,5.0,10.666666666666666,2.0,1.0,0.0,4.4,11.8,1.6,2.0,0.0,4.4,11.8,1.8,4.0,0.0,8.5,5.0,7.0,9.95,5.0,2,5.0,-2.5,0.963210702341137,0.0,2.0,5.0,5.0,5.764705882352941,148.0,1.0,2.0,4.666666666666667,6.0,-0.6296296296296297,5.074153136131865,1.1593407093772592,85.0,5.0,67.0,0,54,54,20.0,3.0,598.0
2025,Canadian Grand Prix,10,16,LEC,Charles Leclerc,Ferrari,8.0,5,10.0,Finished,2025-05-07,3.0,3.6666666666666665,13.666666666666666,2.0,2.0,0.0,4.2,12.4,2.0,3.0,0.0,4.5,11.5,1.6,4.0,0.0,11.5,4.0,10.0,10.761904761904763,4.0,2,4.0,-1.5000000000000009,1.22620989668298,0.0,3.0,5.0,5.0,5.631578947368421,171.0,1.0,2.0,5.333333333333333,5.972727272727273,-0.5818181818181818,5.03944040504098,1.1473526964794907,100.0,4.0,72.0,0,55,55,21.0,3.0,613.0
2025,Austrian Grand Prix,11,16,LEC,Charles Leclerc,Ferrari,6.0,3,15.0,Finished,2025-05-21,3.0,3.3333333333333335,14.333333333333334,1.6666666666666667,2.0,0.0,4.6,11.4,2.2,2.0,0.0,4.7,11.0,1.3,3.0,0.0,6.5,2.0,4.8,10.714285714285714,2.0,2,2.0,1.4999999999999998,1.2883895131086143,0.0,2.0,5.0,5.0,5.523809523809524,193.0,1.0,2.0,5.0,5.946428571428571,-0.5178571428571429,5.01630458488235,1.1367848903915634,110.0,5.0,74.0,0,56,56,21.0,3.0,623.0
2025,British Grand Prix,12,16,LEC,Charles Leclerc,Ferrari,17.0,14,0.0,Finished,2025-06-04,3.0,3.6666666666666665,13.333333333333334,2.6666666666666665,2.0,0.0,3.8,13.2,2.4,3.0,0.0,4.2,12.1,1.6,4.0,0.0,11.5,9.0,8.4,11.952380952380953,9.0,2,4.0,2.0725840364979978e-16,1.1912225705329154,0.0,3.0,5.0,5.0,5.3478260869565215,220.0,1.0,2.0,3.6666666666666665,5.9035087719298245,-0.45614035087719296,4.993103012580012,1.1243600928157715,125.0,5.0,77.0,0,57,57,22.0,3.0,638.0
2025,Belgian Grand Prix,13,16,LEC,Charles Leclerc,Ferrari,3.0,3,15.0,Finished,2025-06-18,0.0,7.333333333333333,8.333333333333334,3.0,1.0,0.0,5.4,11.6,2.2,3.0,0.0,5.1,11.1,1.9,4.0,0.0,3.5,3.0,8.0,10.904761904761905,3.0,2,3.0,4.4999999999999964,0.7575757575757577,0.0,3.0,4.0,5.0,5.76,226.0,1.0,2.0,8.333333333333334,5.982758620689655,-0.39655172413793105,4.969872938375132,1.118384535659944,125.0,5.0,95.0,0,58,58,22.0,3.0,638.0
2025,Hungarian Grand Prix,14,16,LEC,Charles Leclerc,Ferrari,1.0,4,12.0,Finished,2025-07-02,-3.0,6.666666666666667,10.0,2.0,2.0,0.0,5.6,11.0,2.2,3.0,0.0,5.0,11.4,1.9,5.0,0.0,5.0,4.0,7.2,12.238095238095237,4.0,2,4.0,2.0280498724447315e-15,0.9035222052067381,0.0,3.0,4.0,5.0,5.888888888888889,241.0,1.0,2.0,7.333333333333333,6.008474576271187,-0.3898305084745763,4.927113406701886,1.1121407299707924,140.0,5.0,105.0,0,59,59,23.0,3.0,653.0
2025,Dutch Grand Prix,15,16,LEC,Charles Leclerc,Ferrari,5.0,19,0.0,Finished,2025-07-16,-14.0,7.0,9.0,0.0,1.0,0.0,5.8,10.4,1.2,2.0,0.0,5.0,11.4,1.6,5.0,0.0,11.0,3.0,10.4,11.047619047619047,3.0,2,3.0,-5.000000000000001,0.8120300751879699,0.0,2.0,4.0,5.0,6.310344827586207,253.0,1.0,2.0,12.0,6.108333333333333,-0.43333333333333335,4.89678783218615,1.1269383844712793,152.0,5.0,111.0,0,60,60,23.0,3.0,665.0
2025,Italian Grand Prix,16,16,LEC,Charles Leclerc,Ferrari,5.0,4,12.0,Finished,2025-07-30,1.0,8.666666666666666,9.0,-5.666666666666667,1.0,0.0,8.6,8.4,-2.2,2.0,0.0,6.6,9.9,0.0,4.0,0.0,2.5,1.0,3.6,12.476190476190476,1.0,2,1.0,7.999999999999998,0.8255639097744362,0.0,2.0,3.0,5.0,6.709677419354839,261.0,1.0,2.0,15.0,6.213114754098361,-0.6557377049180327,5.157147938869699,1.1603765530318593,152.0,5.0,136.0,0,61,61,23.0,3.0,665.0
2025,Azerbaijan Grand Prix,17,16,LEC,Charles Leclerc,Ferrari,10.0,9,2.0,Finished,2025-08-13,1.0,9.0,8.0,-5.333333333333333,0.0,0.0,8.8,7.8,-2.6,1.0,0.0,6.3,10.5,-0.1,4.0,0.0,2.5,2.0,6.8,12.571428571428571,2.0,2,2.0,2.9486885706217783e-15,0.7326440177252584,0.0,1.0,3.0,5.0,6.666666666666667,277.0,1.0,2.0,6.0,6.209677419354839,-0.6290322580645161,5.119022290638821,1.1524134903485497,164.0,5.0,139.0,0,62,62,23.0,3.0,677.0
2025,Singapore Grand Prix,18,16,LEC,Charles Leclerc,Ferrari,5.0,6,8.0,Finished,2025-08-27,-1.0,10.666666666666666,4.666666666666667,-4.0,0.0,0.0,7.8,8.2,-3.0,1.0,0.0,6.6,9.9,-0.4,4.0,0.0,4.5,4.0,4.8,11.55,4.0,2,1.0,-5.000000000000002,0.4329896907216495,0.0,1.0,4.0,5.0,6.742857142857143,285.0,1.0,2.0,8.0,6.238095238095238,-0.6031746031746031,5.081718284899955,1.1471082257109826,166.0,5.0,137.0,0,63,63,23.0,3.0,679.0
2025,United States Grand Prix,19,16,LEC,Charles Leclerc,Ferrari,2.0,3,15.0,Finished,2025-09-10,-1.0,6.333333333333333,7.333333333333333,0.3333333333333333,0.0,0.0,8.4,6.8,-3.2,0.0,0.0,7.0,8.9,-0.5,3.0,0.0,3.5,1.0,3.4,11.619047619047619,1.0,2,1.0,1.0000000000000007,0.6831635128578359,0.0,0.0,4.0,5.0,6.648648648648648,305.0,1.0,2.0,5.666666666666667,6.21875,-0.609375,5.041469889902513,1.1448096596842485,174.0,5.0,141.0,0,64,64,23.0,3.0,687.0
2025,Mexico City Grand Prix,20,16,LEC,Charles Leclerc,Ferrari,2.0,2,18.0,Finished,2025-09-24,0.0,6.0,8.333333333333334,-0.3333333333333333,1.0,0.0,8.2,7.4,-2.8,1.0,0.0,7.0,8.9,-0.8,3.0,0.0,3.0,3.0,3.8,11.476190476190476,3.0,2,1.0,-3.000000000000001,0.7716049382716049,0.0,1.0,4.0,5.0,6.589743589743589,324.0,1.0,2.0,5.0,6.207692307692308,-0.6153846153846154,5.002162993684294,1.1425818187660293,189.0,5.0,136.0,0,65,65,24.0,3.0,702.0
2025,São Paulo Grand Prix,21,16,LEC,Charles Leclerc,Ferrari,4.0,19,0.0,Finished,2025-10-08,-15.0,3.6666666666666665,13.666666666666666,-0.6666666666666666,2.0,0.0,4.8,11.0,0.0,2.0,0.0,6.7,9.7,-1.1,4.0,0.0,12.0,5.0,12.8,11.285714285714286,5.0,2,5.0,-2.0,1.2527777777777778,0.0,2.0,5.0,5.0,6.7560975609756095,342.0,1.0,2.0,9.333333333333334,6.265151515151516,-0.6060606060606061,4.9641136411673985,1.13537098312816,207.0,5.0,138.0,0,66,66,25.0,3.0,720.0
2025,Las Vegas Grand Prix,22,16,LEC,Charles Leclerc,Ferrari,10.0,6,8.0,Finished,2025-10-22,4.0,8.0,11.0,-5.333333333333333,2.0,0.0,7.8,8.6,-3.2,2.0,0.0,8.3,8.2,-2.9,3.0,0.0,3.0,2.0,5.2,11.857142857142858,2.0,2,2.0,7.999999999999998,1.023611111111111,0.0,2.0,4.0,5.0,7.116279069767442,343.0,1.0,2.0,15.666666666666666,6.388059701492537,-0.8208955223880597,5.230810161290935,1.175141565469531,207.0,5.0,163.0,0,67,67,25.0,3.0,720.0
2025,Qatar Grand Prix,23,16,LEC,Charles Leclerc,Ferrari,10.0,8,4.0,Finished,2025-11-05,2.0,9.0,8.666666666666666,-3.6666666666666665,1.0,0.0,7.2,9.8,-2.6,2.0,0.0,7.5,9.0,-2.8,3.0,0.0,3.5,2.0,6.25,10.65,2.0,2,2.0,2.0000000000000027,0.8095238095238095,0.0,2.0,4.0,5.0,7.2,351.0,1.0,2.0,9.333333333333334,6.426470588235294,-0.75,5.224440268526667,1.1658814622340166,215.0,5.0,173.0,0,68,68,25.0,3.0,728.0
2025,Abu Dhabi Grand Prix,24,16,LEC,Charles Leclerc,Ferrari,4.0,4,12.0,Finished,2025-11-19,0.0,11.0,4.0,-3.0,0.0,0.0,7.6,9.0,-2.0,2.0,0.0,8.0,7.9,-2.6,2.0,0.0,3.0,3.0,6.8,10.857142857142858,3.0,2,2.0,-5.5000000000000036,0.3770491803278689,0.0,2.0,4.0,5.0,7.23404255319149,359.0,1.0,2.0,9.333333333333334,6.449275362318841,-0.7101449275362319,5.196439531276829,1.159524813901244,219.0,5.0,181.0,0,69,69,25.0,3.0,732.0
2023,Bahrain Grand Prix,1,20,MAG,Kevin Magnussen,Haas F1 Team,18.0,13,0.0,Finished,2023-01-01,5.0,11.333333333333334,2.0,0.3333333333333333,0.0,0.0,11.4,2.2,0.2,0.0,0.0,11.5,2.0,0.1,0.0,0.0,10.0,8.0,15.0,10.826086956521738,8.0,0,15.0,-5.909437655256903e-17,0.864957264957265,0.0,0.0,2.0,5.0,15.0,0.0,1.0,15.0,15.0,15.0,0.0,0.0,1.013313220561811,0.0,1.0,0.0,1,0,0,0.0,0.0,0.0
2023,Saudi Arabian Grand Prix,2,20,MAG,Kevin Magnussen,Haas F1 Team,11.0,10,1.0,Finished,2023-01-15,1.0,13.0,0.0,5.0,0.0,0.0,13.0,0.0,5.0,0.0,0.0,13.0,0.0,5.0,0.0,0.0,10.0,8.0,12.0,11.391304347826088,8.0,0,12.0,-5.909437655256903e-17,0.864957264957265,0.0,0.0,0.0,1.0,13.333333333333334,0.0,1.0,12.0,13.333333333333334,13.333333333333334,5.0,0.0,0.6842105263157895,0.0,11.0,25.0,0,1,1,0.0,0.0,0.0
2023,Australian Grand Prix,3,20,MAG,Kevin Magnussen,Haas F1 Team,13.0,17,0.0,Finished,2023-01-29,-4.0,11.5,0.5,3.0,0.0,0.0,11.5,0.5,3.0,0.0,0.0,11.5,0.5,3.0,0.0,0.0,10.0,8.0,8.0,10.08695652173913,8.0,0,8.0,-3.0000000000000013,1.0,0.0,0.0,1.0,2.0,11.6,5.0,1.0,8.0,10.0,11.6,3.0,2.8284271247461903,0.7587719298245614,1.0,12.0,42.0,0,2,2,0.0,0.0,1.0
2023,Azerbaijan Grand Prix,4,20,MAG,Kevin Magnussen,Haas F1 Team,13.0,13,0.0,Finished,2023-02-12,0.0,13.333333333333334,0.3333333333333333,0.6666666666666666,0.0,0.0,13.333333333333334,0.3333333333333333,0.6666666666666666,0.0,0.0,13.333333333333334,0.3333333333333333,0.6666666666666666,0.0,0.0,10.0,8.0,17.0,12.608695652173912,8.0,0,17.0,1.9999999999999976,1.0,0.0,0.0,1.0,3.0,13.142857142857142,5.0,1.0,8.0,14.0,13.142857142857142,0.6666666666666666,4.509249752822894,0.910609857978279,1.0,15.0,67.0,0,3,3,0.0,0.0,1.0
2023,Miami Grand Prix,5,20,MAG,Kevin Magnussen,Haas F1 Team,7.0,10,1.0,Finished,2023-02-26,-3.0,13.333333333333334,0.3333333333333333,-1.0,0.0,0.0,13.25,0.25,0.5,0.0,0.0,13.25,0.25,0.5,0.0,0.0,10.0,8.0,15.0,10.73913043478261,8.0,0,15.0,1.500000000000001,1.3333333333333333,0.0,0.0,1.0,4.0,13.333333333333334,5.0,1.0,8.0,15.0,13.333333333333334,0.5,3.696845502136472,0.9151002506265664,1.0,15.0,85.0,0,4,4,0.0,0.0,1.0
2023,Monaco Grand Prix,6,20,MAG,Kevin Magnussen,Haas F1 Team,16.0,19,0.0,Finished,2023-03-12,-3.0,13.333333333333334,0.3333333333333333,-2.3333333333333335,0.0,0.0,12.6,0.4,-0.2,0.0,0.0,12.6,0.4,-0.2,0.0,0.0,10.0,8.0,16.0,10.652173913043478,8.0,0,16.0,-3.5,0.8333333333333333,0.0,0.0,2.0,5.0,13.272727272727273,6.0,1.0,8.0,13.666666666666666,13.272727272727273,-0.2,3.5637059362410923,0.9820802005012531,2.0,14.0,109.0,0,5,5,0.0,0.0,2.0
2023,Spanish Grand Prix,7,20,MAG,Kevin Magnussen,Haas F1 Team,13.0,18,0.0,Finished,2023-03-26,-5.0,14.0,0.3333333333333333,-2.0,0.0,0.0,13.8,0.4,-1.8,0.0,0.0,13.666666666666666,0.3333333333333333,-0.6666666666666666,0.0,0.0,10.0,8.0,15.0,9.863636363636363,8.0,0,15.0,2.999999999999997,1.0,0.0,0.0,2.0,5.0,13.846153846153847,6.0,1.0,8.0,16.666666666666668,13.846153846153847,-0.6666666666666666,3.386246693120078,1.004674676888299,2.0,15.0,134.0,0,6,6,0.0,0.0,2.0
2023,Canadian Grand Prix,8,20,MAG,Kevin Magnussen,Haas F1 Team,15.0,17,0.0,Finished,2023-04-09,-2.0,15.666666666666666,0.3333333333333333,-3.6666666666666665,0.0,0.0,15.4,0.2,-3.0,0.0,0.0,14.285714285714286,0.2857142857142857,-1.2857142857142858,0.0,0.0,10.0,8.0,15.0,10.695652173913043,8.0,0,15.0,3.999999999999999,1.1666666666666667,0.0,0.0,1.0,5.0,14.2,6.0,1.0,8.0,16.0,14.2,-1.2857142857142858,3.4982989063393704,1.0448231924348688,2.0,16.0,159.0,0,7,7,0.0,0.0,2.0
2023,Austrian Grand Prix,9,20,MAG,Kevin Magnussen,Haas F1 Team,8.0,19,0.0,Finished,2023-04-23,-11.0,18.0,0.0,-3.3333333333333335,0.0,0.0,15.4,0.2,-2.6,0.0,0.0,14.625,0.25,-1.375,0.0,0.0,10.0,8.0,20.0,10.782608695652174,8.0,0,20.0,-0.9999999999999998,0.0,0.0,0.0,1.0,5.0,14.705882352941176,6.0,1.0,8.0,17.333333333333332,14.705882352941176,-1.375,3.248626083219093,1.0470327933805101,2.0,17.0,184.0,0,8,8,0.0,0.0,2.0
2023,British Grand Prix,10,20,MAG,Kevin Magnussen,Haas F1 Team,20.0,19,0.0,Finished,2023-05-07,1.0,18.0,0.0,-6.0,0.0,0.0,16.6,0.2,-4.8,0.0,0.0,15.11111111111111,0.2222222222222222,-2.4444444444444446,0.0,0.0,10.0,8.0,14.0,12.130434782608695,8.0,0,14.0,0.499999999999998,0.0,0.0,0.0,1.0,5.0,14.894736842105264,6.0,1.0,8.0,17.666666666666668,14.894736842105264,-2.4444444444444446,4.419024527854284,1.1652637175727991,2.0,17.0,209.0,0,9,9,0.0,0.0,2.0
2023,Hungarian Grand Prix,11,20,MAG,Kevin Magnussen,Haas F1 Team,13.0,17,0.0,Finished,2023-05-21,-4.0,18.333333333333332,0.0,-4.0,0.0,0.0,18.4,0.0,-4.0,0.0,0.0,15.5,0.2,-2.1,0.0,0.0,10.0,8.0,14.0,11.956521739130435,8.0,0,14.0,0.9999999999999978,0.0,0.0,0.0,0.0,5.0,15.047619047619047,6.0,1.0,8.0,15.666666666666666,15.047619047619047,-2.1,4.306326095924976,1.1392135362917097,2.0,17.0,234.0,0,10,10,0.0,0.0,2.0
2023,Belgian Grand Prix,12,20,MAG,Kevin Magnussen,Haas F1 Team,19.0,15,0.0,Finished,2023-06-04,4.0,18.333333333333332,0.0,-4.666666666666667,0.0,0.0,18.0,0.0,-4.2,0.0,0.0,15.9,0.2,-3.0,0.0,0.0,10.0,8.0,18.0,10.869565217391305,8.0,0,18.0,-0.9999999999999996,0.0,0.0,0.0,0.0,5.0,15.26086956521739,6.0,1.0,8.0,16.333333333333332,15.26086956521739,-2.272727272727273,4.125309905713971,1.14603827974571,2.0,17.0,259.0,0,11,11,0.0,0.0,2.0
2023,Dutch Grand Prix,13,20,MAG,Kevin Magnussen,Haas F1 Team,20.0,15,0.0,Finished,2023-06-18,5.0,17.0,0.0,0.3333333333333333,0.0,0.0,17.4,0.0,-2.4,0.0,0.0,16.4,0.1,-2.7,0.0,0.0,10.0,8.0,12.0,11.434782608695652,8.0,0,12.0,-2.0000000000000004,0.0,0.0,0.0,0.0,5.0,15.12,6.0,1.0,8.0,15.0,15.12,-1.75,4.330127018922193,1.1130350897669008,2.0,17.0,284.0,0,12,12,0.0,0.0,2.0
2023,Italian Grand Prix,14,20,MAG,Kevin Magnussen,Haas F1 Team,19.0,18,0.0,Finished,2023-07-02,1.0,15.666666666666666,0.0,1.6666666666666667,0.0,0.0,17.0,0.0,-1.0,0.0,0.0,16.2,0.1,-1.8,0.0,0.0,10.0,8.0,17.0,12.304347826086957,8.0,0,17.0,-1.0000000000000027,0.0,0.0,0.0,0.0,5.0,15.185185185185185,6.0,1.0,8.0,14.666666666666666,15.185185185185185,-1.2307692307692308,4.548879828299237,1.0823620608837328,2.0,17.0,309.0,0,13,13,0.0,0.0,2.0
2023,Singapore Grand Prix,15,20,MAG,Kevin Magnussen,Haas F1 Team,9.0,11,0.0,Finished,2023-07-16,-2.0,16.0,0.0,3.3333333333333335,0.0,0.0,16.8,0.0,1.4,0.0,0.0,16.7,0.1,-1.7,0.0,0.0,10.0,8.0,14.0,11.409090909090908,8.0,0,14.0,1.4999999999999976,0.0,0.0,0.0,0.0,5.0,15.241379310344827,6.0,1.0,8.0,16.333333333333332,15.241379310344827,-1.0714285714285714,4.41090058333261,1.0693361993920374,2.0,16.0,334.0,0,14,14,0.0,0.0,2.0
2023,Japanese Grand Prix,16,20,MAG,Kevin Magnussen,Haas F1 Team,15.0,15,0.0,Finished,2023-07-30,0.0,14.666666666666666,0.0,1.3333333333333333,0.0,0.0,15.2,0.0,0.8,0.0,0.0,16.8,0.0,-1.6,0.0,0.0,10.0,8.0,14.0,10.91304347826087,8.0,0,14.0,-2.0000000000000027,0.0,0.0,0.0,0.0,5.0,15.064516129032258,6.0,1.0,8.0,13.0,15.064516129032258,-1.1333333333333333,4.2572067748477425,1.0713804527659017,2.0,17.0,344.0,0,15,15,0.0,0.0,2.0
2023,Qatar Grand Prix,17,20,MAG,Kevin Magnussen,Haas F1 Team,15.0,14,0.0,Finished,2023-08-13,1.0,14.666666666666666,0.0,-0.3333333333333333,0.0,0.0,14.8,0.0,1.6,0.0,0.0,16.4,0.0,-1.3,0.0,0.0,10.0,8.0,16.0,10.772727272727273,8.0,0,16.0,-1.5000000000000009,0.0,0.0,0.0,0.0,5.0,15.090909090909092,6.0,1.0,8.0,15.0,15.090909090909092,-1.0625,4.122600312100766,1.0630129244680329,2.0,16.0,369.0,0,16,16,0.0,0.0,2.0
2023,United States Grand Prix,18,20,MAG,Kevin Magnussen,Haas F1 Team,16.0,16,0.0,Finished,2023-08-27,0.0,13.333333333333334,0.0,-0.3333333333333333,0.0,0.0,14.6,0.0,1.0,0.0,0.0,16.0,0.0,-0.7,0.0,0.0,10.0,8.0,13.0,11.304347826086957,8.0,0,13.0,1.4999999999999996,0.0,0.0,0.0,0.0,5.0,15.0,6.0,1.0,8.0,14.333333333333334,15.0,-0.9411764705882353,4.022912319379055,1.0519533406757957,2.0,17.0,394.0,0,17,17,0.0,0.0,2.0
2023,Mexico City Grand Prix,19,20,MAG,Kevin Magnussen,Haas F1 Team,13.0,19,0.0,Finished,2023-09-10,-6.0,15.0,0.0,0.3333333333333333,0.0,0.0,14.8,0.0,0.0,0.0,0.0,15.9,0.0,-0.5,0.0,0.0,10.0,8.0,14.0,11.173913043478262,8.0,0,14.0,0.4999999999999982,0.0,0.0,0.0,0.0,5.0,15.0,6.0,1.0,8.0,14.333333333333334,15.0,-0.8888888888888888,3.9090978181204403,1.0457990701153757,2.0,17.0,419.0,0,18,18,0.0,0.0,2.0
2023,São Paulo Grand Prix,20,20,MAG,Kevin Magnussen,Haas F1 Team,4.0,20,0.0,Finished,2023-09-24,-16.0,16.333333333333332,0.0,-1.6666666666666667,0.0,0.0,15.0,0.0,-1.4,0.0,0.0,15.9,0.0,0.0,0.0,0.0,10.0,8.0,12.0,11.652173913043478,8.0,0,12.0,2.4999999999999987,0.0,0.0,0.0,0.0,5.0,15.025641025641026,6.0,1.0,8.0,15.0,15.025641025641026,-1.1578947368421053,3.975804012254584,1.0621855852220852,2.0,18.0,444.0,0,19,19,0.0,0.0,2.0
2023,Las Vegas Grand Prix,21,20,MAG,Kevin Magnussen,Haas F1 Team,7.0,13,0.0,Finished,2023-10-08,-6.0,18.333333333333332,0.0,-7.333333333333333,0.0,0.0,16.8,0.0,-4.2,0.0,0.0,16.0,0.0,-1.7,0.0,0.0,10.0,8.0,19.0,11.91304347826087,8.0,0,19.0,2.000000000000001,0.0,0.0,0.0,0.0,5.0,15.24390243902439,6.0,1.0,8.0,17.0,15.24390243902439,-1.9,5.097987218914002,1.209076305960981,2.0,18.0,469.0,0,20,20,0.0,0.0,2.0
2023,Abu Dhabi Grand Prix,22,20,MAG,Kevin Magnussen,Haas F1 Team,19.0,20,0.0,Finished,2023-10-22,-1.0,17.333333333333332,0.0,-9.333333333333334,0.0,0.0,16.4,0.0,-5.4,0.0,0.0,15.6,0.0,-1.9,0.0,0.0,10.0,8.0,15.0,10.73913043478261,8.0,0,15.0,-2.9999999999999982,0.0,0.0,0.0,0.0,5.0,15.186046511627907,6.0,1.0,8.0,15.666666666666666,15.186046511627907,-2.0952380952380953,5.04880938345628,1.2288821961533152,2.0,18.0,494.0,0,21,21,0.0,0.0,2.0
2024,Bahrain Grand Prix,1,20,MAG,Kevin Magnussen,Haas F1 Team,12.0,12,0.0,Finished,2024-01-01,0.0,17.666666666666668,0.0,-7.666666666666667,0.0,0.0,17.6,0.0,-5.8,0.0,0.0,16.1,0.0,-2.4,0.0,0.0,13.0,13.0,14.666666666666666,11.12,13.0,1,13.0,-2.7124486876199798e-15,0.0,0.0,0.0,0.0,5.0,16.0,0.0,1.0,16.0,17.0,15.311111111111112,-2.0454545454545454,4.932663462184383,1.2184784599645282,0.0,1.0,0.0,1,22,22,0.0,0.0,2.0
2024,Saudi Arabian Grand Prix,2,20,MAG,Kevin Magnussen,Haas F1 Team,12.0,11,0.0,Finished,2024-01-15,1.0,15.0,0.0,-2.3333333333333335,0.0,0.0,16.8,0.0,-5.8,0.0,0.0,15.8,0.0,-2.9,0.0,0.0,10.0,10.0,10.666666666666666,11.28,10.0,1,10.0,-0.4999999999999985,0.0,0.0,0.0,0.0,5.0,12.666666666666666,1.0,1.0,10.0,12.666666666666666,15.127659574468085,-1.9565217391304348,4.83808997689232,1.2056349148824583,0.0,10.0,25.0,0,23,23,0.0,0.0,2.0
2024,Australian Grand Prix,3,20,MAG,Kevin Magnussen,Haas F1 Team,13.0,10,1.0,Finished,2024-01-29,3.0,14.333333333333334,0.0,0.0,0.0,0.0,15.2,0.0,-4.4,0.0,0.0,15.1,0.0,-2.9,0.0,0.0,17.0,17.0,11.333333333333334,10.32,17.0,1,8.0,-4.500000000000003,0.0,0.0,0.0,0.0,5.0,11.6,3.0,1.0,9.0,10.0,14.918367346938776,-1.8333333333333333,4.770075805310205,1.1906565370187663,0.0,12.0,50.0,0,24,24,0.0,0.0,2.0
2024,Japanese Grand Prix,4,20,MAG,Kevin Magnussen,Haas F1 Team,18.0,13,0.0,Finished,2024-02-12,5.0,11.0,0.3333333333333333,1.3333333333333333,0.0,0.0,13.2,0.2,-0.6,0.0,0.0,15.0,0.1,-2.4,0.0,0.0,15.0,15.0,13.333333333333334,11.08,15.0,1,11.0,-1.0000000000000002,2.7777777777777777,0.0,0.0,1.0,5.0,11.285714285714286,4.0,1.0,9.0,10.0,14.745098039215685,-1.64,4.768647607026545,1.171601704109444,1.0,13.0,49.0,0,25,25,0.0,0.0,3.0
2024,Chinese Grand Prix,5,20,MAG,Kevin Magnussen,Haas F1 Team,18.0,15,0.0,Finished,2024-02-26,3.0,11.333333333333334,0.3333333333333333,3.0,0.0,0.0,13.2,0.2,1.6,0.0,0.0,14.8,0.1,-1.9,0.0,0.0,10.0,8.0,10.0,10.307692307692308,8.0,0,10.0,0.9999999999999988,2.8888888888888884,0.0,0.0,1.0,5.0,11.333333333333334,5.0,1.0,9.0,11.333333333333334,14.622641509433961,-1.3846153846153846,4.850376670543623,1.152855889578919,1.0,13.0,74.0,0,26,26,0.0,0.0,3.0
2024,Miami Grand Prix,6,20,MAG,Kevin Magnussen,Haas F1 Team,17.0,18,0.0,Finished,2024-03-11,-1.0,12.666666666666666,0.3333333333333333,3.6666666666666665,0.0,0.0,12.2,0.2,2.4,0.0,0.0,14.9,0.1,-1.7,0.0,0.0,10.0,10.0,12.0,10.72,10.0,1,10.0,2.4999999999999996,3.0,0.0,0.0,1.0,5.0,11.636363636363637,5.0,1.0,9.0,12.0,14.563636363636364,-1.2222222222222223,4.83045891539648,1.1393972893800894,1.0,13.0,99.0,0,27,27,0.0,0.0,3.0
2024,Emilia Romagna Grand Prix,7,20,MAG,Kevin Magnussen,Haas F1 Team,16.0,12,0.0,Finished,2024-03-25,4.0,15.333333333333334,0.0,2.3333333333333335,0.0,0.0,13.4,0.2,2.2,0.0,0.0,15.1,0.1,-1.8,0.0,0.0,10.0,8.0,11.0,10.923076923076923,8.0,0,11.0,2.4999999999999987,0.0,0.0,0.0,1.0,5.0,12.076923076923077,5.0,1.0,9.0,13.333333333333334,14.56140350877193,-1.2142857142857142,4.740348032676447,1.134418814759372,1.0,13.0,117.0,0,28,28,0.0,0.0,3.0
2024,Monaco Grand Prix,8,20,MAG,Kevin Magnussen,Haas F1 Team,5.0,18,0.0,Finished,2024-04-08,-13.0,15.0,0.0,2.0,0.0,0.0,13.6,0.2,2.8,0.0,0.0,14.4,0.1,-0.8,0.0,0.0,19.0,19.0,17.333333333333332,11.24,19.0,1,16.0,-1.5000000000000024,0.0,0.0,0.0,1.0,5.0,12.4,5.0,1.0,9.0,13.333333333333334,14.559322033898304,-1.0344827586206897,4.754567417762551,1.1196416953863308,1.0,13.0,142.0,0,29,29,0.0,0.0,3.0
2024,Canadian Grand Prix,9,20,MAG,Kevin Magnussen,Haas F1 Team,8.0,12,0.0,Finished,2024-04-22,-4.0,16.0,0.0,-3.3333333333333335,0.0,0.0,15.2,0.0,-0.4,0.0,0.0,14.2,0.1,-0.5,0.0,0.0,17.0,17.0,14.333333333333334,10.96,17.0,1,11.0,-9.455100248411045e-16,0.0,0.0,0.0,0.0,5.0,12.647058823529411,5.0,1.0,9.0,15.333333333333334,14.557377049180328,-1.4333333333333333,5.1574073500851805,1.18232030554012,1.0,14.0,150.0,0,30,30,0.0,0.0,3.0
2024,Spanish Grand Prix,10,20,MAG,Kevin Magnussen,Haas F1 Team,16.0,17,0.0,Finished,2024-05-06,-1.0,14.0,0.0,-4.333333333333333,0.0,0.0,15.0,0.0,-2.2,0.0,0.0,14.1,0.1,-0.3,0.0,0.0,18.0,18.0,14.666666666666666,10.25,18.0,1,11.0,2.209889105677475e-15,0.0,0.0,0.0,0.0,5.0,12.526315789473685,5.0,1.0,9.0,11.333333333333334,14.46031746031746,-1.5161290322580645,5.091633449375132,1.1871916935334492,1.0,17.0,175.0,0,31,31,0.0,0.0,3.0
2024,Austrian Grand Prix,11,20,MAG,Kevin Magnussen,Haas F1 Team,10.0,8,4.0,Finished,2024-05-20,2.0,15.666666666666666,0.0,-6.0,0.0,0.0,15.4,0.0,-3.0,0.0,0.0,13.8,0.1,-0.3,0.0,0.0,19.0,19.0,15.0,10.92,19.0,1,6.0,-0.4999999999999989,0.0,0.0,0.0,0.0,5.0,12.428571428571429,13.0,1.0,6.0,11.333333333333334,14.36923076923077,-1.5,5.009668072192846,1.181341953110529,1.0,17.0,200.0,0,32,32,0.0,0.0,3.0
2024,British Grand Prix,12,20,MAG,Kevin Magnussen,Haas F1 Team,18.0,12,0.0,Finished,2024-06-03,6.0,12.333333333333334,1.3333333333333333,-1.0,0.0,0.0,13.4,0.8,-2.4,0.0,0.0,13.4,0.5,-0.1,0.0,0.0,19.0,19.0,13.0,12.16,19.0,1,6.0,-1.999999999999998,6.285714285714286,0.0,0.0,1.0,5.0,11.956521739130435,25.0,1.0,6.0,6.666666666666667,14.149253731343284,-1.393939393939394,4.968270536234125,1.1675822796002926,5.0,15.0,206.0,0,33,33,0.0,0.0,7.0
2024,Hungarian Grand Prix,13,20,MAG,Kevin Magnussen,Haas F1 Team,10.0,15,0.0,Finished,2024-06-17,-5.0,12.333333333333334,1.3333333333333333,2.3333333333333335,0.0,0.0,13.4,0.8,-2.0,0.0,0.0,13.5,0.5,0.4,0.0,0.0,17.0,17.0,14.666666666666666,12.2,17.0,1,13.0,-2.5000000000000018,6.476190476190476,0.0,0.0,1.0,5.0,12.0,25.0,1.0,6.0,10.333333333333334,14.101449275362318,-1.1764705882352942,5.054074793101132,1.15181747571112,5.0,15.0,224.0,0,34,34,0.0,0.0,7.0
2024,Belgian Grand Prix,14,20,MAG,Kevin Magnussen,Haas F1 Team,17.0,15,0.0,Finished,2024-07-01,2.0,11.666666666666666,1.3333333333333333,1.0,0.0,0.0,12.8,0.8,-0.4,0.0,0.0,14.0,0.4,-0.4,0.0,0.0,15.0,15.0,17.333333333333332,11.36,15.0,1,15.0,3.4999999999999996,6.666666666666666,0.0,0.0,1.0,5.0,12.37037037037037,25.0,1.0,6.0,15.666666666666666,14.183098591549296,-1.2857142857142858,5.020964452534338,1.1578694439375554,5.0,15.0,234.0,0,35,35,0.0,0.0,7.0
2024,Dutch Grand Prix,15,20,MAG,Kevin Magnussen,Haas F1 Team,20.0,18,0.0,Finished,2024-07-15,2.0,14.0,0.0,1.0,0.0,0.0,13.4,0.8,0.8,0.0,0.0,14.2,0.4,-0.7,0.0,0.0,15.0,15.0,12.666666666666666,11.56,15.0,1,11.0,1.5,0.0,0.0,0.0,1.0,5.0,12.413793103448276,25.0,1.0,6.0,15.0,14.150684931506849,-1.1944444444444444,4.978923833488773,1.148854551976327,5.0,15.0,244.0,0,36,36,0.0,0.0,7.0
2024,Italian Grand Prix,16,20,MAG,Kevin Magnussen,Haas F1 Team,12.0,9,2.0,Finished,2024-07-29,3.0,16.0,0.0,-0.3333333333333333,0.0,0.0,13.6,0.8,1.4,0.0,0.0,14.5,0.4,-0.8,0.0,0.0,18.0,18.0,17.333333333333332,12.72,18.0,1,17.0,1.4999999999999976,0.0,0.0,0.0,1.0,5.0,12.741935483870968,25.0,1.0,6.0,15.333333333333334,14.24,-1.1081081081081081,4.937294489584035,1.140970452115963,5.0,15.0,262.0,0,37,37,0.0,0.0,7.0
2024,Singapore Grand Prix,18,20,MAG,Kevin Magnussen,Haas F1 Team,14.0,19,0.0,Finished,2024-08-26,-5.0,14.0,0.6666666666666666,2.3333333333333335,0.0,0.0,13.8,0.4,1.6,0.0,0.0,13.6,0.6,-0.4,0.0,0.0,11.0,11.0,11.333333333333334,11.291666666666666,11.0,1,9.0,-3.000000000000001,2.814814814814815,0.0,0.0,1.0,5.0,12.4,30.0,1.0,6.0,10.0,14.012658227848101,-1.0,4.915502228883857,1.1291635373841664,7.0,15.0,278.0,0,38,38,0.0,0.0,9.0
2024,United States Grand Prix,19,20,MAG,Kevin Magnussen,Haas F1 Team,7.0,11,0.0,Finished,2024-09-09,-4.0,15.333333333333334,0.6666666666666666,0.0,0.0,0.0,15.2,0.4,-0.6,0.0,0.0,14.3,0.6,-1.3,0.0,0.0,16.0,16.0,12.333333333333334,11.36,16.0,1,8.0,0.499999999999996,2.8888888888888884,0.0,0.0,1.0,5.0,12.45945945945946,34.0,1.0,6.0,12.0,14.0,-1.1025641025641026,4.892501630018134,1.13268925864782,7.0,15.0,296.0,0,39,39,0.0,0.0,9.0
2024,Mexico City Grand Prix,20,20,MAG,Kevin Magnussen,Haas F1 Team,9.0,7,6.0,Finished,2024-09-23,2.0,13.0,0.6666666666666666,-2.0,0.0,0.0,14.4,0.4,-0.4,0.0,0.0,13.6,0.6,-0.4,0.0,0.0,19.0,19.0,14.0,11.4,19.0,1,9.0,1.0000000000000004,2.962962962962963,0.0,0.0,1.0,5.0,12.333333333333334,36.0,1.0,6.0,9.333333333333334,13.903614457831326,-1.175,4.851050639572041,1.1387470271816247,7.0,15.0,308.0,0,40,40,0.0,0.0,9.0
2024,Las Vegas Grand Prix,22,20,MAG,Kevin Magnussen,Haas F1 Team,14.0,12,0.0,Finished,2024-10-21,2.0,12.333333333333334,2.0,-2.3333333333333335,0.0,0.0,12.8,1.6,-0.4,0.0,0.0,13.1,1.2,0.2,0.0,0.0,13.0,13.0,13.333333333333334,11.8,13.0,1,8.0,-6.0,5.466666666666667,0.0,0.0,2.0,5.0,12.232558139534884,46.0,1.0,6.0,12.666666666666666,13.781609195402298,-1.0975609756097562,4.815624975269464,1.1280458801771949,13.0,15.0,335.0,0,41,41,0.0,0.0,15.0
2024,Qatar Grand Prix,23,20,MAG,Kevin Magnussen,Haas F1 Team,13.0,9,2.0,Finished,2024-11-04,4.0,10.0,2.0,0.0,0.0,0.0,11.6,1.6,-0.4,0.0,0.0,12.6,1.2,0.5,0.0,0.0,14.0,14.0,15.333333333333334,11.125,14.0,1,14.0,0.5000000000000004,5.6,0.0,0.0,2.0,5.0,12.311111111111112,46.0,1.0,6.0,12.0,13.786516853932584,-1.0238095238095237,4.7804892863066275,1.1202352639824997,13.0,15.0,345.0,0,42,42,0.0,0.0,15.0
2024,Abu Dhabi Grand Prix,24,20,MAG,Kevin Magnussen,Haas F1 Team,8.0,16,0.0,Finished,2024-11-18,-8.0,9.333333333333334,2.6666666666666665,2.6666666666666665,0.0,0.0,11.6,1.6,-0.2,0.0,0.0,12.7,1.0,0.7,0.0,0.0,20.0,20.0,14.333333333333334,11.0,20.0,1,8.0,1.0000000000000009,6.745098039215686,0.0,0.0,2.0,5.0,12.148936170212766,52.0,1.0,6.0,11.0,13.67032967032967,-0.9069767441860465,4.7849663057398155,1.1091334472121426,15.0,14.0,368.0,0,43,43,0.0,0.0,17.0
2023,Bahrain Grand Prix,1,4,NOR,Lando Norris,McLaren,10.0,17,0.0,Finished,2023-01-01,-7.0,11.333333333333334,2.0,0.3333333333333333,0.0,0.0,11.4,2.2,0.2,0.0,0.0,11.5,2.0,0.1,0.0,0.0,10.0,8.0,10.4,11.625,8.0,0,7.0,-5.909437655256903e-17,0.864957264957265,0.0,0.0,2.0,5.0,11.722222222222221,0.0,1.0,5.0,11.0,11.511904761904763,0.0,0.0,1.013313220561811,0.0,1.0,0.0,1,0,0,0.0,0.0,0.0
2023,Saudi Arabian Grand Prix,2,4,NOR,Lando Norris,McLaren,17.0,17,0.0,Finished,2023-01-15,0.0,17.0,0.0,-7.0,0.0,0.0,17.0,0.0,-7.0,0.0,0.0,17.0,0.0,-7.0,0.0,0.0,10.0,8.0,10.4,12.125,8.0,0,7.0,-5.909437655256903e-17,0.864957264957265,0.0,0.0,0.0,1.0,18.5,0.0,1.0,17.0,18.5,18.5,-7.0,0.0,1.5454545454545454,0.0,11.0,25.0,0,1,1,0.0,0.0,0.0
2023,Australian Grand Prix,3,4,NOR,Lando Norris,McLaren,12.0,7,6.0,Finished,2023-01-29,5.0,17.0,0.0,-3.5,0.0,0.0,17.0,0.0,-3.5,0.0,0.0,17.0,0.0,-3.5,0.0,0.0,10.0,8.0,10.4,10.90625,8.0,0,7.0,-2.9562371437441025e-15,0.864957264957265,0.0,0.0,0.0,2.0,17.25,0.0,1.0,15.0,17.333333333333332,17.25,-3.5,4.949747468305833,1.2449494949494948,0.0,14.0,43.0,0,2,2,0.0,0.0,0.0
2023,Azerbaijan Grand Prix,4,4,NOR,Lando Norris,McLaren,8.0,9,2.0,Finished,2023-02-12,-1.0,13.666666666666666,2.0,-0.6666666666666666,0.0,0.0,13.666666666666666,2.0,-0.6666666666666666,0.0,0.0,13.666666666666666,2.0,-0.6666666666666666,0.0,0.0,10.0,8.0,10.4,12.84375,8.0,0,7.0,-4.999999999999997,1.0,0.0,0.0,1.0,3.0,14.166666666666666,8.0,1.0,7.0,10.333333333333334,14.166666666666666,-0.6666666666666666,6.027713773341707,1.0094535094535095,6.0,8.0,62.0,0,3,3,0.0,0.0,6.0
2023,Miami Grand Prix,5,4,NOR,Lando Norris,McLaren,19.0,17,0.0,Finished,2023-02-26,2.0,11.0,2.6666666666666665,1.3333333333333333,0.0,0.0,12.5,2.0,-0.75,0.0,0.0,12.5,2.0,-0.75,0.0,0.0,10.0,8.0,10.4,11.90625,8.0,0,7.0,-4.000000000000002,1.3333333333333333,0.0,0.0,2.0,4.0,13.125,10.0,1.0,7.0,9.666666666666666,13.125,-0.75,4.924428900898052,1.007090132090132,8.0,9.0,78.0,0,4,4,0.0,0.0,8.0
2023,Monaco Grand Prix,6,4,NOR,Lando Norris,McLaren,10.0,9,2.0,Finished,2023-03-12,1.0,11.0,2.6666666666666665,2.0,0.0,0.0,13.4,1.6,-0.2,0.0,0.0,13.4,1.6,-0.2,0.0,0.0,10.0,8.0,10.4,11.78125,8.0,0,7.0,4.9999999999999964,1.6666666666666665,0.0,0.0,2.0,5.0,14.1,10.0,1.0,7.0,15.666666666666666,14.1,-0.2,4.438468204234429,0.9756721056721057,8.0,9.0,103.0,0,5,5,0.0,0.0,8.0
2023,Spanish Grand Prix,7,4,NOR,Lando Norris,McLaren,14.0,17,0.0,Finished,2023-03-26,-3.0,11.666666666666666,1.3333333333333333,0.6666666666666666,0.0,0.0,11.8,2.0,1.4,0.0,0.0,12.666666666666666,1.6666666666666667,0.0,0.0,0.0,10.0,8.0,10.4,10.96774193548387,8.0,0,7.0,2.083661336539556e-15,0.7999999999999999,0.0,0.0,3.0,5.0,13.333333333333334,13.0,1.0,7.0,12.666666666666666,13.333333333333334,0.0,3.9999999999999996,0.9494237244237245,10.0,11.0,126.0,0,6,6,0.0,0.0,10.0
2023,Canadian Grand Prix,8,4,NOR,Lando Norris,McLaren,8.0,9,2.0,Finished,2023-04-09,-1.0,14.333333333333334,0.6666666666666666,0.0,0.0,0.0,11.8,2.0,0.8,0.0,0.0,13.285714285714286,1.4285714285714286,-0.42857142857142855,0.0,0.0,10.0,8.0,10.4,11.125,8.0,0,7.0,-2.356215078218739e-15,0.4666666666666666,0.0,0.0,3.0,5.0,13.571428571428571,13.0,1.0,7.0,13.333333333333334,13.571428571428571,-0.42857142857142855,3.823486317361109,0.9756965256965257,10.0,11.0,151.0,0,7,7,0.0,0.0,10.0
2023,Austrian Grand Prix,9,4,NOR,Lando Norris,McLaren,5.0,5,10.0,Finished,2023-04-23,0.0,11.666666666666666,1.3333333333333333,-1.0,0.0,0.0,12.2,1.2,-0.4,0.0,0.0,12.75,1.5,-0.5,0.0,0.0,10.0,8.0,10.4,11.0,8.0,0,7.0,2.083661336539556e-15,0.8888888888888888,0.0,0.0,3.0,5.0,13.1875,15.0,1.0,7.0,11.333333333333334,13.1875,-0.5,3.545621041711673,0.97873445998446,12.0,11.0,174.0,0,8,8,0.0,0.0,12.0
2023,British Grand Prix,10,4,NOR,Lando Norris,McLaren,1.0,2,18.0,Finished,2023-05-07,-1.0,10.333333333333334,4.0,-1.3333333333333333,0.0,0.0,11.4,2.8,-0.2,0.0,0.0,11.88888888888889,2.4444444444444446,-0.4444444444444444,0.0,0.0,10.0,8.0,10.4,12.3125,8.0,0,7.0,-6.000000000000003,1.6363636363636362,0.0,0.0,3.0,5.0,13.0,25.0,1.0,5.0,11.666666666666666,13.0,-0.4444444444444444,3.3208098075285455,0.9625787792454459,22.0,10.0,189.0,0,9,9,0.0,0.0,22.0
2023,Hungarian Grand Prix,11,4,NOR,Lando Norris,McLaren,3.0,2,18.0,Finished,2023-05-21,1.0,5.333333333333333,10.0,-0.6666666666666666,1.0,0.0,8.4,6.4,-0.8,1.0,0.0,10.9,4.0,-0.5,1.0,0.0,10.0,8.0,10.4,12.8125,8.0,0,7.0,-3.5000000000000004,2.5,0.0,1.0,4.0,5.0,12.0,55.0,1.0,2.0,8.0,12.0,-0.5,3.1358146203711295,0.9663209013209013,40.0,8.0,196.0,0,10,10,1.0,0.0,40.0
2023,Belgian Grand Prix,12,4,NOR,Lando Norris,McLaren,8.0,7,6.0,Finished,2023-06-04,1.0,3.0,15.333333333333334,0.0,2.0,0.0,7.0,9.6,-0.8,2.0,0.0,9.4,5.8,0.3,2.0,0.0,10.0,8.0,10.4,11.9375,8.0,0,7.0,-1.5000000000000004,2.9080459770114944,0.0,2.0,4.0,5.0,11.227272727272727,83.0,1.0,2.0,3.6666666666666665,11.227272727272727,-0.36363636363636365,3.0090771765684994,0.9239280921099102,58.0,8.0,203.0,0,11,11,2.0,0.0,58.0
2023,Dutch Grand Prix,13,4,NOR,Lando Norris,McLaren,2.0,7,6.0,Finished,2023-06-18,-5.0,3.6666666666666665,14.0,0.3333333333333333,2.0,0.0,5.0,10.8,0.0,2.0,0.0,8.4,6.4,0.4,2.0,0.0,10.0,8.0,10.4,12.34375,8.0,0,7.0,2.4999999999999987,2.625,0.0,2.0,5.0,5.0,11.416666666666666,89.0,1.0,2.0,10.666666666666666,11.416666666666666,-0.25,2.8959218974902683,0.9117488992488992,64.0,8.0,222.0,0,12,12,2.0,0.0,64.0
2023,Italian Grand Prix,14,4,NOR,Lando Norris,McLaren,9.0,8,4.0,Finished,2023-07-02,1.0,5.333333333333333,10.0,-1.0,1.0,0.0,4.6,11.6,-0.8,2.0,0.0,8.4,6.4,-0.6,2.0,0.0,10.0,8.0,10.4,13.03125,8.0,0,7.0,2.5000000000000004,1.857142857142857,0.0,2.0,5.0,5.0,11.153846153846153,97.0,1.0,2.0,12.0,11.153846153846153,-0.6153846153846154,3.069703067574602,1.0211015480246248,70.0,8.0,241.0,0,13,13,2.0,0.0,70.0
2023,Singapore Grand Prix,15,4,NOR,Lando Norris,McLaren,6.0,2,18.0,Finished,2023-07-16,4.0,7.333333333333333,5.333333333333333,-1.0,0.0,0.0,5.2,10.4,-0.6,2.0,0.0,8.3,6.6,-0.4,2.0,0.0,10.0,8.0,10.4,12.419354838709678,8.0,0,7.0,0.4999999999999996,1.009009009009009,0.0,2.0,5.0,5.0,11.035714285714286,101.0,1.0,2.0,9.333333333333334,11.035714285714286,-0.5,2.98070719538424,1.0053085803085804,74.0,8.0,262.0,0,14,14,2.0,0.0,74.0
2023,Japanese Grand Prix,16,4,NOR,Lando Norris,McLaren,2.0,2,18.0,Finished,2023-07-30,0.0,5.666666666666667,9.333333333333334,0.0,1.0,0.0,5.2,10.4,0.4,2.0,0.0,6.8,8.4,-0.2,3.0,0.0,10.0,8.0,10.4,12.03125,8.0,0,7.0,-2.499999999999999,1.5217391304347827,0.0,2.0,5.0,5.0,10.6,125.0,1.0,2.0,6.666666666666667,10.6,-0.2,3.098386676965933,0.9573356273356274,92.0,8.0,254.0,0,15,15,3.0,0.0,92.0
2023,Qatar Grand Prix,17,4,NOR,Lando Norris,McLaren,7.0,3,15.0,Finished,2023-08-13,4.0,4.0,13.333333333333334,1.6666666666666667,2.0,0.0,5.2,10.4,0.2,2.0,0.0,6.1,10.0,-0.3,4.0,0.0,10.0,8.0,10.4,11.67741935483871,8.0,0,7.0,-3.0000000000000004,1.9393939393939394,0.0,2.0,5.0,5.0,10.09375,158.0,1.0,2.0,4.0,10.09375,-0.1875,2.9937434759845405,0.9391688172938173,110.0,6.0,261.0,0,16,16,4.0,0.0,110.0
2023,United States Grand Prix,18,4,NOR,Lando Norris,McLaren,1.0,3,15.0,Finished,2023-08-27,-2.0,2.3333333333333335,17.0,2.6666666666666665,3.0,0.0,4.4,12.2,0.8,3.0,0.0,4.7,11.5,0.4,5.0,0.0,10.0,8.0,10.4,11.90625,8.0,0,7.0,0.5,2.3120000000000003,0.0,3.0,5.0,5.0,9.647058823529411,191.0,1.0,2.0,2.6666666666666665,9.647058823529411,0.058823529411764705,3.0714529997074287,0.905982416276534,125.0,7.0,271.0,0,17,17,5.0,0.0,125.0
2023,Mexico City Grand Prix,19,4,NOR,Lando Norris,McLaren,16.0,5,10.0,Finished,2023-09-10,11.0,2.6666666666666665,16.0,0.6666666666666666,3.0,0.0,3.6,14.0,1.4,4.0,0.0,4.1,12.8,0.3,6.0,0.0,10.0,8.0,10.4,11.34375,8.0,0,7.0,0.5,2.0571428571428574,0.0,4.0,5.0,5.0,9.722222222222221,206.0,1.0,2.0,8.0,9.722222222222221,-0.05555555555555555,3.0190029951901867,0.9389833931500599,140.0,7.0,281.0,0,18,18,6.0,0.0,140.0
2023,São Paulo Grand Prix,20,4,NOR,Lando Norris,McLaren,5.0,2,18.0,Finished,2023-09-24,3.0,3.6666666666666665,13.333333333333334,4.333333333333333,2.0,0.0,3.0,15.2,3.4,4.0,0.0,4.1,12.8,1.4,6.0,0.0,10.0,8.0,10.4,12.28125,8.0,0,7.0,0.9999999999999996,1.688888888888889,0.0,4.0,5.0,5.0,9.552631578947368,220.0,1.0,2.0,10.666666666666666,9.552631578947368,0.5263157894736842,3.8782645181207815,0.9050430907242052,150.0,7.0,296.0,0,19,19,6.0,0.0,150.0
2023,Las Vegas Grand Prix,21,4,NOR,Lando Norris,McLaren,14.0,20,0.0,Finished,2023-10-08,-6.0,3.3333333333333335,14.333333333333334,4.0,2.0,0.0,3.0,15.2,3.2,4.0,0.0,4.1,12.8,1.8,6.0,0.0,10.0,8.0,10.4,12.15625,8.0,0,7.0,-0.4999999999999989,1.7063492063492063,0.0,4.0,5.0,5.0,9.475,238.0,1.0,2.0,8.0,9.475,0.65,3.8151360602073856,0.8764576028546618,168.0,6.0,303.0,0,20,20,7.0,0.0,168.0
2023,Abu Dhabi Grand Prix,22,4,NOR,Lando Norris,McLaren,4.0,5,10.0,Finished,2023-10-22,-1.0,9.0,9.333333333333334,2.6666666666666665,1.0,0.0,6.6,11.6,2.0,3.0,0.0,5.9,11.0,1.1,5.0,0.0,10.0,8.0,10.4,11.34375,8.0,0,7.0,7.4999999999999964,1.1666666666666667,0.0,3.0,4.0,5.0,9.738095238095237,239.0,1.0,2.0,14.666666666666666,9.738095238095237,0.3333333333333333,3.9916579679793873,0.8982135900203128,168.0,7.0,328.0,0,21,21,7.0,0.0,168.0
2024,Bahrain Grand Prix,1,4,NOR,Lando Norris,McLaren,7.0,6,8.0,Finished,2024-01-01,1.0,9.0,9.333333333333334,-1.3333333333333333,1.0,0.0,7.0,10.6,1.0,2.0,0.0,5.7,11.4,0.9,5.0,0.0,17.0,17.0,18.5,12.029411764705882,17.0,1,17.0,1.5000000000000024,1.1535580524344569,0.0,2.0,4.0,5.0,11.722222222222221,0.0,1.0,5.0,7.0,9.545454545454545,0.2727272727272727,3.905817616762367,0.9028402450193894,0.0,1.0,0.0,1,22,22,7.0,0.0,178.0
2024,Saudi Arabian Grand Prix,2,4,NOR,Lando Norris,McLaren,6.0,8,4.0,Finished,2024-01-15,-2.0,10.333333333333334,6.0,-2.0,0.0,0.0,7.6,9.2,1.6,1.0,0.0,5.6,11.6,1.5,5.0,0.0,17.0,17.0,16.0,12.352941176470589,17.0,1,15.0,-6.999999999999999,0.7419354838709677,0.0,1.0,4.0,5.0,7.0,12.0,1.0,6.0,6.666666666666667,9.434782608695652,0.30434782608695654,3.819028703368718,0.8961950169750681,8.0,5.0,17.0,0,23,23,7.0,0.0,186.0
2024,Australian Grand Prix,3,4,NOR,Lando Norris,McLaren,3.0,3,15.0,Finished,2024-01-29,0.0,6.333333333333333,7.333333333333333,-0.6666666666666666,0.0,0.0,8.2,8.0,-1.0,1.0,0.0,5.6,11.6,1.2,5.0,0.0,7.0,7.0,8.0,10.735294117647058,7.0,1,7.0,1.5,0.9263157894736841,0.0,1.0,4.0,5.0,6.5,28.0,1.0,4.0,6.666666666666667,9.291666666666666,0.20833333333333334,3.7645851629728555,0.9064726055534879,12.0,7.0,38.0,0,24,24,7.0,0.0,190.0
2024,Japanese Grand Prix,4,4,NOR,Lando Norris,McLaren,5.0,5,10.0,Finished,2024-02-12,0.0,5.666666666666667,9.0,-0.3333333333333333,1.0,0.0,8.4,7.4,-1.6,1.0,0.0,5.7,11.3,0.8,5.0,0.0,2.0,2.0,2.5,11.470588235294118,2.0,1,2.0,-1.4999999999999993,1.0975609756097562,0.0,1.0,4.0,5.0,5.5,55.0,1.0,3.0,3.6666666666666665,9.06,0.2,3.6855573979159963,0.9002137013313484,27.0,6.0,23.0,0,25,25,8.0,0.0,205.0
2024,Chinese Grand Prix,5,4,NOR,Lando Norris,McLaren,4.0,2,18.0,Finished,2024-02-26,2.0,5.333333333333333,9.666666666666666,-0.6666666666666666,1.0,0.0,5.4,9.4,-0.4,1.0,0.0,6.0,10.5,0.8,4.0,0.0,10.0,8.0,10.4,11.75,8.0,0,7.0,-1.5000000000000009,1.1689922480620154,0.0,1.0,5.0,5.0,5.75,69.0,1.0,3.0,5.666666666666667,8.961538461538462,0.19230769230769232,3.6113070295307845,0.8976413794852708,37.0,5.0,38.0,0,26,26,8.0,0.0,215.0
2024,Miami Grand Prix,6,4,NOR,Lando Norris,McLaren,6.0,1,25.0,Finished,2024-03-11,5.0,3.3333333333333335,14.333333333333334,0.6666666666666666,2.0,0.0,4.8,11.0,0.2,2.0,0.0,5.9,10.8,0.6,4.0,0.0,17.0,17.0,18.0,12.264705882352942,17.0,1,17.0,-0.4999999999999989,1.6609442060085837,0.0,2.0,5.0,5.0,5.6,91.0,1.0,2.0,6.0,8.814814814814815,0.25925925925925924,3.5582254932717037,0.8792102172821127,55.0,5.0,45.0,0,27,27,9.0,0.0,233.0
2024,Emilia Romagna Grand Prix,7,4,NOR,Lando Norris,McLaren,2.0,2,18.0,Finished,2024-03-25,0.0,2.6666666666666665,17.666666666666668,2.3333333333333335,2.0,0.0,3.8,14.4,1.0,3.0,0.0,5.7,11.8,1.3,4.0,0.0,10.0,8.0,10.4,12.7,8.0,0,7.0,-2.0,1.9173126614987084,1.0,3.0,5.0,5.0,5.916666666666667,116.0,1.0,1.0,7.666666666666667,8.767857142857142,0.42857142857142855,3.6048174703733604,0.8529118931955066,80.0,4.0,38.0,0,28,28,10.0,1.0,258.0
2024,Monaco Grand Prix,8,4,NOR,Lando Norris,McLaren,8.0,4,12.0,Finished,2024-04-08,4.0,1.6666666666666667,20.333333333333332,2.3333333333333335,3.0,0.0,2.6,17.2,1.4,4.0,0.0,5.4,12.6,0.2,5.0,0.0,9.0,9.0,9.5,11.647058823529411,9.0,1,9.0,-3.2853043354112167e-16,2.1364734299516908,1.0,4.0,5.0,5.0,5.5,146.0,1.0,1.0,6.666666666666667,8.568965517241379,0.41379310344827586,3.540754977798927,0.846489644004857,98.0,3.0,45.0,1,29,29,11.0,1.0,276.0
2024,Canadian Grand Prix,9,4,NOR,Lando Norris,McLaren,3.0,2,18.0,Finished,2024-04-22,1.0,2.3333333333333335,18.333333333333332,3.0,2.0,0.0,2.8,16.6,2.2,3.0,0.0,5.6,12.0,0.3,4.0,0.0,9.0,9.0,10.5,11.088235294117647,9.0,1,9.0,1.4999999999999996,1.909722222222222,1.0,3.0,5.0,5.0,5.1875,176.0,1.0,1.0,3.3333333333333335,8.383333333333333,0.5333333333333333,3.5402448126271344,0.8330881373528433,110.0,3.0,41.0,1,30,30,11.0,1.0,288.0
2024,Spanish Grand Prix,10,4,NOR,Lando Norris,McLaren,3.0,2,18.0,Finished,2024-05-06,1.0,2.6666666666666665,16.0,1.6666666666666667,2.0,0.0,2.2,18.2,2.4,4.0,0.0,3.8,13.8,1.0,5.0,0.0,17.0,17.0,15.0,11.212121212121213,17.0,1,13.0,2.2023066254047506e-16,1.6209150326797386,1.0,4.0,5.0,5.0,5.0,204.0,1.0,1.0,3.0,8.225806451612904,0.5483870967741935,3.481749652855772,0.8223433587285579,128.0,2.0,48.0,1,31,31,12.0,1.0,306.0
2024,Austrian Grand Prix,11,4,NOR,Lando Norris,McLaren,2.0,20,0.0,Finished,2024-05-20,-18.0,2.6666666666666665,16.0,2.0,2.0,0.0,2.2,18.2,2.2,4.0,0.0,3.5,14.6,1.2,6.0,0.0,5.0,5.0,11.5,11.029411764705882,5.0,1,5.0,-1.0,1.5802469135802468,1.0,4.0,5.0,5.0,4.95,228.0,1.0,1.0,4.666666666666667,8.109375,0.5625,3.4260623499589804,0.8122701287682905,146.0,2.0,55.0,1,32,32,13.0,1.0,324.0
2024,British Grand Prix,12,4,NOR,Lando Norris,McLaren,5.0,3,15.0,Finished,2024-06-03,2.0,8.0,12.0,-5.333333333333333,2.0,0.0,6.0,13.2,-2.4,3.0,0.0,4.9,13.8,-0.7,6.0,0.0,2.0,2.0,3.0,11.764705882352942,2.0,1,2.0,8.999999999999996,1.222222222222222,0.0,3.0,4.0,5.0,5.5,246.0,1.0,1.0,9.666666666666666,8.196969696969697,0.0,4.670385423067351,0.9896760844621806,146.0,2.0,65.0,1,33,33,13.0,1.0,324.0
2024,Hungarian Grand Prix,13,4,NOR,Lando Norris,McLaren,3.0,2,18.0,Finished,2024-06-17,1.0,8.333333333333334,11.0,-5.0,2.0,0.0,6.2,12.6,-2.0,3.0,0.0,4.4,14.9,-0.3,7.0,0.0,2.0,2.0,3.5,12.264705882352942,2.0,1,2.0,0.5000000000000033,1.103244837758112,0.0,3.0,4.0,5.0,5.333333333333333,273.0,1.0,1.0,3.0,8.058823529411764,0.058823529411764705,4.6118501938309615,0.9752738466838812,161.0,2.0,68.0,1,34,34,14.0,1.0,339.0
2024,Belgian Grand Prix,14,4,NOR,Lando Norris,McLaren,7.0,6,8.0,Finished,2024-07-01,1.0,8.333333333333334,11.0,-5.0,2.0,0.0,5.8,13.8,-2.6,4.0,0.0,4.3,15.2,-0.2,7.0,0.0,7.0,7.0,13.5,12.029411764705882,7.0,1,7.0,-8.999999999999998,1.0784313725490198,0.0,4.0,4.0,5.0,5.038461538461538,316.0,1.0,1.0,2.3333333333333335,7.871428571428571,0.08571428571428572,4.546307024720747,0.9616945939214846,179.0,2.0,60.0,1,35,35,15.0,1.0,357.0
2024,Dutch Grand Prix,15,4,NOR,Lando Norris,McLaren,2.0,1,25.0,Finished,2024-07-15,1.0,3.6666666666666665,13.666666666666666,1.3333333333333333,2.0,0.0,6.6,11.8,-2.6,3.0,0.0,4.4,15.0,-0.1,7.0,0.0,7.0,7.0,8.0,12.088235294117647,7.0,1,7.0,1.4999999999999993,1.3479452054794518,0.0,3.0,4.0,5.0,5.0,339.0,1.0,1.0,3.3333333333333335,7.777777777777778,0.1111111111111111,4.483479374502274,0.9558141885347767,187.0,2.0,62.0,1,36,36,15.0,1.0,365.0
2024,Italian Grand Prix,16,4,NOR,Lando Norris,McLaren,3.0,3,15.0,Finished,2024-07-29,0.0,3.0,17.0,1.0,2.0,0.0,6.4,13.2,-2.6,3.0,0.0,4.3,15.7,-0.2,7.0,0.0,8.0,8.0,9.5,12.823529411764707,8.0,1,8.0,-0.4999999999999993,1.6128205128205129,1.0,3.0,4.0,5.0,4.833333333333333,376.0,1.0,1.0,2.6666666666666665,7.635135135135135,0.13513513513513514,4.423184889258481,0.9389903816374404,212.0,2.0,55.0,1,37,37,16.0,2.0,390.0
2024,Azerbaijan Grand Prix,17,4,NOR,Lando Norris,McLaren,12.0,4,12.0,Finished,2024-08-12,8.0,3.3333333333333335,16.0,0.6666666666666666,2.0,0.0,3.0,16.2,1.0,4.0,0.0,4.5,14.7,-0.7,7.0,0.0,9.0,9.0,10.0,12.676470588235293,9.0,1,9.0,-1.5000000000000004,1.5012345679012347,1.0,4.0,5.0,5.0,4.6875,409.0,1.0,1.0,3.0,7.5,0.13157894736842105,4.363057771244896,0.9340169505417183,227.0,2.0,48.0,1,38,38,17.0,2.0,405.0
2024,Singapore Grand Prix,18,4,NOR,Lando Norris,McLaren,1.0,1,25.0,Finished,2024-08-26,0.0,2.6666666666666665,17.333333333333332,3.0,2.0,0.0,3.2,15.6,2.2,3.0,0.0,4.7,14.1,0.1,6.0,0.0,2.0,2.0,4.5,11.93939393939394,2.0,1,2.0,1.4999999999999998,1.6211031175059951,1.0,3.0,5.0,5.0,4.5588235294117645,446.0,1.0,1.0,2.3333333333333335,7.371794871794871,0.3333333333333333,4.485845184304052,0.9179573443148104,239.0,2.0,46.0,1,39,39,17.0,2.0,417.0
2024,United States Grand Prix,19,4,NOR,Lando Norris,McLaren,4.0,3,15.0,Finished,2024-09-09,1.0,2.6666666666666665,17.333333333333332,2.6666666666666665,2.0,0.0,3.0,17.0,2.0,3.0,0.0,4.4,15.4,-0.3,7.0,0.0,3.0,3.0,11.0,11.852941176470589,3.0,1,3.0,-0.9999999999999996,1.568627450980392,2.0,3.0,5.0,5.0,4.416666666666667,486.0,1.0,1.0,1.6666666666666667,7.2375,0.325,4.428274538080875,0.9075084107069401,264.0,2.0,39.0,1,40,40,18.0,3.0,442.0
2024,Mexico City Grand Prix,20,4,NOR,Lando Norris,McLaren,5.0,2,18.0,Finished,2024-09-23,3.0,2.6666666666666665,17.333333333333332,3.0,2.0,0.0,2.4,18.4,2.0,4.0,0.0,4.5,15.1,-0.3,7.0,0.0,5.0,5.0,6.5,11.058823529411764,5.0,1,5.0,-0.5000000000000006,1.5550692924872356,2.0,4.0,5.0,5.0,4.394736842105263,511.0,1.0,1.0,3.6666666666666665,7.158536585365853,0.34146341463414637,4.373841309978912,0.9000082055677464,279.0,2.0,36.0,1,41,41,19.0,3.0,457.0
2024,São Paulo Grand Prix,21,4,NOR,Lando Norris,McLaren,3.0,6,8.0,Finished,2024-10-07,-3.0,2.0,19.333333333333332,1.3333333333333333,3.0,0.0,2.6,17.0,2.4,4.0,0.0,4.5,15.1,-0.1,7.0,0.0,2.0,2.0,8.0,12.029411764705882,2.0,1,2.0,0.5000000000000002,1.709473684210526,1.0,4.0,5.0,5.0,4.425,533.0,1.0,1.0,5.0,7.107142857142857,0.40476190476190477,4.339605038842533,0.8865159467050224,297.0,2.0,26.0,1,42,42,20.0,3.0,475.0
2024,Las Vegas Grand Prix,22,4,NOR,Lando Norris,McLaren,6.0,6,8.0,Finished,2024-10-21,0.0,3.6666666666666665,13.666666666666666,0.3333333333333333,2.0,0.0,3.2,15.6,1.8,3.0,0.0,3.1,15.9,1.4,7.0,0.0,20.0,20.0,15.0,12.323529411764707,20.0,1,10.0,1.4999999999999993,1.2167011732229123,1.0,3.0,5.0,5.0,4.523809523809524,547.0,1.0,1.0,7.0,7.093023255813954,0.32558139534883723,4.318955617984725,0.9007830177118823,305.0,2.0,43.0,1,43,43,20.0,3.0,483.0
2024,Qatar Grand Prix,23,4,NOR,Lando Norris,McLaren,4.0,10,1.0,Finished,2024-11-04,-6.0,4.666666666666667,11.333333333333334,0.0,1.0,0.0,3.6,14.8,0.2,3.0,0.0,3.4,15.2,1.2,6.0,0.0,3.0,3.0,2.5,11.121212121212121,3.0,1,2.0,2.0000000000000004,1.01561439239647,1.0,3.0,5.0,5.0,4.613636363636363,561.0,1.0,1.0,6.666666666666667,7.079545454545454,0.3181818181818182,4.268721976776019,0.8997911958807681,313.0,2.0,45.0,1,44,44,20.0,3.0,491.0
2024,Abu Dhabi Grand Prix,24,4,NOR,Lando Norris,McLaren,1.0,1,25.0,Finished,2024-11-18,0.0,7.333333333333333,5.666666666666667,-3.0,0.0,0.0,5.4,10.0,-1.0,2.0,0.0,4.2,13.5,0.5,5.0,0.0,5.0,5.0,5.5,11.0,5.0,1,5.0,1.9999999999999991,0.5182926829268293,0.0,2.0,5.0,5.0,4.695652173913044,577.0,1.0,1.0,6.666666666666667,7.066666666666666,0.17777777777777778,4.323765661428646,0.924240280416751,314.0,2.0,69.0,1,45,45,20.0,3.0,492.0
2025,Australian Grand Prix,1,4,NOR,Lando Norris,McLaren,1.0,1,25.0,Finished,2025-01-01,0.0,5.666666666666667,11.333333333333334,-2.0,1.0,0.0,5.0,12.0,-1.2,2.0,0.0,3.7,15.2,0.4,6.0,0.0,5.0,3.0,5.75,10.333333333333334,3.0,2,3.0,-2.499999999999999,1.008381689232753,1.0,2.0,5.0,5.0,11.722222222222221,0.0,1.0,5.0,4.666666666666667,7.032608695652174,0.17391304347826086,4.275534263307333,0.9150176656250825,0.0,1.0,0.0,1,46,46,21.0,4.0,517.0
2025,Chinese Grand Prix,2,4,NOR,Lando Norris,McLaren,2.0,2,18.0,Finished,2025-01-15,0.0,4.0,17.0,-2.0,2.0,0.0,4.8,13.4,-1.8,2.0,0.0,3.7,15.2,0.3,6.0,0.0,2.0,2.0,5.0,11.136363636363637,2.0,1,2.0,-4.5,1.474169741697417,2.0,2.0,5.0,5.0,5.0,27.0,1.0,1.0,6.666666666666667,6.98936170212766,0.1702127659574468,4.228881797602572,0.9061875025266765,25.0,1.0,0.0,1,47,47,22.0,5.0,542.0
2025,Japanese Grand Prix,3,4,NOR,Lando Norris,McLaren,2.0,2,18.0,Finished,2025-01-29,0.0,1.3333333333333333,22.666666666666668,0.0,3.0,0.0,4.0,15.4,-1.2,3.0,0.0,3.6,15.5,0.3,6.0,0.0,3.5,2.0,4.5,11.194444444444445,2.0,2,2.0,0.4999999999999999,1.942857142857143,2.0,3.0,5.0,5.0,3.25,70.0,1.0,1.0,4.0,6.875,0.16666666666666666,4.183723951133819,0.9011974851129262,43.0,1.0,0.0,1,48,48,23.0,5.0,560.0
2025,Bahrain Grand Prix,4,4,NOR,Lando Norris,McLaren,3.0,2,18.0,Finished,2025-02-12,1.0,1.6666666666666667,20.333333333333332,0.0,3.0,0.0,3.2,17.4,-1.2,4.0,0.0,3.4,16.1,-0.5,7.0,0.0,11.5,6.0,12.75,11.75,6.0,2,6.0,0.5,1.723760092272203,2.0,4.0,5.0,5.0,3.0,103.0,1.0,1.0,2.0,6.785714285714286,0.16326530612244897,4.139982582368304,0.8964111418793292,61.0,1.0,0.0,1,49,49,24.0,5.0,578.0
2025,Saudi Arabian Grand Prix,5,4,NOR,Lando Norris,McLaren,9.0,4,12.0,Finished,2025-02-26,5.0,2.0,18.0,0.3333333333333333,3.0,0.0,1.6,20.8,0.2,5.0,0.0,3.5,15.4,-0.4,7.0,0.0,12.5,8.0,11.0,12.0,8.0,2,4.0,-1.1818875310513807e-16,1.5100671140939597,2.0,5.0,5.0,5.0,2.625,146.0,1.0,1.0,2.0,6.68,0.18,4.09922839927074,0.8884829190417426,79.0,1.0,0.0,1,50,50,25.0,5.0,596.0
2025,Miami Grand Prix,6,4,NOR,Lando Norris,McLaren,7.0,2,18.0,Finished,2025-03-12,5.0,2.6666666666666665,16.0,2.0,2.0,0.0,2.2,18.2,1.2,4.0,0.0,3.6,15.1,0.0,6.0,0.0,9.0,1.0,12.75,12.0,1.0,2,1.0,0.9999999999999998,1.3421052631578947,1.0,4.0,5.0,5.0,2.6,183.0,1.0,1.0,2.0,6.598039215686274,0.27450980392156865,4.113774088948245,0.8789048225899437,91.0,2.0,1.0,1,51,51,25.0,5.0,608.0
2025,Emilia Romagna Grand Prix,7,4,NOR,Lando Norris,McLaren,4.0,2,18.0,Finished,2025-03-26,2.0,2.6666666666666665,16.0,3.6666666666666665,2.0,0.0,2.4,16.8,2.2,4.0,0.0,3.6,15.1,0.2,6.0,0.0,2.0,2.0,3.0,11.818181818181818,2.0,1,2.0,2.2023066254047506e-16,1.329073482428115,0.0,4.0,5.0,5.0,2.4166666666666665,226.0,1.0,1.0,1.3333333333333333,6.5,0.36538461538461536,4.125619840079392,0.8668104990785986,109.0,2.0,8.0,1,52,52,26.0,5.0,626.0
2025,Monaco Grand Prix,8,4,NOR,Lando Norris,McLaren,1.0,1,25.0,Finished,2025-04-09,0.0,2.6666666666666665,16.0,4.0,2.0,0.0,2.4,16.8,2.6,4.0,0.0,3.2,16.1,0.7,7.0,0.0,6.5,4.0,6.25,11.166666666666666,4.0,2,2.0,-1.0,1.3167701863354038,0.0,4.0,5.0,5.0,2.4285714285714284,259.0,1.0,1.0,2.0,6.4245283018867925,0.39622641509433965,4.091922731437882,0.8580027538129646,127.0,2.0,5.0,1,53,53,27.0,5.0,644.0
2025,Spanish Grand Prix,9,4,NOR,Lando Norris,McLaren,3.0,2,18.0,Finished,2025-04-23,1.0,1.6666666666666667,20.333333333333332,2.3333333333333335,3.0,0.0,2.2,18.2,2.6,4.0,0.0,2.7,17.8,0.7,8.0,0.0,9.5,2.0,9.75,10.82857142857143,2.0,2,2.0,-0.4999999999999999,1.6412556053811658,1.0,4.0,5.0,5.0,2.375,299.0,1.0,1.0,2.3333333333333335,6.342592592592593,0.3888888888888889,4.053494493651483,0.8513730731867987,152.0,1.0,0.0,1,54,54,28.0,6.0,669.0
2025,Canadian Grand Prix,10,4,NOR,Lando Norris,McLaren,7.0,18,0.0,Finished,2025-05-07,-11.0,1.6666666666666667,20.333333333333332,1.0,3.0,0.0,2.2,18.2,2.6,4.0,0.0,1.9,19.5,1.4,9.0,0.0,5.5,2.0,7.0,10.666666666666666,2.0,2,2.0,-3.2853043354112167e-16,1.6278505579815623,1.0,4.0,5.0,5.0,2.2777777777777777,342.0,1.0,1.0,2.0,6.254545454545455,0.4,4.016632088371218,0.8449844718561296,170.0,2.0,2.0,1,55,55,29.0,6.0,687.0
2025,Austrian Grand Prix,11,4,NOR,Lando Norris,McLaren,1.0,1,25.0,Finished,2025-05-21,0.0,7.0,14.333333333333334,-3.3333333333333335,2.0,0.0,5.0,15.8,-0.6,4.0,0.0,3.6,17.0,0.3,8.0,0.0,12.5,5.0,11.25,11.027777777777779,5.0,2,2.0,8.499999999999998,1.1683648714216401,1.0,4.0,4.0,5.0,3.15,354.0,1.0,1.0,7.666666666666667,6.339285714285714,0.19642857142857142,4.261538957432431,0.8700740348586987,170.0,2.0,14.0,1,56,56,29.0,6.0,687.0
2025,British Grand Prix,12,4,NOR,Lando Norris,McLaren,5.0,1,25.0,Finished,2025-06-04,4.0,7.0,14.333333333333334,-3.3333333333333335,2.0,0.0,4.8,17.2,-1.6,4.0,0.0,3.6,17.0,0.3,8.0,0.0,2.5,2.0,3.25,11.305555555555555,2.0,2,2.0,-0.49999999999999634,1.1474719101123596,2.0,4.0,4.0,5.0,3.0,397.0,1.0,1.0,2.3333333333333335,6.254385964912281,0.19298245614035087,4.223398244521771,0.8635815079313531,195.0,2.0,7.0,1,57,57,30.0,7.0,712.0
2025,Belgian Grand Prix,13,4,NOR,Lando Norris,McLaren,1.0,2,18.0,Finished,2025-06-18,-1.0,6.666666666666667,16.666666666666668,-2.3333333333333335,2.0,0.0,4.6,18.6,-1.2,4.0,0.0,3.5,17.7,0.7,8.0,0.0,6.5,6.0,9.0,11.61111111111111,6.0,2,3.0,-8.500000000000002,1.3116236996834012,3.0,4.0,4.0,5.0,2.875,440.0,1.0,1.0,1.6666666666666667,6.172413793103448,0.25862068965517243,4.215927796693493,0.8515657348060999,220.0,1.0,0.0,1,58,58,31.0,8.0,737.0
2025,Hungarian Grand Prix,14,4,NOR,Lando Norris,McLaren,5.0,1,25.0,Finished,2025-07-02,4.0,1.3333333333333333,22.666666666666668,1.0,3.0,0.0,4.8,17.2,-1.4,4.0,0.0,3.5,17.7,0.6,8.0,0.0,2.0,2.0,2.5,11.666666666666666,2.0,2,1.0,0.4999999999999999,1.7713024282560708,2.0,4.0,4.0,5.0,2.769230769230769,483.0,1.0,1.0,1.6666666666666667,6.093220338983051,0.23728813559322035,4.182636452216298,0.8540815698093863,238.0,2.0,7.0,1,59,59,32.0,8.0,755.0
2025,Dutch Grand Prix,15,4,NOR,Lando Norris,McLaren,3.0,18,0.0,Finished,2025-07-16,-15.0,1.3333333333333333,22.666666666666668,2.3333333333333335,3.0,0.0,4.6,18.6,-0.8,4.0,0.0,3.4,18.4,0.9,8.0,0.0,4.0,1.0,5.25,11.555555555555555,1.0,2,1.0,1.1011533127023753e-16,1.7435897435897436,3.0,4.0,4.0,5.0,2.6785714285714284,526.0,1.0,1.0,1.3333333333333333,6.016666666666667,0.3,4.175391994182672,0.8426246547570078,263.0,1.0,0.0,1,60,60,33.0,9.0,780.0
2025,Italian Grand Prix,16,4,NOR,Lando Norris,McLaren,3.0,2,18.0,Finished,2025-07-30,1.0,7.0,14.333333333333334,-4.0,2.0,0.0,4.6,18.6,-1.6,4.0,0.0,4.8,17.2,-1.1,8.0,0.0,5.5,3.0,6.0,12.25,3.0,2,2.0,7.9999999999999964,1.120940170940171,3.0,4.0,4.0,5.0,3.1333333333333333,551.0,1.0,1.0,7.0,6.073770491803279,0.04918032786885246,4.58048843650324,0.9025816276298436,263.0,2.0,25.0,1,61,61,33.0,9.0,780.0
2025,Azerbaijan Grand Prix,17,4,NOR,Lando Norris,McLaren,9.0,7,6.0,Finished,2025-08-13,2.0,7.0,14.333333333333334,-3.3333333333333335,2.0,0.0,4.8,17.2,-1.4,4.0,0.0,4.8,17.2,-1.5,8.0,0.0,6.5,4.0,6.25,12.11111111111111,4.0,2,1.0,0.500000000000003,1.1136173767752715,2.0,4.0,4.0,5.0,3.09375,584.0,1.0,1.0,2.0,6.016129032258065,0.06451612903225806,4.544392934053993,0.8960883755712978,281.0,2.0,22.0,1,62,62,34.0,9.0,798.0
2025,Singapore Grand Prix,18,4,NOR,Lando Norris,McLaren,3.0,3,15.0,Finished,2025-08-27,0.0,9.0,8.0,-4.0,1.0,0.0,6.0,13.4,-1.8,3.0,0.0,5.3,16.0,-1.5,7.0,0.0,1.5,1.0,3.25,11.371428571428572,1.0,2,1.0,-5.5000000000000036,0.626865671641791,1.0,3.0,4.0,5.0,3.7058823529411766,590.0,1.0,1.0,10.0,6.134920634920635,0.09523809523809523,4.514186547356212,0.8929758616733406,287.0,2.0,16.0,1,63,63,34.0,9.0,804.0
2025,United States Grand Prix,19,4,NOR,Lando Norris,McLaren,3.0,2,18.0,Finished,2025-09-10,1.0,4.0,13.0,1.0,2.0,0.0,6.2,12.8,-1.6,3.0,0.0,5.5,15.0,-1.5,7.0,0.0,3.0,3.0,7.5,11.416666666666666,3.0,2,3.0,0.5000000000000008,1.0158730158730158,1.0,3.0,4.0,5.0,3.6944444444444446,617.0,1.0,1.0,9.0,6.09375,0.09375,4.47823218380462,0.8907418638346947,302.0,2.0,13.0,1,64,64,35.0,9.0,819.0
2025,Mexico City Grand Prix,20,4,NOR,Lando Norris,McLaren,1.0,1,25.0,Finished,2025-09-24,0.0,4.0,13.0,1.0,2.0,0.0,6.4,11.4,-2.2,3.0,0.0,5.5,15.0,-1.5,7.0,0.0,3.5,2.0,5.75,10.722222222222221,2.0,2,2.0,-2.5000000000000013,1.009557945041816,0.0,3.0,4.0,5.0,3.6842105263157894,645.0,1.0,1.0,3.6666666666666665,6.053846153846154,0.1076923076923077,4.444529913708103,0.8847304505449302,320.0,2.0,5.0,1,65,65,36.0,9.0,837.0
2025,São Paulo Grand Prix,21,4,NOR,Lando Norris,McLaren,1.0,1,25.0,Finished,2025-10-08,0.0,2.0,19.333333333333332,0.3333333333333333,3.0,0.0,3.0,16.4,0.8,4.0,0.0,3.8,17.5,-0.4,8.0,0.0,4.0,2.0,7.25,11.722222222222221,2.0,2,2.0,-1.0,1.480278422273782,1.0,4.0,5.0,5.0,3.65,680.0,1.0,1.0,3.6666666666666665,6.007575757575758,0.10606060606060606,4.410228627873679,0.8789012012942494,345.0,1.0,0.0,1,66,66,37.0,10.0,862.0
2025,Las Vegas Grand Prix,22,4,NOR,Lando Norris,McLaren,4.0,2,18.0,Finished,2025-10-22,2.0,1.3333333333333333,22.666666666666668,0.3333333333333333,3.0,0.0,2.8,17.8,0.6,4.0,0.0,3.8,17.5,-0.4,8.0,0.0,13.0,6.0,10.75,12.0,6.0,2,6.0,-0.5,1.7121382938744834,2.0,4.0,5.0,5.0,3.619047619047619,715.0,1.0,1.0,3.6666666666666665,5.962686567164179,0.1044776119402985,4.376709461207645,0.8732459594838874,370.0,1.0,0.0,1,67,67,38.0,11.0,887.0
2025,Qatar Grand Prix,23,4,NOR,Lando Norris,McLaren,3.0,4,12.0,Finished,2025-11-05,-1.0,1.3333333333333333,22.666666666666668,0.6666666666666666,3.0,0.0,1.8,20.2,0.6,5.0,0.0,3.9,16.8,-0.6,8.0,0.0,6.5,3.0,4.5,10.857142857142858,3.0,2,2.0,0.4999999999999999,1.7031307550644568,2.0,5.0,5.0,5.0,3.6136363636363638,743.0,1.0,1.0,4.0,5.926470588235294,0.1323529411764706,4.350002270593698,0.8662864600797127,388.0,1.0,0.0,1,68,68,39.0,11.0,905.0
2025,Abu Dhabi Grand Prix,24,4,NOR,Lando Norris,McLaren,3.0,3,15.0,Finished,2025-11-19,0.0,2.3333333333333335,18.333333333333332,0.3333333333333333,2.0,0.0,2.0,19.6,0.4,4.0,0.0,4.1,16.2,-0.6,7.0,0.0,3.0,1.0,5.5,10.694444444444445,1.0,2,1.0,1.4999999999999996,1.3794983642311887,2.0,4.0,5.0,5.0,3.5869565217391304,773.0,1.0,1.0,3.6666666666666665,5.884057971014493,0.11594202898550725,4.320049808686368,0.8682243374698618,400.0,1.0,0.0,1,69,69,39.0,11.0,917.0
2023,Bahrain Grand Prix,1,31,OCO,Esteban Ocon,Alpine,11.0,18,0.0,Finished,2023-01-01,-7.0,11.333333333333334,2.0,0.3333333333333333,0.0,0.0,11.4,2.2,0.2,0.0,0.0,11.5,2.0,0.1,0.0,0.0,10.0,8.0,9.0,11.6,8.0,0,9.0,-5.909437655256903e-17,0.864957264957265,0.0,0.0,2.0,5.0,9.0,2.0,1.0,9.0,9.0,9.0,0.0,0.0,1.013313220561811,0.0,1.0,0.0,1,0,0,0.0,0.0,0.0
2023,Saudi Arabian Grand Prix,2,31,OCO,Esteban Ocon,Alpine,6.0,8,4.0,Finished,2023-01-15,-2.0,18.0,0.0,-7.0,0.0,0.0,18.0,0.0,-7.0,0.0,0.0,18.0,0.0,-7.0,0.0,0.0,10.0,8.0,9.0,13.0,8.0,0,9.0,-5.909437655256903e-17,0.864957264957265,0.0,0.0,0.0,1.0,12.0,4.0,1.0,9.0,12.0,12.0,-7.0,0.0,1.5,0.0,11.0,25.0,0,1,1,0.0,0.0,0.0
2023,Australian Grand Prix,3,31,OCO,Esteban Ocon,Alpine,16.0,15,0.0,Finished,2023-01-29,1.0,13.0,2.0,-4.5,0.0,0.0,13.0,2.0,-4.5,0.0,0.0,13.0,2.0,-4.5,0.0,0.0,10.0,8.0,14.0,12.0,8.0,0,14.0,-10.000000000000002,1.0,0.0,0.0,1.0,2.0,11.6,8.0,1.0,8.0,10.333333333333334,11.6,-4.5,3.5355339059327378,1.3214285714285714,4.0,9.0,39.0,0,2,2,0.0,0.0,4.0
2023,Azerbaijan Grand Prix,4,31,OCO,Esteban Ocon,Alpine,19.0,15,0.0,Finished,2023-02-12,4.0,13.666666666666666,1.3333333333333333,-2.6666666666666665,0.0,0.0,13.666666666666666,1.3333333333333333,-2.6666666666666665,0.0,0.0,13.666666666666666,1.3333333333333333,-2.6666666666666665,0.0,0.0,10.0,8.0,14.0,16.2,8.0,0,14.0,-1.5000000000000018,1.0,0.0,0.0,1.0,3.0,12.428571428571429,8.0,1.0,8.0,14.333333333333334,12.428571428571429,-2.6666666666666665,4.041451884327381,1.1750700280112045,4.0,10.0,64.0,0,3,3,0.0,0.0,4.0
2023,Miami Grand Prix,5,31,OCO,Esteban Ocon,Alpine,10.0,9,2.0,Finished,2023-02-26,1.0,12.666666666666666,1.3333333333333333,1.0,0.0,0.0,14.0,1.0,-1.0,0.0,0.0,14.0,1.0,-1.0,0.0,0.0,10.0,8.0,8.0,13.2,8.0,0,8.0,3.5000000000000004,1.3333333333333333,0.0,0.0,1.0,4.0,12.222222222222221,12.0,1.0,8.0,12.333333333333334,12.222222222222221,-1.0,4.69041575982343,1.0688025210084033,4.0,10.0,82.0,0,4,4,0.0,0.0,4.0
2023,Monaco Grand Prix,6,31,OCO,Esteban Ocon,Alpine,3.0,3,15.0,Finished,2023-03-12,0.0,13.0,0.6666666666666666,2.0,0.0,0.0,13.0,1.2,-0.6,0.0,0.0,13.0,1.2,-0.6,0.0,0.0,10.0,8.0,7.0,11.6,8.0,0,7.0,-2.9999999999999996,0.5555555555555556,0.0,0.0,2.0,5.0,11.454545454545455,20.0,1.0,7.0,8.0,11.454545454545455,-0.6,4.159326868617084,1.0186783804430863,6.0,11.0,105.0,0,5,5,0.0,0.0,6.0
2023,Spanish Grand Prix,7,31,OCO,Esteban Ocon,Alpine,5.0,8,4.0,Finished,2023-03-26,-3.0,9.0,5.666666666666667,1.6666666666666667,1.0,0.0,10.0,4.2,0.8,1.0,0.0,11.333333333333334,3.5,-0.5,1.0,0.0,10.0,8.0,11.0,12.6,8.0,0,11.0,-6.0,1.619047619047619,0.0,1.0,3.0,5.0,10.76923076923077,35.0,1.0,3.0,7.0,10.76923076923077,-0.5,3.7282703764614498,0.9738986503692386,21.0,9.0,115.0,0,6,6,1.0,0.0,21.0
2023,Canadian Grand Prix,8,31,OCO,Esteban Ocon,Alpine,5.0,8,4.0,Finished,2023-04-09,-3.0,6.666666666666667,7.0,-0.6666666666666666,1.0,0.0,10.0,4.2,0.6,1.0,0.0,10.857142857142858,3.5714285714285716,-0.8571428571428571,1.0,0.0,10.0,8.0,13.0,14.4,8.0,0,13.0,-0.5000000000000021,1.96,0.0,1.0,3.0,5.0,10.733333333333333,39.0,1.0,3.0,10.666666666666666,10.733333333333333,-0.8571428571428571,3.532165125838609,1.025246462221252,25.0,9.0,136.0,0,7,7,1.0,0.0,25.0
2023,Austrian Grand Prix,9,31,OCO,Esteban Ocon,Alpine,13.0,12,0.0,Finished,2023-04-23,1.0,6.333333333333333,7.666666666666667,-2.0,1.0,0.0,8.6,5.0,-0.2,1.0,0.0,10.5,3.625,-1.125,1.0,0.0,10.0,8.0,9.0,14.2,8.0,0,9.0,2.4999999999999996,2.1149425287356323,0.0,1.0,4.0,5.0,10.470588235294118,45.0,1.0,3.0,10.0,10.470588235294118,-1.125,3.3567628964311944,1.0637573211102622,29.0,9.0,157.0,0,8,8,1.0,0.0,29.0
2023,British Grand Prix,10,31,OCO,Esteban Ocon,Alpine,12.0,20,0.0,Finished,2023-05-07,-8.0,9.333333333333334,2.6666666666666665,-1.6666666666666667,0.0,0.0,8.0,5.0,-0.8,1.0,0.0,10.666666666666666,3.2222222222222223,-0.8888888888888888,1.0,0.0,10.0,8.0,18.0,15.8,8.0,0,18.0,2.0,0.8275862068965516,0.0,1.0,4.0,5.0,10.947368421052632,45.0,1.0,3.0,13.0,10.947368421052632,-0.8888888888888888,3.2188679859713276,1.0408001584472173,29.0,9.0,182.0,0,9,9,1.0,0.0,29.0
2023,Hungarian Grand Prix,11,31,OCO,Esteban Ocon,Alpine,19.0,19,0.0,Finished,2023-05-21,0.0,13.333333333333334,1.3333333333333333,-3.3333333333333335,0.0,0.0,10.2,4.6,-2.6,1.0,0.0,11.6,2.9,-1.6,1.0,0.0,10.0,8.0,20.0,15.2,8.0,0,20.0,5.999999999999999,0.45977011494252873,0.0,1.0,3.0,5.0,11.80952380952381,45.0,1.0,3.0,19.333333333333332,11.80952380952381,-1.6,3.777124126457412,1.0905662964486493,29.0,10.0,207.0,0,10,10,1.0,0.0,29.0
2023,Belgian Grand Prix,12,31,OCO,Esteban Ocon,Alpine,14.0,8,4.0,Finished,2023-06-04,6.0,17.0,0.0,-2.3333333333333335,0.0,0.0,13.4,1.6,-2.6,0.0,0.0,11.7,2.9,-0.9,1.0,0.0,10.0,8.0,11.0,12.4,8.0,0,11.0,3.5,0.0,0.0,0.0,2.0,5.0,12.08695652173913,45.0,1.0,3.0,16.666666666666668,12.08695652173913,-1.4545454545454546,3.6156226673599767,1.0777875422260448,29.0,10.0,232.0,0,11,11,1.0,0.0,29.0
2023,Dutch Grand Prix,13,31,OCO,Esteban Ocon,Alpine,12.0,10,1.0,Finished,2023-06-18,2.0,15.666666666666666,1.3333333333333333,-0.6666666666666666,0.0,0.0,13.4,1.6,-0.8,0.0,0.0,11.7,2.9,-0.1,1.0,0.0,10.0,8.0,4.0,13.0,8.0,0,4.0,-6.000000000000001,0.4848484848484848,0.0,0.0,2.0,5.0,11.6,61.0,1.0,3.0,7.666666666666667,11.6,-0.8333333333333334,4.063883796954769,1.0324163581516521,33.0,10.0,253.0,0,12,12,1.0,0.0,33.0
2023,Italian Grand Prix,14,31,OCO,Esteban Ocon,Alpine,17.0,19,0.0,Finished,2023-07-02,-2.0,12.333333333333334,1.6666666666666667,2.6666666666666665,0.0,0.0,13.8,1.0,0.2,0.0,0.0,11.2,3.0,0.0,1.0,0.0,10.0,8.0,15.0,14.2,8.0,0,15.0,-4.499999999999998,0.6372549019607844,0.0,0.0,2.0,5.0,11.666666666666666,62.0,1.0,3.0,9.666666666666666,11.666666666666666,-0.6153846153846154,3.9694345008338727,1.0121713128500458,34.0,10.0,277.0,0,13,13,1.0,0.0,34.0
2023,Singapore Grand Prix,15,31,OCO,Esteban Ocon,Alpine,8.0,18,0.0,Finished,2023-07-16,-10.0,12.333333333333334,1.6666666666666667,2.0,0.0,0.0,15.2,1.0,-0.4,0.0,0.0,11.6,3.0,-0.6,1.0,0.0,10.0,8.0,6.0,13.0,8.0,0,6.0,5.499999999999998,0.6862745098039217,0.0,0.0,2.0,5.0,11.724137931034482,70.0,1.0,3.0,13.333333333333334,11.724137931034482,-0.7142857142857143,3.831620894780521,1.0152701873290109,34.0,9.0,302.0,0,14,14,1.0,0.0,34.0
2023,Japanese Grand Prix,16,31,OCO,Esteban Ocon,Alpine,19.0,9,2.0,Finished,2023-07-30,10.0,15.666666666666666,0.3333333333333333,-3.3333333333333335,0.0,0.0,14.8,1.0,-0.8,0.0,0.0,12.5,2.8,-1.7,1.0,0.0,10.0,8.0,10.0,13.2,8.0,0,10.0,3.999999999999999,0.14705882352941177,0.0,0.0,2.0,5.0,11.870967741935484,71.0,1.0,3.0,11.333333333333334,11.870967741935484,-1.3333333333333333,4.402380308532235,1.080918841507077,34.0,11.0,312.0,0,15,15,1.0,0.0,34.0
2023,Qatar Grand Prix,17,31,OCO,Esteban Ocon,Alpine,6.0,7,6.0,Finished,2023-08-13,-1.0,15.333333333333334,0.6666666666666666,-0.6666666666666666,0.0,0.0,12.8,1.4,1.2,0.0,0.0,13.1,1.5,-0.7,0.0,0.0,10.0,8.0,10.0,12.4,8.0,0,10.0,-4.999999999999997,0.2962962962962963,0.0,0.0,3.0,5.0,11.727272727272727,74.0,1.0,3.0,9.666666666666666,11.727272727272727,-0.625,5.110446816733999,1.0414864139128845,36.0,11.0,335.0,0,16,16,1.0,0.0,36.0
2023,United States Grand Prix,18,31,OCO,Esteban Ocon,Alpine,7.0,20,0.0,Finished,2023-08-27,-13.0,11.333333333333334,2.6666666666666665,-0.3333333333333333,0.0,0.0,12.6,1.8,-0.2,0.0,0.0,13.0,1.7,-0.5,0.0,0.0,10.0,8.0,8.0,12.8,8.0,0,8.0,-5.500000000000002,1.0793650793650793,0.0,0.0,3.0,5.0,11.485714285714286,84.0,1.0,3.0,8.333333333333334,11.485714285714286,-0.6470588235294118,4.949004653344299,1.0390460366238914,42.0,10.0,354.0,0,17,17,1.0,0.0,42.0
2023,Mexico City Grand Prix,19,31,OCO,Esteban Ocon,Alpine,18.0,10,1.0,Finished,2023-09-10,8.0,12.0,2.6666666666666665,-1.3333333333333333,0.0,0.0,14.6,1.6,-3.2,0.0,0.0,14.2,1.3,-1.5,0.0,0.0,10.0,8.0,11.0,12.4,8.0,0,11.0,5.499999999999997,1.1428571428571428,0.0,0.0,2.0,5.0,11.702702702702704,84.0,1.0,3.0,13.0,11.702702702702704,-1.3333333333333333,5.615105677073752,1.1202101457003417,42.0,10.0,379.0,0,18,18,1.0,0.0,42.0
2023,São Paulo Grand Prix,20,31,OCO,Esteban Ocon,Alpine,12.0,10,1.0,Finished,2023-09-24,2.0,12.333333333333334,2.3333333333333335,-2.0,0.0,0.0,12.8,1.8,-1.2,0.0,0.0,14.0,1.4,-0.8,0.0,0.0,10.0,8.0,7.0,12.4,8.0,0,7.0,1.500000000000002,1.0310077519379846,0.0,0.0,3.0,5.0,11.538461538461538,91.0,1.0,3.0,9.333333333333334,11.538461538461538,-0.8421052631578947,5.86195983433998,1.088952548004202,43.0,10.0,403.0,0,19,19,1.0,0.0,43.0
2023,Las Vegas Grand Prix,21,31,OCO,Esteban Ocon,Alpine,8.0,5,10.0,Finished,2023-10-08,3.0,13.333333333333334,0.6666666666666666,-1.0,0.0,0.0,11.2,2.0,1.2,0.0,0.0,13.0,1.5,0.2,0.0,0.0,10.0,8.0,11.0,15.0,8.0,0,11.0,-5.000000000000002,0.303030303030303,0.0,0.0,4.0,5.0,11.487804878048781,92.0,1.0,3.0,9.333333333333334,11.487804878048781,-0.7,5.740896684041797,1.0729664590655301,44.0,12.0,427.0,0,20,20,1.0,0.0,44.0
2023,Abu Dhabi Grand Prix,22,31,OCO,Esteban Ocon,Alpine,11.0,12,0.0,Finished,2023-10-22,-1.0,8.333333333333334,4.0,4.333333333333333,0.0,0.0,10.4,3.6,-0.2,0.0,0.0,11.6,2.5,0.5,0.0,0.0,10.0,8.0,13.0,13.6,8.0,0,13.0,-2.4999999999999987,1.5555555555555554,0.0,0.0,4.0,5.0,11.372093023255815,102.0,1.0,3.0,9.666666666666666,11.372093023255815,-0.5238095238095238,5.653486071611458,1.0483278446126743,54.0,11.0,442.0,0,21,21,1.0,0.0,54.0
2024,Bahrain Grand Prix,1,31,OCO,Esteban Ocon,Alpine,16.0,17,0.0,Finished,2024-01-01,-1.0,9.0,3.6666666666666665,1.3333333333333333,0.0,0.0,11.4,2.4,-0.2,0.0,0.0,12.0,2.1,-0.2,0.0,0.0,18.0,18.0,15.0,13.428571428571429,18.0,1,9.0,0.9999999999999977,1.4938271604938271,0.0,0.0,3.0,5.0,18.0,0.0,1.0,18.0,14.333333333333334,11.533333333333333,-0.5454545454545454,5.518171477057998,1.0461311244030074,0.0,1.0,0.0,1,22,22,1.0,0.0,54.0
2024,Saudi Arabian Grand Prix,2,31,OCO,Esteban Ocon,Alpine,16.0,13,0.0,Finished,2024-01-15,3.0,11.333333333333334,3.3333333333333335,0.3333333333333333,0.0,0.0,10.8,2.4,2.2,0.0,0.0,12.7,2.0,-0.5,0.0,0.0,8.0,8.0,12.333333333333334,13.285714285714286,8.0,1,8.0,6.0,1.419753086419753,0.0,0.0,3.0,5.0,18.333333333333332,0.0,1.0,17.0,18.333333333333332,11.829787234042554,-0.5652173913043478,5.392133048639401,1.044125423342007,0.0,10.0,25.0,0,23,23,1.0,0.0,54.0
2024,Australian Grand Prix,3,31,OCO,Esteban Ocon,Alpine,15.0,17,0.0,Finished,2024-01-29,-2.0,14.0,0.0,0.3333333333333333,0.0,0.0,11.4,2.2,1.2,0.0,0.0,12.1,2.0,0.0,0.0,0.0,15.0,15.0,14.333333333333334,12.714285714285714,15.0,1,14.0,0.4999999999999999,0.0,0.0,0.0,2.0,5.0,16.4,0.0,1.0,13.0,15.666666666666666,11.89795918367347,-0.4166666666666667,5.323587109284953,1.0324829424674626,0.0,12.0,50.0,0,24,24,1.0,0.0,54.0
2024,Japanese Grand Prix,4,31,OCO,Esteban Ocon,Alpine,15.0,15,0.0,Finished,2024-02-12,0.0,15.666666666666666,0.0,0.0,0.0,0.0,12.8,2.0,0.4,0.0,0.0,12.0,2.0,0.8,0.0,0.0,9.0,9.0,11.666666666666666,13.0,9.0,1,9.0,4.429504428986003e-16,0.0,0.0,0.0,1.0,5.0,16.428571428571427,0.0,1.0,13.0,15.666666666666666,12.07843137254902,-0.48,5.221110992882645,1.0336836247687642,0.0,14.0,50.0,0,25,25,1.0,0.0,54.0
2024,Chinese Grand Prix,5,31,OCO,Esteban Ocon,Alpine,12.0,11,0.0,Finished,2024-02-26,1.0,15.0,0.0,0.3333333333333333,0.0,0.0,14.8,0.0,-0.2,0.0,0.0,12.6,1.8,-0.2,0.0,0.0,10.0,8.0,13.0,13.0,8.0,0,13.0,0.9999999999999992,0.0,0.0,0.0,0.0,5.0,15.88888888888889,0.0,1.0,13.0,14.666666666666666,12.150943396226415,-0.46153846153846156,5.116489180919035,1.0299842545853501,0.0,14.0,75.0,0,26,26,1.0,0.0,54.0
2024,Miami Grand Prix,6,31,OCO,Esteban Ocon,Alpine,14.0,10,1.0,Finished,2024-03-11,4.0,14.333333333333334,0.0,-0.3333333333333333,0.0,0.0,14.6,0.0,0.2,0.0,0.0,13.0,1.2,0.0,0.0,0.0,9.0,9.0,9.666666666666666,12.428571428571429,9.0,1,8.0,-2.9999999999999996,0.0,0.0,0.0,0.0,5.0,15.090909090909092,0.0,1.0,11.0,12.0,12.127272727272727,-0.4074074074074074,5.02500868165541,1.0231757209397387,0.0,14.0,100.0,0,27,27,1.0,0.0,54.0
2024,Emilia Romagna Grand Prix,7,31,OCO,Esteban Ocon,Alpine,12.0,14,0.0,Finished,2024-03-25,-2.0,12.0,0.3333333333333333,1.6666666666666667,0.0,0.0,13.2,0.2,1.2,0.0,0.0,12.0,1.3,1.7,0.0,0.0,10.0,8.0,16.0,16.0,8.0,0,16.0,-2.4999999999999987,0.1696969696969697,0.0,0.0,1.0,5.0,14.76923076923077,1.0,1.0,10.0,12.666666666666666,12.157894736842104,-0.25,5.000925840207916,1.0104432547157005,1.0,13.0,117.0,0,28,28,1.0,0.0,55.0
2024,Monaco Grand Prix,8,31,OCO,Esteban Ocon,Alpine,3.0,19,0.0,Finished,2024-04-08,-16.0,11.666666666666666,0.3333333333333333,1.0,0.0,0.0,13.4,0.2,0.2,0.0,0.0,12.4,1.2,0.7,0.0,0.0,3.0,3.0,6.666666666666667,10.142857142857142,3.0,1,3.0,1.499999999999999,0.17575757575757575,0.0,0.0,1.0,5.0,14.4,2.0,1.0,10.0,13.333333333333334,12.152542372881356,-0.3103448275862069,4.921552080070604,1.012735662378024,1.0,13.0,142.0,0,29,29,1.0,0.0,55.0
2024,Canadian Grand Prix,9,31,OCO,Esteban Ocon,Alpine,16.0,10,1.0,Finished,2024-04-22,6.0,14.333333333333334,0.3333333333333333,-4.666666666666667,0.0,0.0,13.8,0.2,-2.6,0.0,0.0,13.3,1.1,-1.1,0.0,0.0,8.0,8.0,10.0,12.714285714285714,8.0,1,8.0,4.499999999999998,0.18181818181818182,0.0,0.0,1.0,5.0,14.352941176470589,4.0,1.0,9.0,12.666666666666666,12.21311475409836,-0.8333333333333334,5.620672025922568,1.1373111402987564,1.0,14.0,150.0,0,30,30,1.0,0.0,55.0
2024,Spanish Grand Prix,10,31,OCO,Esteban Ocon,Alpine,9.0,10,1.0,Finished,2024-05-06,-1.0,14.333333333333334,0.3333333333333333,-4.0,0.0,0.0,12.8,0.4,-1.4,0.0,0.0,13.8,0.2,-0.8,0.0,0.0,8.0,8.0,9.333333333333334,11.428571428571429,8.0,1,8.0,-1.9999999999999991,0.1845238095238095,0.0,0.0,2.0,5.0,13.842105263157896,7.0,1.0,9.0,9.333333333333334,12.126984126984127,-0.6129032258064516,5.6608445739414694,1.119599016228398,2.0,15.0,174.0,0,31,31,1.0,0.0,56.0
2024,Austrian Grand Prix,11,31,OCO,Esteban Ocon,Alpine,8.0,12,0.0,Finished,2024-05-20,-4.0,13.0,0.6666666666666666,-3.6666666666666665,0.0,0.0,12.6,0.6,-1.8,0.0,0.0,13.6,0.3,-0.8,0.0,0.0,12.0,12.0,10.333333333333334,13.285714285714286,12.0,1,9.0,-4.499999999999997,0.3742690058479532,0.0,0.0,3.0,5.0,13.476190476190476,9.0,1.0,9.0,9.666666666666666,12.061538461538461,-0.625,5.569212604332686,1.1158615469712605,3.0,15.0,198.0,0,32,32,1.0,0.0,57.0
2024,British Grand Prix,12,31,OCO,Esteban Ocon,Alpine,17.0,16,0.0,Finished,2024-06-03,1.0,10.666666666666666,0.6666666666666666,0.3333333333333333,0.0,0.0,13.0,0.4,-3.4,0.0,0.0,13.1,0.3,-1.1,0.0,0.0,20.0,20.0,19.333333333333332,17.0,20.0,1,18.0,0.9999999999999996,0.38596491228070173,0.0,0.0,2.0,5.0,13.695652173913043,9.0,1.0,9.0,14.0,12.17910447761194,-0.7272727272727273,5.512898099416082,1.1224516011034447,3.0,16.0,208.0,0,33,33,1.0,0.0,57.0
2024,Hungarian Grand Prix,13,31,OCO,Esteban Ocon,Alpine,15.0,18,0.0,Finished,2024-06-17,-3.0,12.666666666666666,0.3333333333333333,-1.3333333333333333,0.0,0.0,13.4,0.4,-2.8,0.0,0.0,13.4,0.3,-1.3,0.0,0.0,19.0,19.0,19.666666666666668,16.428571428571427,19.0,1,19.0,3.0,0.19883040935672514,0.0,0.0,2.0,5.0,14.04,9.0,1.0,9.0,18.666666666666668,12.347826086956522,-0.6764705882352942,5.43680269362534,1.1155821095677225,3.0,17.0,226.0,0,34,34,1.0,0.0,57.0
2024,Belgian Grand Prix,14,31,OCO,Esteban Ocon,Alpine,11.0,10,1.0,Finished,2024-07-01,1.0,15.333333333333334,0.0,-2.0,0.0,0.0,13.2,0.4,-0.2,0.0,0.0,13.5,0.3,-1.4,0.0,0.0,8.0,8.0,11.0,12.0,8.0,1,8.0,2.9999999999999987,0.0,0.0,0.0,2.0,5.0,14.185185185185185,9.0,1.0,9.0,17.333333333333332,12.450704225352112,-0.7428571428571429,5.370632875089452,1.1158511921515017,3.0,17.0,236.0,0,35,35,1.0,0.0,57.0
2024,Dutch Grand Prix,15,31,OCO,Esteban Ocon,Alpine,16.0,15,0.0,Finished,2024-07-15,1.0,14.666666666666666,0.3333333333333333,-0.3333333333333333,0.0,0.0,13.2,0.4,-1.2,0.0,0.0,13.0,0.4,-1.3,0.0,0.0,10.0,10.0,7.666666666666667,12.0,10.0,1,4.0,-3.0000000000000018,0.2068965517241379,0.0,0.0,2.0,5.0,13.862068965517242,12.0,1.0,9.0,11.0,12.36986301369863,-0.6944444444444444,5.301317596029146,1.108003473850997,4.0,16.0,245.0,0,36,36,1.0,0.0,58.0
2024,Italian Grand Prix,16,31,OCO,Esteban Ocon,Alpine,15.0,14,0.0,Finished,2024-07-29,1.0,14.333333333333334,0.3333333333333333,-0.3333333333333333,0.0,0.0,14.2,0.2,-0.8,0.0,0.0,13.4,0.4,-1.3,0.0,0.0,19.0,19.0,16.333333333333332,15.0,19.0,1,15.0,-1.5,0.21264367816091953,0.0,0.0,1.0,5.0,13.935483870967742,12.0,1.0,9.0,13.0,12.44,-0.6486486486486487,5.23458698474874,1.1019048108057397,4.0,16.0,263.0,0,37,37,1.0,0.0,58.0
2024,Azerbaijan Grand Prix,17,31,OCO,Esteban Ocon,Alpine,19.0,17,0.0,Finished,2024-08-12,2.0,13.0,0.3333333333333333,1.0,0.0,0.0,14.6,0.2,0.2,0.0,0.0,13.8,0.3,-1.6,0.0,0.0,15.0,15.0,13.666666666666666,15.428571428571429,15.0,1,12.0,2.0,0.21839080459770113,0.0,0.0,1.0,5.0,13.878787878787879,12.0,1.0,9.0,13.666666666666666,12.454545454545455,-0.6052631578947368,5.1702865919008545,1.0959336315740096,4.0,17.0,271.0,0,38,38,1.0,0.0,58.0
2024,Singapore Grand Prix,18,31,OCO,Esteban Ocon,Alpine,13.0,13,0.0,Finished,2024-08-26,0.0,15.333333333333334,0.0,1.3333333333333333,0.0,0.0,14.8,0.2,0.4,0.0,0.0,14.1,0.3,-1.2,0.0,0.0,18.0,18.0,13.666666666666666,14.285714285714286,18.0,1,6.0,1.0000000000000002,0.0,0.0,0.0,1.0,5.0,14.057142857142857,12.0,1.0,9.0,15.333333333333334,12.569620253164556,-0.5384615384615384,5.118830838169744,1.0896276410208299,4.0,17.0,281.0,0,39,39,1.0,0.0,58.0
2024,United States Grand Prix,19,31,OCO,Esteban Ocon,Alpine,20.0,18,0.0,Finished,2024-09-09,2.0,14.666666666666666,0.0,1.0,0.0,0.0,13.8,0.2,1.0,0.0,0.0,13.5,0.3,0.4,0.0,0.0,20.0,20.0,13.333333333333334,13.714285714285714,20.0,1,8.0,-0.4999999999999992,0.0,0.0,0.0,1.0,5.0,13.972972972972974,12.0,1.0,9.0,14.0,12.567901234567902,-0.525,5.053495870466356,1.085601235709595,4.0,16.0,299.0,0,40,40,1.0,0.0,58.0
2024,Mexico City Grand Prix,20,31,OCO,Esteban Ocon,Alpine,20.0,13,0.0,Finished,2024-09-23,7.0,16.0,0.0,1.3333333333333333,0.0,0.0,15.4,0.0,1.2,0.0,0.0,14.3,0.2,0.0,0.0,0.0,10.0,10.0,10.333333333333334,11.714285714285714,10.0,1,10.0,0.4999999999999986,0.0,0.0,0.0,0.0,5.0,13.974358974358974,13.0,1.0,9.0,13.333333333333334,12.602409638554217,-0.4634146341463415,5.005484796578698,1.0800290801347963,4.0,17.0,311.0,0,41,41,1.0,0.0,58.0
2024,São Paulo Grand Prix,21,31,OCO,Esteban Ocon,Alpine,5.0,2,18.0,Finished,2024-10-07,3.0,14.666666666666666,0.0,3.0,0.0,0.0,15.0,0.0,2.4,0.0,0.0,14.6,0.1,0.8,0.0,0.0,10.0,10.0,6.666666666666667,10.714285714285714,10.0,1,3.0,2.4178554726774545e-15,0.0,0.0,0.0,0.0,5.0,13.682926829268293,28.0,1.0,3.0,8.666666666666666,12.494117647058824,-0.2857142857142857,5.076419490468215,1.0690533310612922,4.0,16.0,319.0,0,42,42,1.0,0.0,58.0
2024,Las Vegas Grand Prix,22,31,OCO,Esteban Ocon,Alpine,11.0,17,0.0,Finished,2024-10-21,-6.0,11.0,6.0,4.0,1.0,0.0,12.6,3.6,2.8,1.0,0.0,13.6,1.9,1.5,1.0,0.0,5.0,5.0,12.0,14.285714285714286,5.0,1,5.0,-7.9999999999999964,3.3947368421052633,0.0,1.0,1.0,5.0,13.55813953488372,46.0,1.0,2.0,8.333333333333334,12.459770114942529,-0.20930232558139536,5.040588304359133,1.0519435636722698,22.0,13.0,326.0,0,43,43,2.0,0.0,76.0
2024,Qatar Grand Prix,23,31,OCO,Esteban Ocon,Alpine,1.0,20,0.0,Finished,2024-11-04,-19.0,10.666666666666666,6.0,1.3333333333333333,1.0,0.0,12.6,3.6,1.2,1.0,0.0,13.7,1.9,0.8,1.0,0.0,7.0,7.0,7.333333333333333,10.571428571428571,7.0,1,5.0,1.999999999999997,3.473684210526316,0.0,1.0,1.0,5.0,13.444444444444445,56.0,1.0,2.0,14.0,12.426966292134832,-0.3409090909090909,5.057544131562881,1.0602327251039607,22.0,13.0,336.0,0,44,44,2.0,0.0,76.0
2025,Australian Grand Prix,1,31,OCO,Esteban Ocon,Haas F1 Team,18.0,13,0.0,Finished,2025-01-01,5.0,13.0,6.0,-7.333333333333333,1.0,0.0,14.0,3.6,-2.6,1.0,0.0,13.9,1.9,-0.8,1.0,0.0,16.0,15.0,11.6,10.444444444444445,15.0,2,8.0,9.0,3.5526315789473686,0.0,1.0,1.0,5.0,14.0,0.0,1.0,14.0,12.666666666666666,13.698924731182796,-0.7555555555555555,5.721393487109887,1.2588942201016504,0.0,1.0,0.0,1,45,0,2.0,0.0,76.0
2025,Chinese Grand Prix,2,31,OCO,Esteban Ocon,Haas F1 Team,10.0,7,6.0,Finished,2025-01-15,3.0,16.666666666666668,0.0,-6.666666666666667,0.0,0.0,13.0,3.6,-2.0,1.0,0.0,14.2,1.8,-0.4,1.0,0.0,11.0,11.0,11.666666666666666,10.6,11.0,1,10.0,-1.999999999999999,0.0,0.0,1.0,1.0,5.0,12.333333333333334,1.0,1.0,10.0,12.333333333333334,13.652631578947368,-0.6304347826086957,5.720756343360256,1.2464010963236969,0.0,11.0,25.0,0,46,1,2.0,0.0,76.0
2025,Japanese Grand Prix,3,31,OCO,Esteban Ocon,Haas F1 Team,17.0,18,0.0,Finished,2025-01-29,-1.0,13.333333333333334,2.0,-3.6666666666666665,0.0,0.0,11.8,4.8,-2.8,1.0,0.0,13.4,2.4,-0.2,1.0,0.0,12.0,9.0,12.6,11.11111111111111,9.0,2,10.0,-6.499999999999999,1.146341463414634,0.0,1.0,2.0,5.0,10.8,8.0,1.0,7.0,9.0,13.54639175257732,-0.5531914893617021,5.682958930140629,1.2334215758990148,6.0,10.0,37.0,0,47,2,2.0,0.0,82.0
2025,Bahrain Grand Prix,4,31,OCO,Esteban Ocon,Haas F1 Team,13.0,8,4.0,Finished,2025-02-12,5.0,12.666666666666666,2.0,2.3333333333333335,0.0,0.0,15.0,1.2,-3.6,0.0,0.0,13.8,2.4,-0.4,1.0,0.0,17.5,17.0,13.2,11.11111111111111,17.0,2,10.0,2.4999999999999987,1.1707317073170733,0.0,0.0,1.0,5.0,11.714285714285714,9.0,1.0,7.0,12.666666666666666,13.555555555555555,-0.5625,5.622546746350235,1.2285586264011188,6.0,10.0,55.0,0,48,3,2.0,0.0,82.0
2025,Saudi Arabian Grand Prix,5,31,OCO,Esteban Ocon,Haas F1 Team,18.0,14,0.0,Finished,2025-02-26,4.0,11.0,3.3333333333333335,2.3333333333333335,0.0,0.0,13.2,2.0,-1.4,0.0,0.0,12.9,2.8,-0.1,1.0,0.0,10.5,8.0,11.2,11.333333333333334,8.0,2,10.0,0.5000000000000013,1.8992248062015504,0.0,0.0,2.0,5.0,11.444444444444445,13.0,1.0,7.0,10.333333333333334,13.495049504950495,-0.4489795918367347,5.620132058389864,1.2151478089526992,10.0,9.0,69.0,0,49,4,2.0,0.0,86.0
2025,Miami Grand Prix,6,31,OCO,Esteban Ocon,Haas F1 Team,11.0,12,0.0,Finished,2025-03-12,-1.0,13.333333333333334,1.3333333333333333,2.6666666666666665,0.0,0.0,12.0,2.0,3.2,0.0,0.0,13.0,2.8,0.3,1.0,0.0,9.5,9.0,14.6,11.296296296296296,9.0,2,10.0,-2.0000000000000027,0.7751937984496123,0.0,0.0,2.0,5.0,12.363636363636363,13.0,1.0,7.0,15.333333333333334,13.553398058252426,-0.36,5.597958811669022,1.2055816948789084,10.0,9.0,82.0,0,50,5,2.0,0.0,86.0
2025,Emilia Romagna Grand Prix,7,31,OCO,Esteban Ocon,Haas F1 Team,20.0,20,0.0,Finished,2025-03-26,0.0,11.333333333333334,1.3333333333333333,2.6666666666666665,0.0,0.0,11.8,2.0,2.0,0.0,0.0,12.4,2.8,0.0,1.0,0.0,14.0,14.0,13.333333333333334,11.4,14.0,1,11.0,1.9999999999999996,0.7906976744186046,0.0,0.0,2.0,5.0,12.692307692307692,13.0,1.0,7.0,16.0,13.571428571428571,-0.37254901960784315,5.542421074995025,1.201550681253832,10.0,9.0,107.0,0,51,6,2.0,0.0,86.0
2025,Monaco Grand Prix,8,31,OCO,Esteban Ocon,Haas F1 Team,8.0,7,6.0,Finished,2025-04-09,1.0,15.333333333333334,0.0,1.0,0.0,0.0,14.4,0.8,1.4,0.0,0.0,13.1,2.8,-0.7,1.0,0.0,11.0,3.0,16.4,11.518518518518519,3.0,2,12.0,2.9999999999999982,0.0,0.0,0.0,1.0,5.0,13.133333333333333,13.0,1.0,7.0,16.333333333333332,13.616822429906541,-0.36538461538461536,5.488057787646098,1.1967589556985843,10.0,9.0,122.0,0,52,7,2.0,0.0,86.0
2025,Spanish Grand Prix,9,31,OCO,Esteban Ocon,Haas F1 Team,16.0,17,0.0,Finished,2025-04-23,-1.0,13.0,2.0,0.0,0.0,0.0,12.2,2.0,1.8,0.0,0.0,13.6,1.6,-0.9,0.0,0.0,9.0,8.0,14.8,10.615384615384615,8.0,2,11.0,-2.4999999999999987,1.1521739130434783,0.0,0.0,2.0,5.0,12.764705882352942,19.0,1.0,7.0,10.666666666666666,13.55045871559633,-0.33962264150943394,5.4382668202937845,1.1888536504547953,16.0,9.0,136.0,0,53,8,2.0,0.0,92.0
2025,Canadian Grand Prix,10,31,OCO,Esteban Ocon,Haas F1 Team,14.0,9,2.0,Finished,2025-05-07,5.0,14.666666666666666,2.0,0.0,0.0,0.0,14.0,1.2,0.6,0.0,0.0,13.6,1.6,-0.4,0.0,0.0,9.0,8.0,13.2,11.0,8.0,2,11.0,-1.5000000000000029,1.1739130434782608,0.0,0.0,1.0,5.0,12.894736842105264,19.0,1.0,7.0,13.666666666666666,13.558558558558559,-0.35185185185185186,5.387467663633315,1.1853563606315585,16.0,10.0,156.0,0,54,9,2.0,0.0,92.0
2025,Austrian Grand Prix,11,31,OCO,Esteban Ocon,Haas F1 Team,17.0,10,1.0,Finished,2025-05-21,7.0,11.0,2.6666666666666665,1.6666666666666667,0.0,0.0,13.0,1.6,0.8,0.0,0.0,12.5,1.8,2.0,0.0,0.0,12.0,12.0,12.8,10.814814814814815,12.0,2,6.0,1.000000000000001,1.5602836879432624,0.0,0.0,2.0,5.0,12.619047619047619,21.0,1.0,7.0,10.333333333333334,13.495575221238939,-0.2545454545454545,5.385915039070038,1.1747135177109846,18.0,10.0,166.0,0,55,10,2.0,0.0,94.0
2025,British Grand Prix,12,31,OCO,Esteban Ocon,Haas F1 Team,15.0,13,0.0,Finished,2025-06-04,2.0,12.0,1.0,3.6666666666666665,0.0,0.0,12.6,1.8,2.4,0.0,0.0,12.2,1.9,2.2,0.0,0.0,18.0,16.0,12.4,12.11111111111111,16.0,2,6.0,-3.4999999999999987,0.5894736842105264,0.0,0.0,3.0,5.0,12.434782608695652,22.0,1.0,7.0,10.666666666666666,13.443478260869565,-0.125,5.424062549920912,1.1636571255296377,19.0,10.0,183.0,0,56,11,2.0,0.0,95.0
2025,Belgian Grand Prix,13,31,OCO,Esteban Ocon,Haas F1 Team,11.0,15,0.0,Finished,2025-06-18,-4.0,10.666666666666666,1.0,4.666666666666667,0.0,0.0,11.2,1.8,2.8,0.0,0.0,12.8,1.3,2.1,0.0,0.0,9.0,8.0,15.6,11.481481481481481,8.0,2,11.0,2.0,0.6,0.0,0.0,3.0,5.0,12.4,22.0,1.0,7.0,11.666666666666666,13.418803418803419,-0.08771929824561403,5.382779094198679,1.1574964742045564,19.0,10.0,201.0,0,57,12,2.0,0.0,95.0
2025,Hungarian Grand Prix,14,31,OCO,Esteban Ocon,Haas F1 Team,15.0,16,0.0,Finished,2025-07-02,-1.0,12.666666666666666,0.3333333333333333,1.6666666666666667,0.0,0.0,12.8,0.6,1.8,0.0,0.0,12.5,1.3,1.8,0.0,0.0,18.5,18.0,15.8,12.592592592592593,18.0,2,13.0,2.4999999999999996,0.20350877192982456,0.0,0.0,2.0,5.0,12.777777777777779,22.0,1.0,7.0,15.333333333333334,13.487394957983193,-0.15517241379310345,5.360026591116061,1.15909136258034,19.0,10.0,226.0,0,58,13,2.0,0.0,95.0
2025,Dutch Grand Prix,15,31,OCO,Esteban Ocon,Haas F1 Team,16.0,11,0.0,Finished,2025-07-16,5.0,14.666666666666666,0.0,-1.0,0.0,0.0,12.6,0.6,1.8,0.0,0.0,13.3,0.9,1.2,0.0,0.0,12.5,10.0,12.6,11.62962962962963,10.0,2,7.0,1.5000000000000007,0.0,0.0,0.0,2.0,5.0,12.689655172413794,28.0,1.0,7.0,14.333333333333334,13.454545454545455,-0.1694915254237288,5.314756757573043,1.156394898807792,19.0,13.0,244.0,0,59,14,2.0,0.0,95.0
2025,Italian Grand Prix,16,31,OCO,Esteban Ocon,Haas F1 Team,15.0,15,0.0,Finished,2025-07-30,0.0,14.0,0.0,0.0,0.0,0.0,13.0,0.2,1.8,0.0,0.0,13.0,0.9,1.3,0.0,0.0,16.5,14.0,14.6,12.555555555555555,14.0,2,9.0,-2.0000000000000004,0.0,0.0,0.0,1.0,5.0,12.612903225806452,28.0,1.0,7.0,10.0,13.422764227642276,-0.08333333333333333,5.31161715828223,1.1479059642198188,19.0,14.0,269.0,0,60,15,2.0,0.0,95.0
2025,Azerbaijan Grand Prix,17,31,OCO,Esteban Ocon,Haas F1 Team,19.0,14,0.0,Finished,2025-08-13,5.0,14.0,0.0,1.3333333333333333,0.0,0.0,14.0,0.0,0.4,0.0,0.0,13.3,0.9,1.4,0.0,0.0,16.0,15.0,12.8,12.481481481481481,15.0,2,10.0,-0.4999999999999994,0.0,0.0,0.0,0.0,5.0,12.696969696969697,28.0,1.0,7.0,13.333333333333334,13.432,-0.08196721311475409,5.267178504560777,1.1444566861178544,19.0,14.0,284.0,0,61,16,2.0,0.0,95.0
2025,Singapore Grand Prix,18,31,OCO,Esteban Ocon,Haas F1 Team,17.0,18,0.0,Finished,2025-08-27,-1.0,13.333333333333334,0.0,3.3333333333333335,0.0,0.0,14.2,0.0,1.0,0.0,0.0,12.7,0.9,1.9,0.0,0.0,15.5,13.0,12.4,11.5,13.0,2,9.0,1.4999999999999996,0.0,0.0,0.0,0.0,5.0,12.628571428571428,30.0,1.0,7.0,12.0,13.401574803149606,0.0,5.263546146162954,1.1372880298901473,19.0,15.0,284.0,0,62,17,2.0,0.0,95.0
2025,United States Grand Prix,19,31,OCO,Esteban Ocon,Haas F1 Team,15.0,15,0.0,Finished,2025-09-10,0.0,15.666666666666666,0.0,1.3333333333333333,0.0,0.0,14.8,0.0,1.6,0.0,0.0,13.8,0.3,1.7,0.0,0.0,19.0,18.0,11.4,11.25925925925926,18.0,2,8.0,1.4999999999999998,0.0,0.0,0.0,0.0,5.0,12.675675675675675,32.0,1.0,7.0,12.0,13.4031007751938,-0.015873015873015872,5.222445550889166,1.1351088548125259,19.0,15.0,296.0,0,63,18,2.0,0.0,95.0
2025,Mexico City Grand Prix,20,31,OCO,Esteban Ocon,Haas F1 Team,10.0,9,2.0,Finished,2025-09-24,1.0,15.666666666666666,0.0,1.3333333333333333,0.0,0.0,14.6,0.0,1.8,0.0,0.0,13.6,0.3,1.8,0.0,0.0,11.5,10.0,10.6,10.962962962962964,10.0,2,4.0,0.5000000000000016,0.0,0.0,0.0,0.0,5.0,12.512820512820513,44.0,1.0,4.0,9.333333333333334,13.34351145038168,-0.015625,5.180832155686654,1.1320212164560801,19.0,15.0,306.0,0,64,19,2.0,0.0,95.0
2025,São Paulo Grand Prix,21,31,OCO,Esteban Ocon,Haas F1 Team,20.0,12,0.0,Finished,2025-10-08,8.0,14.0,0.6666666666666666,0.0,0.0,0.0,14.2,0.4,1.0,0.0,0.0,13.6,0.3,1.4,0.0,0.0,6.0,2.0,13.6,12.0,2.0,2,6.0,-4.499999999999998,0.4467353951890034,0.0,0.0,1.0,5.0,12.268292682926829,54.0,1.0,4.0,6.333333333333333,13.25563909774436,0.0,5.1417409503007825,1.1271929180210913,21.0,16.0,324.0,0,65,20,2.0,0.0,97.0
2025,Las Vegas Grand Prix,22,31,OCO,Esteban Ocon,Haas F1 Team,13.0,11,0.0,Finished,2025-10-22,2.0,12.0,0.6666666666666666,3.0,0.0,0.0,13.6,0.4,2.6,0.0,0.0,13.8,0.2,1.5,0.0,0.0,11.0,5.0,12.8,11.814814814814815,5.0,2,8.0,-1.500000000000001,0.45360824742268036,0.0,0.0,1.0,5.0,12.255813953488373,54.0,1.0,4.0,10.0,13.237037037037037,0.12121212121212122,5.196197282673762,1.118772246103023,21.0,16.0,349.0,0,66,21,2.0,0.0,97.0
2025,Qatar Grand Prix,23,31,OCO,Esteban Ocon,Haas F1 Team,15.0,15,0.0,Finished,2025-11-05,0.0,10.666666666666666,0.6666666666666666,3.6666666666666665,0.0,0.0,13.0,0.4,2.0,0.0,0.0,13.6,0.2,1.5,0.0,0.0,13.5,7.0,14.8,11.346153846153847,7.0,2,9.0,0.9999999999999996,0.46048109965635736,0.0,0.0,1.0,5.0,12.377777777777778,54.0,1.0,4.0,14.0,13.262773722627736,0.14925373134328357,5.16178771986489,1.1138012317688628,21.0,16.0,367.0,0,67,22,2.0,0.0,97.0
2025,Abu Dhabi Grand Prix,24,31,OCO,Esteban Ocon,Haas F1 Team,9.0,7,6.0,Finished,2025-11-19,2.0,12.666666666666666,0.0,3.3333333333333335,0.0,0.0,12.4,0.4,2.2,0.0,0.0,13.6,0.2,1.9,0.0,0.0,12.0,12.0,13.8,11.148148148148149,12.0,1,8.0,1.4999999999999993,0.0,0.0,0.0,1.0,5.0,12.382978723404255,55.0,1.0,4.0,14.666666666666666,13.251798561151078,0.14705882352941177,5.123154071300139,1.1112085665957911,21.0,16.0,379.0,0,68,23,2.0,0.0,97.0
2023,Bahrain Grand Prix,1,11,PER,Sergio Perez,Red Bull Racing,3.0,2,18.0,Finished,2023-01-01,1.0,11.333333333333334,2.0,0.3333333333333333,0.0,0.0,11.4,2.2,0.2,0.0,0.0,11.5,2.0,0.1,0.0,0.0,10.0,8.0,10.4,10.833333333333334,8.0,0,7.0,-5.909437655256903e-17,0.864957264957265,0.0,0.0,2.0,5.0,11.722222222222221,0.0,1.0,5.0,11.0,11.511904761904763,0.0,0.0,1.013313220561811,0.0,1.0,0.0,1,0,0,0.0,0.0,0.0
2023,Saudi Arabian Grand Prix,2,11,PER,Sergio Perez,Red Bull Racing,2.0,1,25.0,Finished,2023-01-15,1.0,2.0,18.0,1.0,1.0,0.0,2.0,18.0,1.0,1.0,0.0,2.0,18.0,1.0,1.0,0.0,10.0,8.0,10.4,10.895833333333334,8.0,0,7.0,-5.909437655256903e-17,1.0,0.0,1.0,1.0,1.0,1.5,43.0,1.0,1.0,1.5,1.5,1.0,0.0,0.5,18.0,2.0,7.0,1,1,1,1.0,0.0,18.0
2023,Australian Grand Prix,3,11,PER,Sergio Perez,Red Bull Racing,19.0,6,8.0,Finished,2023-01-29,13.0,1.5,21.5,1.0,2.0,0.0,1.5,21.5,1.0,2.0,0.0,1.5,21.5,1.0,2.0,0.0,10.0,8.0,10.4,10.229166666666666,8.0,0,7.0,-1.0,1.0,1.0,2.0,2.0,2.0,1.5,86.0,1.0,1.0,1.3333333333333333,1.5,1.0,0.0,0.41666666666666663,43.0,1.0,0.0,1,2,2,2.0,1.0,43.0
2023,Azerbaijan Grand Prix,4,11,PER,Sergio Perez,Red Bull Racing,3.0,1,25.0,Finished,2023-02-12,2.0,3.0,17.0,5.0,2.0,0.0,3.0,17.0,5.0,2.0,0.0,3.0,17.0,5.0,2.0,0.0,10.0,8.0,10.4,11.3125,8.0,0,7.0,1.9999999999999991,1.0,1.0,2.0,3.0,3.0,2.1666666666666665,119.0,1.0,1.0,3.0,2.1666666666666665,5.0,6.928203230275509,0.37777777777777777,51.0,2.0,17.0,1,3,3,2.0,1.0,51.0
2023,Miami Grand Prix,5,11,PER,Sergio Perez,Red Bull Racing,1.0,2,18.0,Finished,2023-02-26,-1.0,2.6666666666666665,19.333333333333332,5.333333333333333,2.0,0.0,2.5,19.0,4.25,3.0,0.0,2.5,19.0,4.25,3.0,0.0,10.0,8.0,10.4,10.8125,8.0,0,7.0,7.919443076101804e-16,1.0175438596491226,2.0,3.0,4.0,4.0,2.0,162.0,1.0,1.0,1.3333333333333333,2.0,4.25,5.852349955359813,0.3458333333333333,76.0,2.0,10.0,1,4,4,3.0,2.0,76.0
2023,Monaco Grand Prix,6,11,PER,Sergio Perez,Red Bull Racing,18.0,17,0.0,Finished,2023-03-12,1.0,3.0,17.0,4.666666666666667,2.0,0.0,2.4,18.8,3.2,4.0,0.0,2.4,18.8,3.2,4.0,0.0,10.0,8.0,10.4,10.208333333333334,8.0,0,7.0,-2.0000000000000013,0.9042553191489361,2.0,4.0,5.0,5.0,1.9,205.0,1.0,1.0,1.6666666666666667,1.9,3.2,5.585696017507576,0.4766666666666667,94.0,2.0,17.0,1,5,5,4.0,2.0,94.0
2023,Spanish Grand Prix,7,11,PER,Sergio Perez,Red Bull Racing,11.0,4,12.0,Finished,2023-03-26,7.0,6.666666666666667,14.333333333333334,0.6666666666666666,2.0,0.0,5.4,15.2,3.2,3.0,0.0,4.833333333333333,15.666666666666666,2.8333333333333335,4.0,0.0,10.0,8.0,10.4,9.97872340425532,8.0,0,7.0,7.999999999999998,0.9148936170212767,2.0,3.0,4.0,5.0,3.0833333333333335,230.0,1.0,1.0,6.333333333333333,3.0833333333333335,2.8333333333333335,5.076087732365022,0.5463450292397661,94.0,2.0,42.0,1,6,6,4.0,2.0,94.0
2023,Canadian Grand Prix,8,11,PER,Sergio Perez,Red Bull Racing,12.0,6,8.0,Finished,2023-04-09,6.0,7.666666666666667,10.0,2.3333333333333335,1.0,0.0,6.0,12.6,4.4,2.0,0.0,4.714285714285714,15.142857142857142,3.4285714285714284,4.0,0.0,10.0,8.0,10.4,10.333333333333334,8.0,0,7.0,1.000000000000002,0.6603773584905661,1.0,2.0,4.0,5.0,3.0,267.0,1.0,1.0,2.0,3.0,3.4285714285714284,4.894116973712515,0.5159147869674185,106.0,2.0,55.0,1,7,7,4.0,2.0,106.0
2023,Austrian Grand Prix,9,11,PER,Sergio Perez,Red Bull Racing,14.0,3,15.0,Finished,2023-04-23,11.0,9.0,6.666666666666667,4.666666666666667,0.0,0.0,6.0,12.6,3.0,2.0,0.0,4.875,14.25,3.75,4.0,0.0,10.0,8.0,10.4,10.104166666666666,8.0,0,7.0,-5.500000000000002,0.46783625730994155,1.0,2.0,4.0,5.0,3.0625,300.0,1.0,1.0,2.6666666666666665,3.0625,3.75,4.621378891320518,0.5091177462887989,114.0,2.0,72.0,1,8,8,4.0,2.0,114.0
2023,British Grand Prix,10,11,PER,Sergio Perez,Red Bull Racing,16.0,6,8.0,Finished,2023-05-07,10.0,4.333333333333333,11.666666666666666,8.0,1.0,0.0,6.4,10.6,4.8,2.0,0.0,4.666666666666667,14.333333333333334,4.555555555555555,5.0,0.0,10.0,8.0,10.4,10.916666666666666,8.0,0,7.0,-0.4999999999999995,0.8139534883720929,0.0,2.0,4.0,5.0,2.9444444444444446,340.0,1.0,1.0,1.6666666666666667,2.9444444444444446,4.555555555555555,4.9525526527012085,0.47477133003448796,129.0,2.0,82.0,1,9,9,5.0,2.0,129.0
2023,Hungarian Grand Prix,11,11,PER,Sergio Perez,Red Bull Racing,8.0,3,15.0,Finished,2023-05-21,5.0,5.0,10.333333333333334,9.0,1.0,0.0,7.2,8.6,7.0,1.0,0.0,4.8,13.7,5.1,5.0,0.0,10.0,8.0,10.4,10.375,8.0,0,7.0,-1.4168716069500024e-15,0.7542579075425792,0.0,1.0,4.0,5.0,3.0,373.0,1.0,1.0,2.6666666666666665,3.0,5.1,4.976611966656298,0.4625883146780979,137.0,2.0,99.0,1,10,10,5.0,2.0,137.0
2023,Belgian Grand Prix,12,11,PER,Sergio Perez,Red Bull Racing,1.0,2,18.0,Finished,2023-06-04,-1.0,4.0,12.666666666666666,8.666666666666666,2.0,0.0,4.4,11.6,7.8,2.0,0.0,4.9,13.4,5.5,5.0,0.0,10.0,8.0,10.4,10.645833333333334,8.0,0,7.0,3.594306905690695e-16,0.9166666666666666,0.0,2.0,5.0,5.0,2.909090909090909,413.0,1.0,1.0,1.6666666666666667,2.909090909090909,5.090909090909091,4.72132492960494,0.45083786182857394,152.0,2.0,109.0,1,11,11,6.0,2.0,152.0
2023,Dutch Grand Prix,13,11,PER,Sergio Perez,Red Bull Racing,13.0,3,15.0,Finished,2023-06-18,10.0,3.6666666666666665,13.666666666666666,4.666666666666667,2.0,0.0,4.0,12.8,6.2,3.0,0.0,5.0,12.7,5.3,5.0,0.0,10.0,8.0,10.4,11.020833333333334,8.0,0,7.0,-2.0,0.9647058823529412,0.0,3.0,5.0,5.0,2.7916666666666665,456.0,1.0,1.0,1.3333333333333333,2.7916666666666665,4.583333333333333,4.832810839052218,0.4966013733428594,170.0,2.0,116.0,1,12,12,7.0,2.0,170.0
2023,Italian Grand Prix,14,11,PER,Sergio Perez,Red Bull Racing,6.0,2,18.0,Finished,2023-07-02,4.0,2.6666666666666665,16.0,4.666666666666667,3.0,0.0,3.4,14.2,7.0,4.0,0.0,4.7,13.4,5.0,6.0,0.0,10.0,8.0,10.4,11.208333333333334,8.0,0,7.0,-5.741802664986524e-16,1.1243243243243244,0.0,4.0,5.0,5.0,2.730769230769231,496.0,1.0,1.0,1.6666666666666667,2.730769230769231,5.0,4.864839839775475,0.47488478418461744,185.0,2.0,126.0,1,13,13,8.0,2.0,185.0
2023,Singapore Grand Prix,15,11,PER,Sergio Perez,Red Bull Racing,14.0,9,2.0,Finished,2023-07-16,5.0,2.3333333333333335,17.0,4.333333333333333,3.0,0.0,3.2,14.8,5.6,4.0,0.0,4.8,12.7,5.2,6.0,0.0,10.0,8.0,10.4,10.382978723404255,8.0,0,7.0,-4.828041141222245e-17,1.1724137931034482,0.0,4.0,5.0,5.0,2.642857142857143,539.0,1.0,1.0,1.3333333333333333,2.642857142857143,4.928571428571429,4.681621772162123,0.4613726057224509,203.0,2.0,133.0,1,14,14,9.0,2.0,203.0
2023,Japanese Grand Prix,16,11,PER,Sergio Perez,Red Bull Racing,7.0,19,0.0,Finished,2023-07-30,-12.0,4.666666666666667,11.666666666666666,6.333333333333333,2.0,0.0,3.8,13.6,4.6,4.0,0.0,5.5,11.1,5.8,5.0,0.0,10.0,8.0,10.4,10.458333333333334,8.0,0,7.0,2.999999999999999,0.8536585365853658,0.0,4.0,5.0,5.0,2.933333333333333,551.0,1.0,1.0,5.0,2.933333333333333,4.933333333333334,4.511361319200774,0.4706144320076209,205.0,2.0,141.0,1,15,15,9.0,2.0,205.0
2023,Qatar Grand Prix,17,11,PER,Sergio Perez,Red Bull Racing,18.0,11,0.0,Finished,2023-08-13,7.0,10.0,6.666666666666667,-1.0,1.0,0.0,7.0,10.6,1.2,3.0,0.0,5.7,11.1,4.5,5.0,0.0,10.0,8.0,10.4,10.425531914893616,8.0,0,7.0,8.499999999999998,0.5203252032520326,0.0,3.0,4.0,5.0,3.375,576.0,1.0,1.0,8.333333333333334,3.375,3.875,6.075908711186061,0.5896385300071445,205.0,2.0,166.0,1,16,16,9.0,2.0,205.0
2023,United States Grand Prix,18,11,PER,Sergio Perez,Red Bull Racing,9.0,5,10.0,Finished,2023-08-27,4.0,13.0,0.6666666666666666,0.0,0.0,0.0,8.8,7.0,2.8,2.0,0.0,6.4,9.9,4.5,5.0,0.0,10.0,8.0,10.4,10.875,8.0,0,7.0,1.0000000000000004,0.055284552845528454,0.0,2.0,3.0,5.0,3.5294117647058822,601.0,1.0,1.0,4.333333333333333,3.5294117647058822,4.0588235294117645,5.931595361233921,0.5890096381491391,205.0,2.0,191.0,1,17,17,9.0,2.0,205.0
2023,Mexico City Grand Prix,19,11,PER,Sergio Perez,Red Bull Racing,20.0,20,0.0,Finished,2023-09-10,0.0,11.666666666666666,3.3333333333333335,-0.3333333333333333,0.0,0.0,9.2,6.0,1.6,1.0,0.0,6.3,10.1,4.3,5.0,0.0,10.0,8.0,10.4,10.229166666666666,8.0,0,7.0,-7.0,0.27906976744186046,0.0,1.0,3.0,5.0,3.5,636.0,1.0,1.0,2.3333333333333335,3.5,4.055555555555555,5.754509456501685,0.5840646582519647,215.0,2.0,206.0,1,18,18,9.0,2.0,215.0
2023,São Paulo Grand Prix,20,11,PER,Sergio Perez,Red Bull Racing,10.0,4,12.0,Finished,2023-09-24,6.0,12.0,3.3333333333333335,3.6666666666666665,0.0,0.0,12.8,2.4,0.8,0.0,0.0,8.0,8.6,3.2,4.0,0.0,10.0,8.0,10.4,10.479166666666666,8.0,0,7.0,4.499999999999997,0.29457364341085274,0.0,0.0,2.0,5.0,3.8684210526315788,661.0,1.0,1.0,7.333333333333333,3.8684210526315788,3.8421052631578947,5.669246058974066,0.6034497263640167,215.0,3.0,231.0,1,19,19,9.0,2.0,215.0
2023,Las Vegas Grand Prix,21,11,PER,Sergio Perez,Red Bull Racing,11.0,3,15.0,Finished,2023-10-08,8.0,9.666666666666666,7.333333333333333,3.3333333333333335,0.0,0.0,11.8,4.4,1.0,0.0,0.0,7.8,9.0,2.8,4.0,0.0,10.0,8.0,10.4,10.625,8.0,0,7.0,-0.4999999999999961,0.6461086637298091,0.0,0.0,2.0,5.0,3.8,698.0,1.0,1.0,2.0,3.8,3.95,5.539095499029459,0.591459058227634,227.0,2.0,244.0,1,20,20,9.0,2.0,227.0
2023,Abu Dhabi Grand Prix,22,11,PER,Sergio Perez,Red Bull Racing,10.0,2,18.0,Finished,2023-10-22,8.0,9.0,9.0,4.666666666666667,1.0,0.0,8.6,7.4,5.0,1.0,0.0,7.8,9.0,3.1,4.0,0.0,10.0,8.0,10.4,10.354166666666666,8.0,0,7.0,-8.5,0.78099173553719,0.0,1.0,3.0,5.0,3.7142857142857144,738.0,1.0,1.0,1.6666666666666667,3.7142857142857144,4.142857142857143,5.4707011825333165,0.5751991030739372,242.0,2.0,254.0,1,21,21,10.0,2.0,242.0
2024,Bahrain Grand Prix,1,11,PER,Sergio Perez,Red Bull Racing,4.0,2,18.0,Finished,2024-01-01,2.0,3.0,15.0,7.333333333333333,2.0,0.0,6.8,11.0,5.2,2.0,0.0,7.8,9.0,4.0,4.0,0.0,2.0,2.0,1.5,10.46,2.0,1,1.0,-1.0,1.2692307692307692,0.0,2.0,4.0,5.0,11.722222222222221,0.0,1.0,5.0,1.3333333333333333,3.6136363636363638,4.318181818181818,5.401819478625113,0.5573181521077665,0.0,1.0,0.0,1,22,22,11.0,2.0,260.0
2024,Saudi Arabian Grand Prix,2,11,PER,Sergio Perez,Red Bull Racing,3.0,2,18.0,Finished,2024-01-15,1.0,2.3333333333333335,17.0,6.0,3.0,0.0,6.2,12.6,4.8,3.0,0.0,7.7,9.3,3.2,4.0,0.0,1.0,1.0,1.5,10.52,1.0,1,1.0,-0.5,1.4064748201438848,0.0,3.0,4.0,5.0,1.5,43.0,1.0,1.0,1.3333333333333333,3.5217391304347827,4.217391304347826,5.299712871631739,0.5504782324509071,18.0,2.0,7.0,1,23,23,12.0,2.0,278.0
2024,Australian Grand Prix,3,11,PER,Sergio Perez,Red Bull Racing,7.0,5,10.0,Finished,2024-01-29,2.0,2.0,18.0,3.6666666666666665,3.0,0.0,2.6,16.2,5.0,4.0,0.0,7.7,9.3,2.9,4.0,0.0,6.0,6.0,3.5,9.96,6.0,1,1.0,-1.1818875310513807e-16,1.4594594594594594,0.0,4.0,5.0,5.0,1.5,86.0,1.0,1.0,1.3333333333333333,3.4375,4.083333333333333,5.224662807232192,0.5483749727654527,36.0,2.0,14.0,1,24,24,13.0,2.0,296.0
2024,Japanese Grand Prix,4,11,PER,Sergio Perez,Red Bull Racing,4.0,2,18.0,Finished,2024-02-12,2.0,3.0,15.333333333333334,1.6666666666666667,2.0,0.0,2.8,15.8,4.2,4.0,0.0,7.3,10.1,2.6,4.0,0.0,19.0,19.0,10.0,10.44,19.0,1,1.0,1.4999999999999996,1.252723311546841,0.0,4.0,5.0,5.0,5.0,96.0,1.0,1.0,8.333333333333334,3.78,4.0,5.131601439446884,0.5514399738548346,46.0,2.0,4.0,1,25,25,13.0,2.0,306.0
2024,Chinese Grand Prix,5,11,PER,Sergio Perez,Red Bull Racing,3.0,3,15.0,Finished,2024-02-26,0.0,3.0,15.333333333333334,1.6666666666666667,2.0,0.0,2.6,16.4,3.0,4.0,0.0,5.6,11.9,4.0,5.0,0.0,10.0,8.0,10.4,10.78125,8.0,0,7.0,4.064777912668184e-16,1.2304526748971194,0.0,4.0,5.0,5.0,4.125,139.0,1.0,1.0,7.333333333333333,3.6923076923076925,3.923076923076923,5.043198008590001,0.5456153594758024,64.0,2.0,11.0,1,26,26,14.0,2.0,324.0
2024,Miami Grand Prix,6,11,PER,Sergio Perez,Red Bull Racing,5.0,5,10.0,Finished,2024-03-11,0.0,3.3333333333333335,14.333333333333334,1.3333333333333333,2.0,0.0,2.8,15.8,1.4,4.0,0.0,4.8,13.4,3.3,6.0,0.0,2.0,2.0,1.5,10.44,2.0,1,1.0,-1.0000000000000004,1.1415929203539823,0.0,4.0,5.0,5.0,3.7,179.0,1.0,1.0,1.6666666666666667,3.6296296296296298,3.7777777777777777,5.002563445438851,0.5531851609766987,79.0,2.0,21.0,1,27,27,15.0,2.0,339.0
2024,Emilia Romagna Grand Prix,7,11,PER,Sergio Perez,Red Bull Racing,10.0,8,4.0,Finished,2024-03-25,2.0,3.3333333333333335,14.333333333333334,0.6666666666666666,2.0,0.0,3.4,14.2,1.0,3.0,0.0,4.8,13.4,2.9,6.0,0.0,10.0,8.0,10.4,10.9375,8.0,0,7.0,1.4999999999999998,1.1499522445081185,0.0,3.0,5.0,5.0,3.6666666666666665,207.0,1.0,1.0,2.6666666666666665,3.625,3.642857142857143,4.960692049348116,0.5631904528465784,89.0,2.0,29.0,1,28,28,15.0,2.0,349.0
2024,Monaco Grand Prix,8,11,PER,Sergio Perez,Red Bull Racing,2.0,20,0.0,Finished,2024-04-08,-18.0,5.333333333333333,9.666666666666666,0.6666666666666666,1.0,0.0,4.6,11.4,1.2,2.0,0.0,3.6,13.8,3.1,6.0,0.0,17.0,17.0,9.0,10.16,17.0,1,1.0,2.499999999999999,0.7941454202077431,0.0,2.0,5.0,5.0,3.7857142857142856,236.0,1.0,1.0,3.6666666666666665,3.6551724137931036,3.586206896551724,4.8808462481953026,0.5688484623095491,93.0,4.0,50.0,0,29,29,15.0,2.0,353.0
2024,Canadian Grand Prix,9,11,PER,Sergio Perez,Red Bull Racing,17.0,18,0.0,Finished,2024-04-22,-1.0,11.0,4.666666666666667,-5.333333333333333,0.0,0.0,7.6,9.4,-2.8,2.0,0.0,5.2,12.6,0.7,6.0,0.0,6.0,6.0,3.5,10.06,6.0,1,1.0,7.499999999999997,0.39660056657223797,0.0,2.0,4.0,5.0,4.9375,244.0,1.0,1.0,9.0,3.966666666666667,2.8666666666666667,6.207522318391882,0.772109069121453,93.0,5.0,58.0,0,30,30,15.0,2.0,353.0
2024,Spanish Grand Prix,10,11,PER,Sergio Perez,Red Bull Racing,11.0,8,4.0,Finished,2024-05-06,3.0,15.333333333333334,1.3333333333333333,-5.666666666666667,0.0,0.0,10.8,5.8,-3.4,1.0,0.0,6.7,11.1,-0.2,5.0,0.0,4.0,4.0,2.5,9.673469387755102,4.0,1,1.0,5.0,0.11709159584513693,0.0,1.0,3.0,5.0,5.444444444444445,269.0,1.0,1.0,8.333333333333334,4.145161290322581,2.7419354838709675,6.142571350476844,0.7794603894723738,93.0,5.0,83.0,0,31,31,15.0,2.0,353.0
2024,Austrian Grand Prix,11,11,PER,Sergio Perez,Red Bull Racing,6.0,7,6.0,Finished,2024-05-20,-1.0,15.333333333333334,1.3333333333333333,-5.333333333333333,0.0,0.0,11.8,3.6,-2.8,0.0,0.0,7.3,9.7,-0.7,4.0,0.0,3.0,3.0,2.0,9.78,3.0,1,1.0,-6.0,0.11951447245564892,0.0,0.0,3.0,5.0,5.35,298.0,1.0,1.0,3.3333333333333335,4.15625,2.75,6.04285768757283,0.7759355856346956,97.0,5.0,104.0,0,32,32,15.0,2.0,357.0
2024,British Grand Prix,12,11,PER,Sergio Perez,Red Bull Racing,20.0,17,0.0,Finished,2024-06-03,3.0,11.0,3.3333333333333335,0.3333333333333333,0.0,0.0,12.2,2.8,-3.0,0.0,0.0,7.8,8.5,-1.0,3.0,0.0,6.0,6.0,3.5,10.62,6.0,1,1.0,-5.5,0.30303030303030304,0.0,0.0,3.0,5.0,5.409090909090909,314.0,1.0,1.0,4.333333333333333,4.212121212121212,2.6363636363636362,5.983405081025048,0.7827254163730382,103.0,6.0,108.0,0,33,33,15.0,2.0,363.0
2024,Hungarian Grand Prix,13,11,PER,Sergio Perez,Red Bull Racing,17.0,7,6.0,Finished,2024-06-17,10.0,10.666666666666666,3.3333333333333335,1.6666666666666667,0.0,0.0,14.0,2.0,-2.8,0.0,0.0,9.3,6.7,-0.8,2.0,0.0,3.0,3.0,2.0,10.04,3.0,1,1.0,4.499999999999997,0.3122130394857668,0.0,0.0,2.0,5.0,5.75,332.0,1.0,1.0,8.0,4.367647058823529,2.6470588235294117,5.892380045660288,0.7835136044068843,103.0,7.0,126.0,0,34,34,15.0,2.0,363.0
2024,Belgian Grand Prix,14,11,PER,Sergio Perez,Red Bull Racing,3.0,8,4.0,Finished,2024-07-01,-5.0,10.333333333333334,4.0,4.0,0.0,0.0,11.4,3.2,2.8,0.0,0.0,9.5,6.3,0.0,2.0,0.0,2.0,2.0,1.5,10.28,2.0,1,1.0,2.0367055438347494e-15,0.3794037940379404,0.0,0.0,3.0,5.0,5.769230769230769,348.0,1.0,1.0,4.666666666666667,4.414285714285715,2.857142857142857,5.936640251774701,0.7722386125349416,109.0,7.0,130.0,0,35,35,15.0,2.0,369.0
2024,Dutch Grand Prix,15,11,PER,Sergio Perez,Red Bull Racing,6.0,6,8.0,Finished,2024-07-15,0.0,10.666666666666666,3.3333333333333335,2.6666666666666665,0.0,0.0,9.4,4.0,2.0,0.0,0.0,10.1,4.9,-0.7,1.0,0.0,3.0,3.0,2.0,10.66,3.0,1,1.0,-4.500000000000002,0.32171581769437,0.0,0.0,4.0,5.0,5.821428571428571,362.0,1.0,1.0,6.0,4.472222222222222,2.638888888888889,5.9959642511932385,0.8063430955200821,113.0,8.0,136.0,0,36,36,15.0,2.0,373.0
2024,Italian Grand Prix,16,11,PER,Sergio Perez,Red Bull Racing,8.0,8,4.0,Finished,2024-07-29,0.0,7.0,6.0,1.6666666666666667,0.0,0.0,9.0,4.8,1.4,0.0,0.0,10.4,4.2,-0.7,0.0,0.0,2.0,2.0,1.5,10.82,2.0,1,1.0,-0.4999999999999997,0.5826771653543308,0.0,0.0,4.0,5.0,5.7,388.0,1.0,1.0,4.333333333333333,4.45945945945946,2.5675675675675675,5.927996385047915,0.8077160620504273,121.0,8.0,146.0,0,37,37,15.0,2.0,381.0
2024,Azerbaijan Grand Prix,17,11,PER,Sergio Perez,Red Bull Racing,3.0,15,0.0,Finished,2024-08-12,-12.0,7.333333333333333,5.333333333333333,-1.6666666666666667,0.0,0.0,9.2,4.4,1.6,0.0,0.0,10.7,3.6,-0.7,0.0,0.0,1.0,1.0,1.5,10.92,1.0,1,1.0,-1.571510515298219e-15,0.5264069264069263,0.0,0.0,4.0,5.0,5.78125,400.0,1.0,1.0,5.333333333333333,4.526315789473684,2.5,5.862155308831801,0.8098521890724921,125.0,8.0,150.0,0,38,38,15.0,2.0,385.0
2024,Singapore Grand Prix,18,11,PER,Sergio Perez,Red Bull Racing,10.0,10,1.0,Finished,2024-08-26,0.0,9.666666666666666,4.0,-4.0,0.0,0.0,8.8,4.4,-1.4,0.0,0.0,11.4,3.2,-2.1,0.0,0.0,9.0,9.0,7.0,10.244897959183673,9.0,1,5.0,4.499999999999998,0.40519480519480516,0.0,0.0,4.0,5.0,6.029411764705882,410.0,1.0,1.0,8.666666666666666,4.666666666666667,2.128205128205128,6.233101311290802,0.8852405944808899,125.0,8.0,160.0,0,39,39,15.0,2.0,385.0
2024,United States Grand Prix,19,11,PER,Sergio Perez,Red Bull Racing,9.0,7,6.0,Finished,2024-09-09,2.0,11.0,1.6666666666666667,-4.0,0.0,0.0,9.4,3.4,-3.4,0.0,0.0,10.4,3.3,-0.3,0.0,0.0,5.0,5.0,3.0,10.56,5.0,1,1.0,1.0000000000000002,0.17271157167530224,0.0,0.0,4.0,5.0,6.027777777777778,429.0,1.0,1.0,5.666666666666667,4.7,2.075,6.161865768060007,0.8858368523461403,126.0,8.0,177.0,0,40,40,15.0,2.0,386.0
2024,Mexico City Grand Prix,20,11,PER,Sergio Perez,Red Bull Racing,15.0,17,0.0,Finished,2024-09-23,-2.0,10.666666666666666,2.3333333333333335,-3.3333333333333335,0.0,0.0,9.2,3.8,-2.0,0.0,0.0,9.3,3.9,0.0,0.0,0.0,20.0,20.0,10.5,10.24,20.0,1,1.0,-4.0,0.24404761904761907,0.0,0.0,4.0,5.0,6.0,447.0,1.0,1.0,4.333333333333333,4.719512195121951,2.073170731707317,6.084366211457193,0.8813042461913564,132.0,8.0,183.0,0,41,41,15.0,2.0,392.0
2024,São Paulo Grand Prix,21,11,PER,Sergio Perez,Red Bull Racing,19.0,11,0.0,Finished,2024-10-07,8.0,11.333333333333334,2.3333333333333335,0.0,0.0,0.0,11.4,2.2,-2.4,0.0,0.0,10.2,3.5,-0.5,0.0,0.0,4.0,4.0,2.5,10.16,4.0,1,1.0,3.4999999999999982,0.25,0.0,0.0,3.0,5.0,6.275,455.0,1.0,1.0,9.0,4.880952380952381,1.9761904761904763,6.0424841250812,0.8856184308058479,132.0,8.0,191.0,0,42,42,15.0,2.0,392.0
2024,Las Vegas Grand Prix,22,11,PER,Sergio Perez,Red Bull Racing,17.0,10,1.0,Finished,2024-10-21,7.0,11.666666666666666,2.0,2.6666666666666665,0.0,0.0,12.0,1.4,-0.8,0.0,0.0,10.6,2.9,0.4,0.0,0.0,3.0,3.0,2.0,10.28,3.0,1,1.0,2.0000000000000018,0.2193877551020408,0.0,0.0,2.0,5.0,6.261904761904762,480.0,1.0,1.0,6.0,4.906976744186046,2.116279069767442,6.040377244311742,0.8778133510196654,132.0,8.0,216.0,0,43,43,15.0,2.0,392.0
2024,Qatar Grand Prix,23,11,PER,Sergio Perez,Red Bull Racing,9.0,17,0.0,Finished,2024-11-04,-8.0,12.666666666666666,0.3333333333333333,4.333333333333333,0.0,0.0,11.0,1.6,3.0,0.0,0.0,9.9,3.0,0.8,0.0,0.0,11.0,11.0,6.0,10.244897959183673,11.0,1,1.0,-3.5,0.037319762510602206,0.0,0.0,3.0,5.0,6.318181818181818,491.0,1.0,1.0,5.333333333333333,4.965909090909091,2.227272727272727,6.014956692854349,0.8704893102136629,133.0,8.0,225.0,0,44,44,15.0,2.0,393.0
2024,Abu Dhabi Grand Prix,24,11,PER,Sergio Perez,Red Bull Racing,2.0,20,0.0,Finished,2024-11-18,-18.0,12.666666666666666,0.3333333333333333,2.3333333333333335,0.0,0.0,12.4,1.4,1.4,0.0,0.0,10.9,2.4,-1.0,0.0,0.0,2.0,2.0,1.5,10.0,2.0,1,1.0,3.0,0.03816793893129771,0.0,0.0,2.0,5.0,6.434782608695652,516.0,1.0,1.0,7.666666666666667,5.055555555555555,2.0,6.1385517984145235,0.8889228810978036,133.0,8.0,250.0,0,45,45,15.0,2.0,393.0
2023,Bahrain Grand Prix,1,81,PIA,Oscar Piastri,McLaren,16.0,20,0.0,Finished,2023-01-01,-4.0,11.333333333333334,2.0,0.3333333333333333,0.0,0.0,11.4,2.2,0.2,0.0,0.0,11.5,2.0,0.1,0.0,0.0,10.0,8.0,17.0,11.787878787878787,8.0,0,17.0,-5.909437655256903e-17,0.864957264957265,0.0,0.0,2.0,5.0,17.0,0.0,1.0,17.0,17.0,17.0,0.0,0.0,1.013313220561811,0.0,1.0,0.0,1,0,0,0.0,0.0,0.0
2023,Saudi Arabian Grand Prix,2,81,PIA,Oscar Piastri,McLaren,19.0,15,0.0,Finished,2023-01-15,4.0,20.0,0.0,-4.0,0.0,0.0,20.0,0.0,-4.0,0.0,0.0,20.0,0.0,-4.0,0.0,0.0,10.0,8.0,17.0,12.272727272727273,8.0,0,17.0,-5.909437655256903e-17,0.864957264957265,0.0,0.0,0.0,1.0,18.0,0.0,1.0,17.0,18.0,18.0,-4.0,0.0,1.1764705882352942,0.0,11.0,25.0,0,1,1,0.0,0.0,0.0
2023,Australian Grand Prix,3,81,PIA,Oscar Piastri,McLaren,14.0,9,2.0,Finished,2023-01-29,5.0,17.5,0.0,0.0,0.0,0.0,17.5,0.0,0.0,0.0,0.0,17.5,0.0,0.0,0.0,0.0,10.0,8.0,7.0,10.787878787878787,8.0,0,7.0,-4.999999999999998,0.864957264957265,0.0,0.0,0.0,2.0,15.2,6.0,1.0,7.0,13.0,15.2,0.0,5.656854249492381,0.9632352941176471,0.0,14.0,43.0,0,2,2,0.0,0.0,0.0
2023,Azerbaijan Grand Prix,4,81,PIA,Oscar Piastri,McLaren,11.0,11,0.0,Finished,2023-02-12,0.0,14.666666666666666,0.6666666666666666,1.6666666666666667,0.0,0.0,14.666666666666666,0.6666666666666666,1.6666666666666667,0.0,0.0,14.666666666666666,0.6666666666666666,1.6666666666666667,0.0,0.0,10.0,8.0,9.0,12.727272727272727,8.0,0,9.0,-5.499999999999999,1.0,0.0,0.0,1.0,3.0,13.428571428571429,10.0,1.0,7.0,8.333333333333334,13.428571428571429,1.6666666666666667,4.932882862316247,0.842156862745098,2.0,14.0,66.0,0,3,3,0.0,0.0,2.0
2023,Miami Grand Prix,5,81,PIA,Oscar Piastri,McLaren,14.0,19,0.0,Finished,2023-02-26,-5.0,11.666666666666666,0.6666666666666666,3.0,0.0,0.0,13.75,0.5,1.25,0.0,0.0,13.75,0.5,1.25,0.0,0.0,10.0,8.0,17.0,12.06060606060606,8.0,0,17.0,-1.9999999999999996,1.3333333333333333,0.0,0.0,1.0,4.0,13.555555555555555,10.0,1.0,7.0,12.333333333333334,13.555555555555555,1.25,4.112987559751022,0.8607843137254902,2.0,14.0,84.0,0,4,4,0.0,0.0,2.0
2023,Monaco Grand Prix,6,81,PIA,Oscar Piastri,McLaren,11.0,10,1.0,Finished,2023-03-12,1.0,13.0,0.6666666666666666,0.0,0.0,0.0,14.8,0.4,0.0,0.0,0.0,14.8,0.4,0.0,0.0,0.0,10.0,8.0,9.0,11.696969696969697,8.0,0,9.0,4.999999999999998,1.6666666666666665,0.0,0.0,1.0,5.0,13.636363636363637,12.0,1.0,7.0,15.0,13.636363636363637,0.0,4.527692569068709,0.9419607843137255,2.0,14.0,109.0,0,5,5,0.0,0.0,2.0
2023,Spanish Grand Prix,7,81,PIA,Oscar Piastri,McLaren,10.0,13,0.0,Finished,2023-03-26,-3.0,13.333333333333334,0.3333333333333333,-1.3333333333333333,0.0,0.0,12.8,0.6,1.0,0.0,0.0,14.0,0.5,0.16666666666666666,0.0,0.0,10.0,8.0,17.0,11.15625,8.0,0,17.0,-0.4999999999999979,0.6666666666666666,0.0,0.0,2.0,5.0,13.615384615384615,13.0,1.0,7.0,12.0,13.615384615384615,0.16666666666666666,4.070217029430577,0.9238562091503267,3.0,14.0,133.0,0,6,6,0.0,0.0,3.0
2023,Canadian Grand Prix,8,81,PIA,Oscar Piastri,McLaren,7.0,12,0.0,Finished,2023-04-09,-5.0,14.0,0.3333333333333333,-2.3333333333333335,0.0,0.0,12.4,0.6,-0.4,0.0,0.0,13.857142857142858,0.42857142857142855,-0.2857142857142857,0.0,0.0,10.0,8.0,9.0,11.06060606060606,8.0,0,9.0,-3.0000000000000018,0.7777777777777778,0.0,0.0,2.0,5.0,13.266666666666667,15.0,1.0,7.0,13.0,13.266666666666667,-0.2857142857142857,3.9036002917941324,0.9607079195314489,3.0,14.0,158.0,0,7,7,0.0,0.0,3.0
2023,Austrian Grand Prix,9,81,PIA,Oscar Piastri,McLaren,16.0,18,0.0,Finished,2023-04-23,-2.0,11.666666666666666,0.3333333333333333,-2.3333333333333335,0.0,0.0,13.0,0.2,-2.4,0.0,0.0,13.625,0.375,-0.875,0.0,0.0,10.0,8.0,5.0,10.818181818181818,8.0,0,5.0,0.9999999999999996,0.8888888888888888,0.0,0.0,1.0,5.0,12.705882352941176,25.0,1.0,5.0,8.666666666666666,12.705882352941176,-0.875,3.9798600118956085,1.0281194295900178,3.0,15.0,183.0,0,8,8,0.0,0.0,3.0
2023,British Grand Prix,10,81,PIA,Oscar Piastri,McLaren,3.0,4,12.0,Finished,2023-05-07,-1.0,14.333333333333334,0.0,-3.3333333333333335,0.0,0.0,14.4,0.2,-2.8,0.0,0.0,14.11111111111111,0.3333333333333333,-1.0,0.0,0.0,10.0,8.0,2.0,12.0,8.0,0,2.0,2.4999999999999973,0.0,0.0,0.0,1.0,5.0,12.421052631578947,43.0,1.0,2.0,8.333333333333334,12.421052631578947,-1.0,3.7416573867739413,1.0315309962368786,3.0,15.0,208.0,0,9,9,0.0,0.0,3.0
2023,Hungarian Grand Prix,11,81,PIA,Oscar Piastri,McLaren,2.0,5,10.0,Finished,2023-05-21,-3.0,11.333333333333334,4.0,-2.6666666666666665,0.0,0.0,11.4,2.6,-2.0,0.0,0.0,13.1,1.5,-1.0,0.0,0.0,10.0,8.0,2.0,12.484848484848484,8.0,0,2.0,-3.999999999999995,2.6666666666666665,0.0,0.0,2.0,5.0,11.523809523809524,73.0,1.0,2.0,2.6666666666666665,11.523809523809524,-1.0,3.527668414752787,1.0283778966131907,15.0,12.0,221.0,0,10,10,0.0,0.0,15.0
2023,Belgian Grand Prix,12,81,PIA,Oscar Piastri,McLaren,2.0,20,0.0,Finished,2023-06-04,-18.0,9.0,7.333333333333333,-2.0,0.0,0.0,10.4,4.4,-2.8,0.0,0.0,11.6,2.5,-0.9,0.0,0.0,10.0,8.0,7.0,11.787878787878787,8.0,0,7.0,-6.5,3.226666666666666,0.0,0.0,2.0,5.0,11.043478260869565,89.0,1.0,2.0,4.666666666666667,11.043478260869565,-1.1818181818181819,3.400534717310847,1.0864041484362341,25.0,11.0,236.0,0,11,11,0.0,0.0,25.0
2023,Dutch Grand Prix,13,81,PIA,Oscar Piastri,McLaren,7.0,9,2.0,Finished,2023-06-18,-2.0,9.666666666666666,7.333333333333333,-7.333333333333333,0.0,0.0,11.8,4.4,-5.8,0.0,0.0,12.1,2.5,-3.1,0.0,0.0,10.0,8.0,7.0,12.181818181818182,8.0,0,7.0,7.999999999999998,3.5199999999999996,0.0,0.0,2.0,5.0,11.24,95.0,1.0,2.0,11.333333333333334,11.24,-2.5833333333333335,5.838093296045664,1.5514260249554368,25.0,11.0,261.0,0,12,12,0.0,0.0,25.0
2023,Italian Grand Prix,14,81,PIA,Oscar Piastri,McLaren,7.0,11,0.0,Finished,2023-07-02,-4.0,11.333333333333334,4.0,-7.666666666666667,0.0,0.0,11.2,4.8,-5.2,0.0,0.0,12.1,2.5,-3.8,0.0,0.0,10.0,8.0,8.0,12.878787878787879,8.0,0,8.0,2.0000000000000018,1.9259259259259258,0.0,0.0,3.0,5.0,11.037037037037036,101.0,1.0,2.0,8.0,11.037037037037036,-2.5384615384615383,5.59188973149782,1.5186240230357877,27.0,12.0,284.0,0,13,13,0.0,0.0,27.0
2023,Singapore Grand Prix,15,81,PIA,Oscar Piastri,McLaren,15.0,7,6.0,Finished,2023-07-16,8.0,13.333333333333334,0.6666666666666666,-8.0,0.0,0.0,9.8,4.8,-5.6,0.0,0.0,12.1,2.5,-4.2,0.0,0.0,10.0,8.0,2.0,12.09375,8.0,0,2.0,-4.499999999999999,0.345679012345679,0.0,0.0,3.0,5.0,10.724137931034482,119.0,1.0,2.0,7.0,10.724137931034482,-2.642857142857143,5.3866950458034575,1.508365164247517,27.0,11.0,309.0,0,14,14,0.0,0.0,27.0
2023,Japanese Grand Prix,16,81,PIA,Oscar Piastri,McLaren,3.0,3,15.0,Finished,2023-07-30,0.0,9.0,2.6666666666666665,0.6666666666666666,0.0,0.0,10.4,3.6,-3.8,0.0,0.0,10.9,3.1,-2.9,0.0,0.0,10.0,8.0,2.0,11.727272727272727,8.0,0,2.0,-1.0000000000000002,1.212121212121212,0.0,0.0,3.0,5.0,10.32258064516129,143.0,1.0,2.0,3.6666666666666665,10.32258064516129,-1.9333333333333333,5.873264687994071,1.4369741532976827,33.0,12.0,313.0,0,15,15,0.0,0.0,33.0
2023,Qatar Grand Prix,17,81,PIA,Oscar Piastri,McLaren,3.0,2,18.0,Finished,2023-08-13,1.0,7.0,7.0,1.3333333333333333,1.0,0.0,10.0,4.6,-3.2,1.0,0.0,10.2,4.5,-3.0,1.0,0.0,10.0,8.0,3.0,11.40625,8.0,0,3.0,-3.999999999999999,2.3333333333333335,0.0,1.0,3.0,5.0,9.878787878787879,173.0,1.0,2.0,2.6666666666666665,9.878787878787879,-1.8125,5.694661242485514,1.3940382687165775,48.0,8.0,323.0,0,16,16,1.0,0.0,48.0
2023,United States Grand Prix,18,81,PIA,Oscar Piastri,McLaren,6.0,19,0.0,Finished,2023-08-27,-13.0,4.0,13.0,3.0,2.0,0.0,6.4,8.2,0.6,2.0,0.0,9.1,6.3,-2.6,2.0,0.0,10.0,8.0,3.0,11.636363636363637,8.0,0,3.0,-2.5000000000000013,3.3484848484848486,0.0,2.0,4.0,5.0,9.457142857142857,206.0,1.0,2.0,2.6666666666666665,9.457142857142857,-1.6470588235294117,5.555866004397831,1.3414477823214848,66.0,9.0,330.0,0,17,17,2.0,0.0,66.0
2023,Mexico City Grand Prix,19,81,PIA,Oscar Piastri,McLaren,6.0,8,4.0,Finished,2023-09-10,-2.0,8.0,11.0,-4.0,2.0,0.0,8.4,7.8,-1.6,2.0,0.0,9.8,6.3,-3.4,2.0,0.0,10.0,8.0,5.0,11.151515151515152,8.0,0,5.0,7.999999999999998,3.0,0.0,2.0,3.0,5.0,9.594594594594595,216.0,1.0,2.0,9.0,9.594594594594595,-2.2777777777777777,6.0176754898094655,1.4177165563194976,66.0,9.0,355.0,0,18,18,2.0,0.0,66.0
2023,São Paulo Grand Prix,20,81,PIA,Oscar Piastri,McLaren,13.0,14,0.0,Finished,2023-09-24,-1.0,9.666666666666666,7.333333333333333,-4.666666666666667,1.0,0.0,7.8,8.6,-1.2,2.0,0.0,8.8,6.7,-3.4,2.0,0.0,10.0,8.0,2.0,11.969696969696969,8.0,0,2.0,3.000000000000003,1.9904761904761905,0.0,2.0,4.0,5.0,9.35897435897436,238.0,1.0,2.0,5.0,9.35897435897436,-2.263157894736842,5.848476584767447,1.4032502714004262,70.0,9.0,376.0,0,19,19,2.0,0.0,70.0
2023,Las Vegas Grand Prix,21,81,PIA,Oscar Piastri,McLaren,13.0,10,1.0,Finished,2023-10-08,3.0,13.666666666666666,1.3333333333333333,-5.333333333333333,0.0,0.0,9.2,7.4,-3.0,2.0,0.0,9.8,5.5,-3.4,2.0,0.0,10.0,8.0,20.0,12.393939393939394,8.0,0,20.0,-2.5000000000000018,0.38095238095238093,0.0,2.0,3.0,5.0,9.731707317073171,238.0,1.0,2.0,12.0,9.731707317073171,-2.2,5.6994921288054945,1.3830877578304048,70.0,9.0,401.0,0,20,20,2.0,0.0,70.0
2023,Abu Dhabi Grand Prix,22,81,PIA,Oscar Piastri,McLaren,3.0,6,8.0,Finished,2023-10-22,-3.0,10.666666666666666,1.6666666666666667,0.0,0.0,0.0,10.6,4.6,-2.4,1.0,0.0,10.3,4.6,-2.8,2.0,0.0,10.0,8.0,5.0,11.151515151515152,8.0,0,5.0,1.000000000000002,0.49295774647887325,0.0,1.0,3.0,5.0,9.627906976744185,249.0,1.0,2.0,11.666666666666666,9.627906976744185,-1.9523809523809523,5.669887040111033,1.351240041471134,71.0,9.0,425.0,0,21,21,2.0,0.0,71.0
2024,Bahrain Grand Prix,1,81,PIA,Oscar Piastri,McLaren,8.0,8,4.0,Finished,2024-01-01,0.0,10.0,3.0,-0.3333333333333333,0.0,0.0,11.4,2.6,-3.2,0.0,0.0,8.9,5.4,-1.3,2.0,0.0,20.0,20.0,14.333333333333334,11.857142857142858,20.0,1,6.0,-3.999999999999999,0.8354430379746836,0.0,0.0,3.0,5.0,6.0,8.0,1.0,6.0,5.666666666666667,9.466666666666667,-2.0,5.537749241945383,1.3580018577679007,0.0,1.0,0.0,1,22,22,2.0,0.0,79.0
2024,Saudi Arabian Grand Prix,2,81,PIA,Oscar Piastri,McLaren,5.0,4,12.0,Finished,2024-01-15,1.0,8.0,4.333333333333333,0.0,0.0,0.0,9.2,3.4,-0.6,0.0,0.0,8.8,5.6,-1.1,2.0,0.0,15.0,15.0,13.333333333333334,12.228571428571428,15.0,1,8.0,-0.9999999999999996,1.2008032128514055,0.0,0.0,4.0,5.0,7.333333333333333,16.0,1.0,6.0,7.333333333333333,9.404255319148936,-1.9130434782608696,5.42647586525597,1.3376056417296827,4.0,7.0,21.0,0,23,23,2.0,0.0,83.0
2024,Australian Grand Prix,3,81,PIA,Oscar Piastri,McLaren,5.0,4,12.0,Finished,2024-01-29,1.0,6.0,8.0,-0.6666666666666666,0.0,0.0,8.4,5.0,0.0,0.0,0.0,8.1,6.8,-0.6,2.0,0.0,9.0,9.0,6.333333333333333,10.514285714285714,9.0,1,3.0,-0.9999999999999994,2.0210526315789474,0.0,0.0,4.0,5.0,5.8,43.0,1.0,3.0,5.0,9.16326530612245,-1.7916666666666667,5.340405184649558,1.309649851102057,16.0,5.0,34.0,0,24,24,2.0,0.0,95.0
2024,Japanese Grand Prix,4,81,PIA,Oscar Piastri,McLaren,8.0,8,4.0,Finished,2024-02-12,0.0,5.333333333333333,9.333333333333334,0.6666666666666666,0.0,0.0,6.4,7.4,0.4,0.0,0.0,7.8,7.4,-1.3,2.0,0.0,3.0,3.0,3.3333333333333335,11.285714285714286,3.0,1,2.0,-2.0,2.1806853582554515,0.0,0.0,5.0,5.0,5.428571428571429,65.0,1.0,3.0,4.0,8.980392156862745,-1.68,5.257692776621066,1.2839305237246412,28.0,5.0,22.0,0,25,25,2.0,0.0,107.0
2024,Chinese Grand Prix,5,81,PIA,Oscar Piastri,McLaren,5.0,8,4.0,Finished,2024-02-26,-3.0,5.333333333333333,9.333333333333334,0.6666666666666666,0.0,0.0,6.0,8.0,-0.2,0.0,0.0,8.3,6.3,-1.3,1.0,0.0,10.0,8.0,2.0,11.285714285714286,8.0,0,2.0,1.9999999999999996,2.186186186186186,0.0,0.0,5.0,5.0,5.333333333333333,87.0,1.0,2.0,5.0,8.830188679245284,-1.6153846153846154,5.16199126753948,1.268736614692497,32.0,6.0,43.0,0,26,26,2.0,0.0,111.0
2024,Miami Grand Prix,6,81,PIA,Oscar Piastri,McLaren,3.0,14,0.0,Finished,2024-03-11,-11.0,6.666666666666667,6.666666666666667,-0.6666666666666666,0.0,0.0,6.4,7.2,-0.2,0.0,0.0,8.9,4.9,-1.7,0.0,0.0,19.0,19.0,12.333333333333334,11.942857142857143,19.0,1,1.0,2.0,1.565217391304348,0.0,0.0,5.0,5.0,5.181818181818182,116.0,1.0,1.0,3.6666666666666665,8.672727272727272,-1.6666666666666667,5.068758002934021,1.2711290857532689,36.0,6.0,64.0,0,27,27,2.0,0.0,115.0
2024,Emilia Romagna Grand Prix,7,81,PIA,Oscar Piastri,McLaren,5.0,4,12.0,Finished,2024-03-25,1.0,10.0,2.6666666666666665,-4.666666666666667,0.0,0.0,7.6,6.4,-2.4,0.0,0.0,8.4,4.9,-1.5,0.0,0.0,10.0,8.0,2.0,12.19047619047619,8.0,0,2.0,3.0000000000000004,0.6492753623188406,0.0,0.0,4.0,5.0,5.615384615384615,134.0,1.0,1.0,5.666666666666667,8.649122807017545,-2.0,5.2774853720168515,1.3507316184049378,36.0,6.0,82.0,0,28,28,2.0,0.0,115.0
2024,Monaco Grand Prix,8,81,PIA,Oscar Piastri,McLaren,6.0,2,18.0,Finished,2024-04-08,4.0,8.666666666666666,5.333333333333333,-4.333333333333333,0.0,0.0,7.6,6.4,-2.4,0.0,0.0,8.0,5.7,-1.2,0.0,0.0,10.0,10.0,7.666666666666667,11.428571428571429,10.0,1,4.0,-1.9999999999999984,1.2178477690288714,0.0,0.0,4.0,5.0,5.4,158.0,1.0,1.0,3.3333333333333335,8.491525423728813,-1.896551724137931,5.212244016230347,1.3271431717932733,48.0,6.0,95.0,0,29,29,2.0,0.0,127.0
2024,Canadian Grand Prix,9,81,PIA,Oscar Piastri,McLaren,4.0,5,10.0,Finished,2024-04-22,-1.0,6.666666666666667,10.0,-2.0,1.0,0.0,7.2,7.6,-1.8,1.0,0.0,6.8,7.5,-0.7,1.0,0.0,12.0,12.0,7.666666666666667,10.82857142857143,12.0,1,2.0,-5.999999999999999,2.0689655172413794,0.0,1.0,4.0,5.0,5.0,194.0,1.0,1.0,2.6666666666666665,8.278688524590164,-1.7,5.2335126991738345,1.2924288755906403,66.0,6.0,85.0,0,30,30,3.0,0.0,145.0
2024,Spanish Grand Prix,10,81,PIA,Oscar Piastri,McLaren,8.0,7,6.0,Finished,2024-05-06,1.0,3.6666666666666665,13.333333333333334,1.3333333333333333,1.0,0.0,6.6,8.8,-2.0,1.0,0.0,6.3,8.4,-1.1,1.0,0.0,13.0,13.0,10.666666666666666,10.941176470588236,13.0,1,2.0,0.4999999999999985,2.666666666666667,0.0,1.0,4.0,5.0,4.842105263157895,222.0,1.0,1.0,3.0,8.126984126984127,-1.6774193548387097,5.147083943193424,1.2829956860554583,76.0,6.0,100.0,0,31,31,3.0,0.0,155.0
2024,Austrian Grand Prix,11,81,PIA,Oscar Piastri,McLaren,7.0,2,18.0,Finished,2024-05-20,5.0,4.666666666666667,11.333333333333334,1.3333333333333333,1.0,0.0,6.4,9.2,-1.2,1.0,0.0,6.4,8.2,-0.7,1.0,0.0,18.0,18.0,14.333333333333334,11.285714285714286,18.0,1,5.0,2.499999999999999,2.2525879917184266,0.0,1.0,4.0,5.0,5.666666666666667,228.0,1.0,1.0,9.666666666666666,8.292307692307693,-1.59375,5.0854591888334255,1.2672076264217809,82.0,6.0,119.0,0,32,32,3.0,0.0,161.0
2024,British Grand Prix,12,81,PIA,Oscar Piastri,McLaren,6.0,4,12.0,Finished,2024-06-03,2.0,4.666666666666667,11.333333333333334,1.6666666666666667,1.0,0.0,4.0,12.8,2.0,2.0,0.0,5.8,9.6,-0.2,2.0,0.0,4.0,4.0,3.0,11.514285714285714,4.0,1,2.0,-1.4999999999999993,2.0893854748603355,0.0,2.0,5.0,5.0,5.391304347826087,261.0,1.0,1.0,8.333333333333334,8.119402985074627,-1.393939393939394,5.135290850693086,1.236383152893848,100.0,7.0,111.0,0,33,33,4.0,0.0,179.0
2024,Hungarian Grand Prix,13,81,PIA,Oscar Piastri,McLaren,1.0,1,25.0,Finished,2024-06-17,0.0,4.333333333333333,12.0,2.6666666666666665,1.0,0.0,4.0,12.8,2.2,2.0,0.0,5.8,9.6,-0.1,2.0,0.0,5.0,5.0,3.0,11.971428571428572,5.0,1,2.0,-1.5000000000000018,2.136125654450262,0.0,2.0,5.0,5.0,5.2,291.0,1.0,1.0,3.0,7.971014492753623,-1.2941176470588236,5.090272432815871,1.2168256652036928,112.0,5.0,117.0,0,34,34,4.0,0.0,191.0
2024,Belgian Grand Prix,14,81,PIA,Oscar Piastri,McLaren,4.0,3,15.0,Finished,2024-07-01,1.0,2.3333333333333335,18.333333333333332,2.3333333333333335,2.0,0.0,3.8,14.2,1.4,2.0,0.0,5.5,10.9,-0.2,3.0,0.0,20.0,20.0,11.0,11.857142857142858,20.0,1,6.0,-0.4999999999999998,2.9706790123456788,1.0,2.0,5.0,5.0,5.074074074074074,324.0,1.0,1.0,3.0,7.845070422535211,-1.2571428571428571,5.019625350109526,1.1963449319121588,137.0,5.0,102.0,0,35,35,5.0,1.0,216.0
2024,Dutch Grand Prix,15,81,PIA,Oscar Piastri,McLaren,4.0,4,12.0,Finished,2024-07-15,0.0,2.6666666666666665,17.333333333333332,1.0,2.0,0.0,3.4,15.2,1.8,3.0,0.0,5.0,12.0,-0.1,4.0,0.0,9.0,9.0,5.666666666666667,11.771428571428572,9.0,1,1.0,-0.5000000000000006,2.701298701298701,1.0,3.0,5.0,5.0,4.862068965517241,364.0,1.0,1.0,3.3333333333333335,7.684931506849315,-1.1944444444444444,4.961678543421971,1.179779794914599,152.0,4.0,97.0,0,36,36,6.0,1.0,231.0
2024,Italian Grand Prix,16,81,PIA,Oscar Piastri,McLaren,1.0,2,18.0,Finished,2024-07-29,-1.0,2.6666666666666665,17.333333333333332,0.3333333333333333,2.0,0.0,2.8,16.4,1.6,3.0,0.0,4.6,12.8,0.2,4.0,0.0,11.0,11.0,7.333333333333333,12.542857142857143,11.0,1,3.0,1.4999999999999998,2.6392318244170094,1.0,3.0,5.0,5.0,4.774193548387097,391.0,1.0,1.0,2.6666666666666665,7.573333333333333,-1.162162162162162,4.896220274147495,1.1695154761331232,164.0,4.0,103.0,0,37,37,6.0,1.0,243.0
2024,Azerbaijan Grand Prix,17,81,PIA,Oscar Piastri,McLaren,2.0,1,25.0,Finished,2024-08-12,1.0,3.0,15.0,0.0,2.0,0.0,2.8,16.4,0.4,3.0,0.0,3.4,14.6,1.2,5.0,0.0,11.0,11.0,8.0,12.428571428571429,11.0,1,4.0,-0.4999999999999997,2.1839080459770117,1.0,3.0,5.0,5.0,4.666666666666667,421.0,1.0,1.0,3.0,7.454545454545454,-1.1578947368421053,4.829673570690985,1.1650545425506724,182.0,4.0,93.0,0,38,38,7.0,1.0,261.0
2024,Singapore Grand Prix,18,81,PIA,Oscar Piastri,McLaren,5.0,3,15.0,Finished,2024-08-26,2.0,2.3333333333333335,18.333333333333332,0.0,2.0,0.0,2.2,19.0,0.2,4.0,0.0,3.1,15.9,1.2,6.0,0.0,7.0,7.0,3.3333333333333335,11.617647058823529,7.0,1,1.0,-1.4999999999999998,2.5,2.0,4.0,5.0,5.0,4.457142857142857,471.0,1.0,1.0,2.0,7.291139240506329,-1.1025641025641026,4.778211908427185,1.1437283576989459,207.0,4.0,78.0,0,39,39,8.0,2.0,286.0
2024,United States Grand Prix,19,81,PIA,Oscar Piastri,McLaren,5.0,5,10.0,Finished,2024-09-09,0.0,2.0,19.333333333333332,0.6666666666666666,3.0,0.0,2.6,17.0,0.6,4.0,0.0,3.2,15.6,1.0,6.0,0.0,19.0,19.0,8.333333333333334,11.6,19.0,1,3.0,0.4999999999999996,2.5692137320044295,1.0,4.0,5.0,5.0,4.378378378378378,501.0,1.0,1.0,2.3333333333333335,7.185185185185185,-1.025,4.741997307204893,1.1276351487564722,222.0,4.0,81.0,0,40,40,9.0,2.0,301.0
2024,Mexico City Grand Prix,20,81,PIA,Oscar Piastri,McLaren,19.0,8,4.0,Finished,2024-09-23,11.0,3.0,16.666666666666668,1.0,2.0,0.0,3.0,16.0,0.4,3.0,0.0,3.2,15.6,1.1,6.0,0.0,8.0,8.0,5.0,10.8,8.0,1,2.0,1.9999999999999996,2.197213290460879,1.0,3.0,5.0,5.0,4.333333333333333,529.0,1.0,1.0,3.3333333333333335,7.096385542168675,-1.0,4.685082710048991,1.1204570556973714,232.0,4.0,83.0,0,41,41,9.0,2.0,311.0
2024,São Paulo Grand Prix,21,81,PIA,Oscar Piastri,McLaren,8.0,7,6.0,Finished,2024-10-07,1.0,5.333333333333333,9.666666666666666,4.333333333333333,1.0,0.0,3.8,14.4,2.6,3.0,0.0,3.3,15.4,2.1,6.0,0.0,14.0,14.0,7.333333333333333,11.857142857142858,14.0,1,2.0,2.499999999999999,1.2888888888888888,1.0,3.0,5.0,5.0,4.463414634146342,541.0,1.0,1.0,5.333333333333333,7.094117647058823,-0.7142857142857143,4.984295895601794,1.1033033162760053,236.0,4.0,87.0,0,42,42,9.0,2.0,315.0
2024,Las Vegas Grand Prix,22,81,PIA,Oscar Piastri,McLaren,8.0,7,6.0,Finished,2024-10-21,1.0,6.666666666666667,6.666666666666667,4.0,0.0,0.0,4.8,12.0,3.0,2.0,0.0,3.8,14.2,1.7,5.0,0.0,10.0,10.0,12.0,12.142857142857142,10.0,1,6.0,1.0000000000000009,0.893042575285566,1.0,2.0,5.0,5.0,4.558139534883721,555.0,1.0,1.0,6.333333333333333,7.080459770114943,-0.6744186046511628,4.931535693553123,1.0957329549155814,242.0,4.0,106.0,0,43,43,9.0,2.0,321.0
2024,Qatar Grand Prix,23,81,PIA,Oscar Piastri,McLaren,7.0,3,15.0,Finished,2024-11-04,4.0,7.333333333333333,5.333333333333333,4.333333333333333,0.0,0.0,6.0,8.2,3.0,1.0,0.0,4.1,13.6,1.6,5.0,0.0,2.0,2.0,5.0,11.088235294117647,2.0,1,2.0,-0.5000000000000011,0.7176350662589195,0.0,1.0,5.0,5.0,4.733333333333333,562.0,1.0,1.0,7.666666666666667,7.112359550561798,-0.6363636363636364,4.880387465988926,1.0885067008897222,248.0,4.0,110.0,0,44,44,9.0,2.0,327.0
2024,Abu Dhabi Grand Prix,24,81,PIA,Oscar Piastri,McLaren,20.0,10,1.0,Finished,2024-11-18,10.0,5.666666666666667,9.0,2.0,1.0,0.0,6.0,8.2,3.4,1.0,0.0,4.3,12.6,2.0,5.0,0.0,6.0,6.0,4.0,10.714285714285714,6.0,1,1.0,-2.0,1.1842105263157896,0.0,1.0,5.0,5.0,4.617021276595745,602.0,1.0,1.0,4.666666666666667,7.0,-0.5333333333333333,4.8738635038894405,1.0726509964255062,263.0,4.0,120.0,0,45,45,10.0,2.0,342.0
2025,Australian Grand Prix,1,81,PIA,Oscar Piastri,McLaren,6.0,9,2.0,Finished,2025-01-01,-3.0,6.666666666666667,7.333333333333333,5.0,1.0,0.0,7.0,6.4,5.4,1.0,0.0,5.0,11.2,2.9,4.0,0.0,6.5,4.0,4.8,10.08108108108108,4.0,2,1.0,1.499999999999999,0.9834791059280855,0.0,1.0,5.0,5.0,1.0,25.0,1.0,1.0,4.0,6.967741935483871,-0.30434782608695654,5.0634619918584525,1.0596844633769187,0.0,1.0,0.0,1,46,46,10.0,2.0,343.0
2025,Chinese Grand Prix,2,81,PIA,Oscar Piastri,McLaren,1.0,1,25.0,Finished,2025-01-15,0.0,7.333333333333333,6.0,3.6666666666666665,1.0,0.0,7.2,6.0,2.6,1.0,0.0,5.5,10.2,2.6,4.0,0.0,8.0,8.0,4.0,10.73913043478261,8.0,1,2.0,3.0,0.8173913043478261,0.0,1.0,5.0,5.0,4.0,45.0,1.0,1.0,4.0,6.936842105263158,-0.3617021276595745,5.023533884821709,1.0644936085330328,2.0,9.0,23.0,0,47,47,10.0,2.0,345.0
2025,Japanese Grand Prix,3,81,PIA,Oscar Piastri,McLaren,3.0,3,15.0,Finished,2025-01-29,0.0,6.666666666666667,9.333333333333334,2.3333333333333335,1.0,0.0,6.0,9.8,2.4,2.0,0.0,5.4,10.9,2.7,4.0,0.0,5.5,3.0,4.0,10.945945945945946,3.0,2,2.0,-4.499999999999997,1.2108108108108109,1.0,2.0,5.0,5.0,3.0,88.0,1.0,1.0,1.6666666666666667,6.824742268041237,-0.3541666666666667,4.970078912569006,1.052733325021928,27.0,4.0,16.0,0,48,48,11.0,3.0,370.0
2025,Bahrain Grand Prix,4,81,PIA,Oscar Piastri,McLaren,1.0,1,25.0,Finished,2025-02-12,0.0,4.333333333333333,14.0,-1.0,2.0,0.0,5.2,11.6,2.2,3.0,0.0,5.6,9.9,2.6,4.0,0.0,14.0,8.0,10.6,11.486486486486486,8.0,2,2.0,-3.0000000000000013,1.781818181818182,1.0,3.0,5.0,5.0,2.857142857142857,121.0,1.0,1.0,2.3333333333333335,6.737373737373737,-0.3469387755102041,4.918295014569595,1.0465550938990316,42.0,3.0,19.0,1,49,49,12.0,3.0,385.0
2025,Saudi Arabian Grand Prix,5,81,PIA,Oscar Piastri,McLaren,3.0,1,25.0,Finished,2025-02-26,2.0,1.6666666666666667,21.666666666666668,0.0,3.0,0.0,4.8,13.6,1.4,3.0,0.0,5.4,10.9,2.4,4.0,0.0,9.5,4.0,9.6,11.783783783783784,4.0,2,4.0,4.07711101981292e-16,2.642276422764228,2.0,3.0,5.0,5.0,2.7777777777777777,158.0,1.0,1.0,2.3333333333333335,6.653465346534653,-0.34,4.868096891695847,1.0356239920210508,67.0,2.0,12.0,1,50,50,13.0,4.0,410.0
2025,Miami Grand Prix,6,81,PIA,Oscar Piastri,McLaren,4.0,1,25.0,Finished,2025-03-12,3.0,1.6666666666666667,21.666666666666668,0.6666666666666666,3.0,0.0,3.0,18.4,-0.2,4.0,0.0,5.0,12.4,2.6,5.0,0.0,16.5,14.0,10.6,11.72972972972973,14.0,2,1.0,-1.0000000000000004,2.5402298850574714,3.0,4.0,5.0,5.0,2.5454545454545454,201.0,1.0,1.0,2.3333333333333335,6.553398058252427,-0.29411764705882354,4.8302965443006025,1.020219600020638,92.0,1.0,0.0,1,51,51,14.0,5.0,435.0
2025,Emilia Romagna Grand Prix,7,81,PIA,Oscar Piastri,McLaren,2.0,3,15.0,Finished,2025-03-26,-1.0,1.0,25.0,1.6666666666666667,3.0,0.0,1.4,23.0,1.0,5.0,0.0,4.3,14.5,1.8,6.0,0.0,4.0,4.0,2.6666666666666665,11.391304347826088,4.0,1,2.0,-5.909437655256903e-17,2.826086956521739,4.0,5.0,5.0,5.0,2.3846153846153846,244.0,1.0,1.0,1.6666666666666667,6.457142857142857,-0.23076923076923078,4.804472526659596,1.0044461461740875,117.0,1.0,0.0,1,52,52,15.0,6.0,460.0
2025,Monaco Grand Prix,8,81,PIA,Oscar Piastri,McLaren,3.0,3,15.0,Finished,2025-04-09,0.0,1.6666666666666667,21.666666666666668,1.3333333333333333,3.0,0.0,1.8,21.0,0.8,5.0,0.0,3.9,15.4,1.6,7.0,0.0,6.0,2.0,5.2,10.891891891891891,2.0,2,1.0,0.9999999999999996,2.417543859649123,3.0,5.0,5.0,5.0,2.3333333333333335,284.0,1.0,1.0,2.0,6.373831775700935,-0.24528301886792453,4.759224485861271,1.004362256623633,132.0,1.0,0.0,1,53,53,16.0,6.0,475.0
2025,Spanish Grand Prix,9,81,PIA,Oscar Piastri,McLaren,1.0,1,25.0,Finished,2025-04-23,0.0,2.3333333333333335,18.333333333333332,0.6666666666666666,3.0,0.0,1.8,21.0,0.8,5.0,0.0,3.5,16.3,1.5,8.0,0.0,10.0,7.0,8.2,10.583333333333334,7.0,2,2.0,1.0000000000000002,2.020408163265306,3.0,5.0,5.0,5.0,2.3529411764705883,317.0,1.0,1.0,2.0,6.302752293577981,-0.24074074074074073,4.714230504787725,0.9996518444639361,147.0,2.0,5.0,1,54,54,17.0,6.0,490.0
2025,Canadian Grand Prix,10,81,PIA,Oscar Piastri,McLaren,4.0,4,12.0,Finished,2025-05-07,0.0,2.3333333333333335,18.333333333333332,-0.3333333333333333,3.0,0.0,1.8,21.0,0.8,5.0,0.0,3.3,17.3,1.1,8.0,0.0,8.5,5.0,9.2,10.864864864864865,5.0,2,2.0,-1.0,1.9579288025889967,3.0,5.0,5.0,5.0,3.1052631578947367,342.0,1.0,1.0,7.0,6.36036036036036,-0.23636363636363636,4.6704890550635065,0.9905672654736827,172.0,1.0,0.0,1,55,55,18.0,7.0,515.0
2025,Austrian Grand Prix,11,81,PIA,Oscar Piastri,McLaren,5.0,2,18.0,Finished,2025-05-21,3.0,2.6666666666666665,17.333333333333332,0.0,2.0,0.0,2.4,18.4,0.4,4.0,0.0,2.7,18.4,0.1,8.0,0.0,10.0,2.0,9.2,10.756756756756756,2.0,2,1.0,0.4999999999999995,1.841872232764073,2.0,4.0,5.0,5.0,3.0476190476190474,379.0,1.0,1.0,7.666666666666667,6.292035398230088,-0.23214285714285715,4.627943079042474,0.9871642785902239,184.0,1.0,0.0,1,56,56,18.0,7.0,527.0
2025,British Grand Prix,12,81,PIA,Oscar Piastri,McLaren,4.0,2,18.0,Finished,2025-06-04,2.0,2.3333333333333335,18.333333333333332,1.0,2.0,0.0,2.6,17.0,0.4,4.0,0.0,2.0,20.0,0.7,9.0,0.0,4.0,4.0,2.8,11.027027027027026,4.0,2,1.0,0.5000000000000003,1.9174311926605503,1.0,4.0,5.0,5.0,2.9130434782608696,422.0,1.0,1.0,1.3333333333333333,6.208695652173913,-0.17543859649122806,4.606372941827224,0.9756935602523839,202.0,1.0,0.0,1,57,57,19.0,7.0,545.0
2025,Belgian Grand Prix,13,81,PIA,Oscar Piastri,McLaren,2.0,1,25.0,Finished,2025-06-18,1.0,2.6666666666666665,16.0,1.6666666666666667,2.0,0.0,2.4,17.6,1.0,4.0,0.0,2.1,19.3,0.9,9.0,0.0,11.5,3.0,7.6,11.35135135135135,3.0,2,2.0,-1.0,1.6483126110124333,1.0,4.0,5.0,5.0,2.84,458.0,1.0,1.0,1.6666666666666667,6.136752136752137,-0.13793103448275862,4.57471416367961,0.9657678092135495,220.0,1.0,0.0,1,58,58,20.0,7.0,563.0
2025,Hungarian Grand Prix,14,81,PIA,Oscar Piastri,McLaren,2.0,2,18.0,Finished,2025-07-02,0.0,1.6666666666666667,20.333333333333332,2.0,3.0,0.0,2.0,19.6,1.2,4.0,0.0,1.9,20.3,1.0,9.0,0.0,3.0,1.0,2.2,11.378378378378379,1.0,2,1.0,-0.4999999999999999,2.0402494331065757,2.0,4.0,5.0,5.0,2.7037037037037037,508.0,1.0,1.0,1.3333333333333333,6.050420168067227,-0.11864406779661017,4.537524563485187,0.9550485808088002,245.0,1.0,0.0,1,59,59,21.0,8.0,588.0
2025,Dutch Grand Prix,15,81,PIA,Oscar Piastri,McLaren,1.0,1,25.0,Finished,2025-07-16,0.0,1.6666666666666667,20.333333333333332,1.0,3.0,0.0,2.2,18.2,1.2,4.0,0.0,2.0,19.6,1.0,9.0,0.0,6.5,4.0,7.8,11.72972972972973,4.0,2,1.0,-3.2853043354112167e-16,2.0132013201320134,1.0,4.0,5.0,5.0,3.206896551724138,526.0,1.0,1.0,7.0,6.115702479338843,-0.11666666666666667,4.498932704567382,0.950242215573098,263.0,1.0,0.0,1,60,60,22.0,8.0,606.0
2025,Italian Grand Prix,16,81,PIA,Oscar Piastri,McLaren,4.0,3,15.0,Finished,2025-07-30,1.0,1.3333333333333333,22.666666666666668,0.3333333333333333,3.0,0.0,1.6,20.8,1.2,5.0,0.0,2.0,19.6,0.8,9.0,0.0,6.5,2.0,5.2,11.972972972972974,2.0,2,2.0,1.1011533127023753e-16,2.1912308505018494,2.0,5.0,5.0,5.0,3.096774193548387,569.0,1.0,1.0,7.0,6.040650406504065,-0.11475409836065574,4.4613090778968205,0.9428611956456701,288.0,1.0,0.0,1,61,61,23.0,9.0,631.0
2025,Azerbaijan Grand Prix,17,81,PIA,Oscar Piastri,McLaren,2.0,20,0.0,Finished,2025-08-13,-18.0,2.0,19.333333333333332,0.3333333333333333,3.0,0.0,1.8,20.2,0.8,5.0,0.0,2.2,18.6,0.6,9.0,0.0,6.0,1.0,6.4,11.972972972972974,1.0,2,1.0,0.4999999999999996,1.8555211558307532,2.0,5.0,5.0,5.0,3.212121212121212,590.0,1.0,1.0,4.0,6.024,-0.0967741935483871,4.426854256005416,0.9373311763610626,303.0,1.0,0.0,1,62,62,24.0,9.0,646.0
2025,Singapore Grand Prix,18,81,PIA,Oscar Piastri,McLaren,4.0,4,12.0,Finished,2025-08-27,0.0,8.0,13.333333333333334,-5.666666666666667,2.0,0.0,5.4,16.6,-3.2,4.0,0.0,3.9,17.1,-1.1,8.0,0.0,5.0,3.0,3.2,11.13888888888889,3.0,2,1.0,9.499999999999996,1.3003095975232197,2.0,4.0,4.0,5.0,3.6857142857142855,605.0,1.0,1.0,10.0,6.110236220472441,-0.38095238095238093,4.936462660090728,1.0282730095405166,303.0,1.0,0.0,1,63,63,24.0,9.0,646.0
2025,United States Grand Prix,19,81,PIA,Oscar Piastri,McLaren,5.0,5,10.0,Finished,2025-09-10,0.0,9.0,9.0,-5.666666666666667,1.0,0.0,6.0,14.0,-3.4,3.0,0.0,4.0,16.8,-1.1,7.0,0.0,12.0,5.0,6.4,11.162162162162161,5.0,2,2.0,0.5000000000000014,0.8753799392097265,1.0,3.0,4.0,5.0,3.6486486486486487,635.0,1.0,1.0,3.0,6.062015503875969,-0.375,4.897359184716491,1.024706243766446,315.0,1.0,0.0,1,64,64,24.0,9.0,658.0
2025,Mexico City Grand Prix,20,81,PIA,Oscar Piastri,McLaren,9.0,5,10.0,Finished,2025-09-24,4.0,9.666666666666666,7.333333333333333,-6.0,0.0,0.0,6.6,12.4,-3.4,2.0,0.0,4.4,15.3,-1.1,6.0,0.0,8.0,8.0,4.8,10.45945945945946,8.0,2,1.0,-7.500000000000003,0.713572854291417,1.0,2.0,4.0,5.0,3.6153846153846154,670.0,1.0,1.0,2.6666666666666665,6.015267175572519,-0.36923076923076925,4.859170552834964,1.021762045144398,325.0,1.0,0.0,1,65,65,24.0,9.0,668.0
2025,São Paulo Grand Prix,21,81,PIA,Oscar Piastri,McLaren,5.0,5,10.0,Finished,2025-10-08,0.0,4.666666666666667,10.666666666666666,1.3333333333333333,0.0,0.0,7.4,9.4,-2.6,1.0,0.0,4.5,15.1,-0.7,6.0,0.0,10.5,7.0,6.0,11.432432432432432,7.0,2,1.0,0.5000000000000003,1.0383480825958702,0.0,1.0,4.0,5.0,3.5853658536585367,705.0,1.0,1.0,2.3333333333333335,5.969924812030075,-0.30303030303030304,4.851549148213293,1.0138565596119071,335.0,2.0,10.0,1,66,66,24.0,9.0,678.0
2025,Las Vegas Grand Prix,22,81,PIA,Oscar Piastri,McLaren,8.0,5,10.0,Finished,2025-10-22,3.0,5.0,10.0,1.3333333333333333,0.0,0.0,7.8,8.4,-2.8,0.0,0.0,4.8,14.3,-1.0,5.0,0.0,8.5,7.0,9.0,11.72972972972973,7.0,2,2.0,2.8828903816168033e-16,0.9738372093023256,0.0,0.0,4.0,5.0,3.5813953488372094,733.0,1.0,1.0,2.6666666666666665,5.933333333333334,-0.29850746268656714,4.814797032674643,1.0111621831002866,345.0,2.0,25.0,1,67,67,24.0,9.0,688.0
2025,Qatar Grand Prix,23,81,PIA,Oscar Piastri,McLaren,1.0,2,18.0,Finished,2025-11-05,-1.0,5.0,10.0,2.3333333333333335,0.0,0.0,4.8,10.4,1.4,0.0,0.0,5.1,13.5,-0.9,4.0,0.0,2.5,2.0,4.4,10.666666666666666,2.0,2,2.0,2.8828903816168033e-16,0.9742120343839541,0.0,0.0,5.0,5.0,3.6222222222222222,755.0,1.0,1.0,3.6666666666666665,5.912408759124087,-0.25,4.795442488104346,1.0044620856363935,355.0,2.0,33.0,1,68,68,24.0,9.0,698.0
2025,Abu Dhabi Grand Prix,24,81,PIA,Oscar Piastri,McLaren,2.0,2,18.0,Finished,2025-11-19,0.0,4.0,12.666666666666666,0.6666666666666666,1.0,0.0,4.4,11.6,1.2,1.0,0.0,5.2,12.8,-1.1,4.0,0.0,8.0,6.0,5.0,10.486486486486486,6.0,2,1.0,-1.5000000000000002,1.2206703910614525,0.0,1.0,5.0,5.0,3.574468085106383,788.0,1.0,1.0,3.0,5.863309352517986,-0.2608695652173913,4.760907519497428,1.0043974177286197,373.0,2.0,27.0,1,69,69,25.0,9.0,716.0
2023,Hungarian Grand Prix,11,3,RIC,Daniel Ricciardo,AlphaTauri,18.0,13,0.0,Finished,2023-05-21,5.0,11.333333333333334,2.0,0.3333333333333333,0.0,0.0,11.4,2.2,0.2,0.0,0.0,11.5,2.0,0.1,0.0,0.0,10.0,8.0,10.4,14.0,8.0,0,7.0,-5.909437655256903e-17,0.864957264957265,0.0,0.0,2.0,5.0,14.0,3.0,1.0,9.0,16.666666666666668,14.0,0.0,0.0,1.013313220561811,0.0,19.0,236.0,0,0,0,0.0,0.0,0.0
2023,Belgian Grand Prix,12,3,RIC,Daniel Ricciardo,AlphaTauri,20.0,16,0.0,Finished,2023-06-04,4.0,13.0,0.0,5.0,0.0,0.0,13.0,0.0,5.0,0.0,0.0,13.0,0.0,5.0,0.0,0.0,10.0,8.0,10.4,12.5,8.0,0,7.0,-5.909437655256903e-17,0.864957264957265,0.0,0.0,0.0,1.0,14.0,3.0,1.0,9.0,14.666666666666666,14.0,5.0,0.0,0.6842105263157895,0.0,19.0,261.0,0,1,1,0.0,0.0,0.0
2023,United States Grand Prix,18,3,RIC,Daniel Ricciardo,AlphaTauri,13.0,17,0.0,Finished,2023-08-27,-4.0,14.5,0.0,4.5,0.0,0.0,14.5,0.0,4.5,0.0,0.0,14.5,0.0,4.5,0.0,0.0,10.0,8.0,10.4,14.5,8.0,0,7.0,2.999999999999998,0.864957264957265,0.0,0.0,0.0,2.0,14.029411764705882,5.0,1.0,9.0,14.666666666666666,14.029411764705882,4.5,0.7071067811865476,0.7230576441102756,0.0,19.0,396.0,0,2,2,0.0,0.0,0.0
2023,Mexico City Grand Prix,19,3,RIC,Daniel Ricciardo,AlphaTauri,4.0,7,6.0,Finished,2023-09-10,-3.0,15.333333333333334,0.0,1.6666666666666667,0.0,0.0,15.333333333333334,0.0,1.6666666666666667,0.0,0.0,15.333333333333334,0.0,1.6666666666666667,0.0,0.0,10.0,8.0,10.4,15.5,8.0,0,7.0,1.9999999999999991,0.864957264957265,0.0,0.0,0.0,3.0,14.0,6.0,1.0,9.0,14.0,14.0,1.6666666666666667,4.932882862316247,0.8868003341687553,0.0,19.0,421.0,0,3,3,0.0,0.0,0.0
2023,São Paulo Grand Prix,20,3,RIC,Daniel Ricciardo,AlphaTauri,19.0,13,0.0,Finished,2023-09-24,6.0,13.333333333333334,2.0,-1.0,0.0,0.0,13.25,1.5,0.5,0.0,0.0,13.25,1.5,0.5,0.0,0.0,10.0,8.0,10.4,16.5,8.0,0,7.0,-4.499999999999999,1.3333333333333333,0.0,0.0,1.0,4.0,13.789473684210526,12.0,1.0,7.0,10.0,13.789473684210526,0.5,4.654746681256314,1.0151002506265665,6.0,15.0,440.0,0,4,4,0.0,0.0,6.0
2023,Las Vegas Grand Prix,21,3,RIC,Daniel Ricciardo,AlphaTauri,16.0,14,0.0,Finished,2023-10-08,2.0,12.333333333333334,2.0,-0.3333333333333333,0.0,0.0,13.2,1.2,1.6,0.0,0.0,13.2,1.2,1.6,0.0,0.0,10.0,8.0,10.4,16.0,8.0,0,7.0,-2.0000000000000018,1.6666666666666667,0.0,0.0,1.0,5.0,13.65,14.0,1.0,7.0,11.666666666666666,13.65,1.6,4.722287581247038,0.9420802005012531,6.0,16.0,465.0,0,5,5,0.0,0.0,6.0
2023,Abu Dhabi Grand Prix,22,3,RIC,Daniel Ricciardo,AlphaTauri,15.0,11,0.0,Finished,2023-10-22,4.0,11.333333333333334,2.0,1.6666666666666667,0.0,0.0,13.4,1.2,1.0,0.0,0.0,13.333333333333334,1.0,1.6666666666666667,0.0,0.0,10.0,8.0,10.4,18.0,8.0,0,7.0,3.5000000000000013,2.0,0.0,0.0,1.0,5.0,13.761904761904763,14.0,1.0,7.0,13.666666666666666,13.761904761904763,1.6666666666666667,4.226897995772629,0.9223217357118285,6.0,16.0,490.0,0,6,6,0.0,0.0,6.0
2024,Bahrain Grand Prix,1,3,RIC,Daniel Ricciardo,RB,14.0,13,0.0,Finished,2024-01-01,1.0,12.666666666666666,0.0,4.0,0.0,0.0,12.4,1.2,1.0,0.0,0.0,13.0,0.8571428571428571,2.0,0.0,0.0,10.0,8.0,10.4,10.545454545454545,8.0,0,7.0,-1.0,0.0,0.0,0.0,1.0,5.0,11.722222222222221,0.0,1.0,5.0,11.0,11.511904761904763,2.0,3.9581140290126395,0.8887757734672815,0.0,1.0,0.0,1,7,0,0.0,0.0,6.0
2024,Saudi Arabian Grand Prix,2,3,RIC,Daniel Ricciardo,RB,15.0,16,0.0,Finished,2024-01-15,-1.0,12.666666666666666,0.0,2.3333333333333335,0.0,0.0,11.6,1.2,2.0,0.0,0.0,13.0,0.75,1.875,0.0,0.0,10.0,8.0,10.4,10.727272727272727,8.0,0,7.0,-0.4999999999999997,0.0,0.0,0.0,1.0,5.0,13.5,0.0,1.0,13.0,13.5,13.5,1.875,3.681517544243329,0.8860121351172048,0.0,10.0,25.0,0,8,1,0.0,0.0,6.0
2024,Australian Grand Prix,3,3,RIC,Daniel Ricciardo,RB,18.0,13,0.0,Finished,2024-01-29,5.0,13.333333333333334,0.0,1.3333333333333333,0.0,0.0,13.4,0.0,2.4,0.0,0.0,13.333333333333334,0.6666666666666666,1.5555555555555556,0.0,0.0,10.0,8.0,10.4,9.977272727272727,8.0,0,7.0,2.5,0.0,0.0,0.0,0.0,5.0,14.25,0.0,1.0,13.0,14.666666666666666,14.25,1.5555555555555556,3.5746017649212027,0.8986774534375154,0.0,12.0,50.0,0,9,2,0.0,0.0,6.0
2024,Japanese Grand Prix,4,3,RIC,Daniel Ricciardo,RB,3.0,20,0.0,Finished,2024-02-12,-17.0,14.0,0.0,1.6666666666666667,0.0,0.0,13.4,0.0,2.2,0.0,0.0,13.3,0.6,1.9,0.0,0.0,10.0,8.0,10.4,10.159090909090908,8.0,0,7.0,-1.7334368143990695e-16,0.0,0.0,0.0,0.0,5.0,13.0,4.0,1.0,8.0,11.666666666666666,13.0,1.9,3.5418137224371984,0.8772307607253428,0.0,14.0,50.0,0,10,3,0.0,0.0,6.0
2024,Chinese Grand Prix,5,3,RIC,Daniel Ricciardo,RB,15.0,18,0.0,Finished,2024-02-26,-3.0,16.333333333333332,0.0,-4.333333333333333,0.0,0.0,14.6,0.0,-1.6,0.0,0.0,14.0,0.6,-0.3,0.0,0.0,10.0,8.0,10.4,9.785714285714286,8.0,0,7.0,1.999999999999999,0.0,0.0,0.0,0.0,5.0,13.5,5.0,1.0,8.0,12.666666666666666,13.5,0.18181818181818182,6.6154090095500795,1.2520279642957661,0.0,14.0,75.0,0,11,4,0.0,0.0,6.0
2024,Miami Grand Prix,6,3,RIC,Daniel Ricciardo,RB,20.0,16,0.0,Finished,2024-03-11,4.0,17.0,0.0,-5.0,0.0,0.0,16.0,0.0,-3.0,0.0,0.0,14.2,0.6,-1.0,0.0,0.0,10.0,8.0,10.4,10.636363636363637,8.0,0,7.0,2.4999999999999982,0.0,0.0,0.0,0.0,5.0,14.5,5.0,1.0,8.0,15.666666666666666,14.5,-0.08333333333333333,6.374071530724132,1.2414423006044524,0.0,14.0,100.0,0,12,5,0.0,0.0,6.0
2024,Emilia Romagna Grand Prix,7,3,RIC,Daniel Ricciardo,RB,11.0,13,0.0,Finished,2024-03-25,-2.0,18.0,0.0,-5.333333333333333,0.0,0.0,16.6,0.0,-2.4,0.0,0.0,14.1,0.6,-0.2,0.0,0.0,10.0,8.0,10.4,10.857142857142858,8.0,0,7.0,-2.0000000000000004,0.0,0.0,0.0,0.0,5.0,14.0,11.0,1.0,7.0,14.0,14.0,0.23076923076923078,6.206902691813448,1.204554797627553,0.0,15.0,118.0,0,13,6,0.0,0.0,6.0
2024,Monaco Grand Prix,8,3,RIC,Daniel Ricciardo,RB,16.0,12,0.0,Finished,2024-04-08,4.0,15.666666666666666,0.0,-0.3333333333333333,0.0,0.0,16.0,0.0,-2.6,0.0,0.0,14.7,0.0,-0.1,0.0,0.0,10.0,8.0,10.4,10.363636363636363,8.0,0,7.0,-2.5,0.0,0.0,0.0,0.0,5.0,13.642857142857142,12.0,1.0,7.0,10.0,13.642857142857142,0.07142857142857142,5.9931279326894416,1.1958961216065374,0.0,15.0,143.0,0,14,7,0.0,0.0,6.0
2024,Canadian Grand Prix,9,3,RIC,Daniel Ricciardo,RB,7.0,8,4.0,Finished,2024-04-22,-1.0,13.666666666666666,0.0,2.0,0.0,0.0,15.8,0.0,-2.8,0.0,0.0,14.6,0.0,-0.3,0.0,0.0,10.0,8.0,10.4,9.977272727272727,8.0,0,7.0,-2.0000000000000018,0.0,0.0,0.0,0.0,5.0,13.1875,16.0,1.0,7.0,10.0,13.1875,0.3333333333333333,5.863527298559492,1.1632285370288467,0.0,17.0,151.0,0,15,8,0.0,0.0,6.0
2024,Spanish Grand Prix,10,3,RIC,Daniel Ricciardo,RB,19.0,15,0.0,Finished,2024-05-06,4.0,11.0,1.3333333333333333,0.3333333333333333,0.0,0.0,13.4,0.8,0.4,0.0,0.0,14.0,0.4,-0.6,0.0,0.0,10.0,8.0,10.4,9.674418604651162,8.0,0,7.0,-2.4999999999999982,2.1333333333333333,0.0,0.0,1.0,5.0,12.944444444444445,20.0,1.0,7.0,10.0,12.944444444444445,0.25,5.674504383644443,1.1530267534645438,4.0,12.0,172.0,0,16,9,0.0,0.0,10.0
2024,Austrian Grand Prix,11,3,RIC,Daniel Ricciardo,RB,12.0,9,2.0,Finished,2024-05-20,3.0,11.666666666666666,1.3333333333333333,2.3333333333333335,0.0,0.0,12.8,0.8,1.8,0.0,0.0,14.4,0.4,-0.6,0.0,0.0,10.0,8.0,10.4,10.068181818181818,8.0,0,7.0,1.499999999999999,2.2666666666666666,0.0,0.0,1.0,5.0,13.35,20.0,1.0,7.0,16.0,13.35,0.47058823529411764,5.56908483346707,1.129319297378394,4.0,13.0,197.0,0,17,10,0.0,0.0,10.0
2024,British Grand Prix,12,3,RIC,Daniel Ricciardo,RB,16.0,13,0.0,Finished,2024-06-03,3.0,10.666666666666666,2.0,2.0,0.0,0.0,11.4,1.2,1.6,0.0,0.0,14.0,0.6,-0.4,0.0,0.0,10.0,8.0,10.4,10.545454545454545,8.0,0,7.0,0.5000000000000017,3.0,0.0,0.0,2.0,5.0,13.227272727272727,22.0,1.0,7.0,14.333333333333334,13.227272727272727,0.6111111111111112,5.435600393147654,1.105040874874466,6.0,13.0,205.0,0,18,11,0.0,0.0,12.0
2024,Hungarian Grand Prix,13,3,RIC,Daniel Ricciardo,RB,11.0,12,0.0,Finished,2024-06-17,-1.0,12.333333333333334,0.6666666666666666,3.3333333333333335,0.0,0.0,11.4,1.2,2.6,0.0,0.0,13.7,0.6,0.0,0.0,0.0,13.0,13.0,10.4,10.409090909090908,13.0,1,7.0,-1.0000000000000024,1.0555555555555556,0.0,0.0,2.0,5.0,13.083333333333334,23.0,1.0,7.0,12.666666666666666,13.083333333333334,0.7368421052631579,5.310807693992798,1.0871285068470176,6.0,13.0,223.0,0,19,12,0.0,0.0,12.0
2024,Belgian Grand Prix,14,3,RIC,Daniel Ricciardo,RB,14.0,11,0.0,Finished,2024-07-01,3.0,11.333333333333334,0.6666666666666666,1.6666666666666667,0.0,0.0,11.4,1.2,1.6,0.0,0.0,13.6,0.6,-0.6,0.0,0.0,16.0,16.0,10.4,10.340909090909092,16.0,1,7.0,1.4999999999999993,1.1111111111111112,0.0,0.0,2.0,5.0,12.884615384615385,25.0,1.0,7.0,10.333333333333334,12.884615384615385,0.65,5.1837296063335465,1.0827720815046666,6.0,13.0,233.0,0,20,13,0.0,0.0,12.0
2024,Dutch Grand Prix,15,3,RIC,Daniel Ricciardo,RB,15.0,13,0.0,Finished,2024-07-15,2.0,12.0,0.0,1.6666666666666667,0.0,0.0,12.0,0.4,2.4,0.0,0.0,12.7,0.6,1.4,0.0,0.0,10.0,8.0,10.4,10.977272727272727,8.0,0,7.0,-1.0,0.0,0.0,0.0,1.0,5.0,12.964285714285714,25.0,1.0,7.0,12.333333333333334,12.964285714285714,0.7619047619047619,5.078432454062591,1.0661321411155555,6.0,13.0,243.0,0,21,14,0.0,0.0,12.0
2024,Italian Grand Prix,16,3,RIC,Daniel Ricciardo,RB,11.0,12,0.0,Finished,2024-07-29,-1.0,12.0,0.0,1.3333333333333333,0.0,0.0,11.6,0.4,2.0,0.0,0.0,12.2,0.6,1.9,0.0,0.0,10.0,8.0,10.4,10.954545454545455,8.0,0,7.0,0.5000000000000002,0.0,0.0,0.0,1.0,5.0,13.1,25.0,1.0,7.0,15.666666666666666,13.1,0.8181818181818182,4.963067058990301,1.054603407428485,6.0,14.0,261.0,0,22,15,0.0,0.0,12.0
2024,Azerbaijan Grand Prix,17,3,RIC,Daniel Ricciardo,RB,14.0,13,0.0,Finished,2024-08-12,1.0,12.0,0.0,1.3333333333333333,0.0,0.0,12.2,0.0,1.2,0.0,0.0,11.8,0.6,1.4,0.0,0.0,10.0,8.0,10.4,11.25,8.0,0,7.0,0.4999999999999993,0.0,0.0,0.0,0.0,5.0,13.28125,25.0,1.0,7.0,16.333333333333332,13.28125,0.7391304347826086,4.863756416825727,1.052229346235942,6.0,14.0,269.0,0,23,16,0.0,0.0,12.0
2024,Singapore Grand Prix,18,3,RIC,Daniel Ricciardo,RB,16.0,18,0.0,Finished,2024-08-26,-2.0,12.666666666666666,0.0,0.6666666666666666,0.0,0.0,12.2,0.0,0.8,0.0,0.0,11.8,0.6,1.7,0.0,0.0,10.0,8.0,10.4,10.046511627906977,8.0,0,7.0,-1.247387977250697e-15,0.0,0.0,0.0,0.0,5.0,13.470588235294118,25.0,1.0,7.0,17.666666666666668,13.470588235294118,0.75,4.75714565497092,1.0444975679205555,6.0,16.0,279.0,0,24,17,0.0,0.0,12.0
2023,Bahrain Grand Prix,1,63,RUS,George Russell,Mercedes,6.0,7,6.0,Finished,2023-01-01,-1.0,11.333333333333334,2.0,0.3333333333333333,0.0,0.0,11.4,2.2,0.2,0.0,0.0,11.5,2.0,0.1,0.0,0.0,10.0,8.0,5.0,11.051282051282051,8.0,0,5.0,-5.909437655256903e-17,0.864957264957265,0.0,0.0,2.0,5.0,5.0,10.0,1.0,5.0,5.0,5.0,0.0,0.0,1.013313220561811,0.0,1.0,0.0,1,0,0,0.0,0.0,0.0
2023,Saudi Arabian Grand Prix,2,63,RUS,George Russell,Mercedes,3.0,4,12.0,Finished,2023-01-15,-1.0,7.0,6.0,-1.0,0.0,0.0,7.0,6.0,-1.0,0.0,0.0,7.0,6.0,-1.0,0.0,0.0,10.0,8.0,5.0,11.333333333333334,8.0,0,5.0,-5.909437655256903e-17,1.0,0.0,0.0,1.0,1.0,5.666666666666667,26.0,1.0,5.0,5.666666666666667,5.666666666666667,-1.0,0.0,1.0,6.0,7.0,19.0,0,1,1,0.0,0.0,6.0
2023,Australian Grand Prix,3,63,RUS,George Russell,Mercedes,1.0,18,0.0,Finished,2023-01-29,-17.0,5.5,9.0,-1.0,0.0,0.0,5.5,9.0,-1.0,0.0,0.0,5.5,9.0,-1.0,0.0,0.0,10.0,8.0,2.0,9.846153846153847,8.0,0,2.0,-3.0000000000000004,1.0,0.0,0.0,2.0,2.0,4.6,56.0,1.0,2.0,3.6666666666666665,4.6,-1.0,0.0,1.0,18.0,6.0,25.0,0,2,2,0.0,0.0,18.0
2023,Azerbaijan Grand Prix,4,63,RUS,George Russell,Mercedes,9.0,8,4.0,Finished,2023-02-12,1.0,9.666666666666666,6.0,-6.333333333333333,0.0,0.0,9.666666666666666,6.0,-6.333333333333333,0.0,0.0,9.666666666666666,6.0,-6.333333333333333,0.0,0.0,10.0,8.0,6.0,12.025641025641026,8.0,0,6.0,5.499999999999998,1.0,0.0,0.0,2.0,3.0,6.714285714285714,64.0,1.0,2.0,8.666666666666666,6.714285714285714,-6.333333333333333,9.237604307034013,3.6666666666666665,18.0,6.0,50.0,0,3,3,0.0,0.0,18.0
2023,Miami Grand Prix,5,63,RUS,George Russell,Mercedes,5.0,4,12.0,Finished,2023-02-26,1.0,10.0,5.333333333333333,-5.666666666666667,0.0,0.0,9.25,5.5,-4.5,0.0,0.0,9.25,5.5,-4.5,0.0,0.0,10.0,8.0,6.0,11.307692307692308,8.0,0,6.0,2.0000000000000018,0.9696969696969696,0.0,0.0,3.0,4.0,6.777777777777778,76.0,1.0,2.0,6.666666666666667,6.777777777777778,-4.5,8.386497083606082,2.95,22.0,7.0,64.0,0,4,4,0.0,0.0,22.0
2023,Monaco Grand Prix,6,63,RUS,George Russell,Mercedes,8.0,5,10.0,Finished,2023-03-12,3.0,10.0,5.333333333333333,-5.0,0.0,0.0,8.2,6.8,-3.4,0.0,0.0,8.2,6.8,-3.4,0.0,0.0,10.0,8.0,4.0,10.512820512820513,8.0,0,4.0,-7.000000000000003,0.7843137254901961,0.0,0.0,4.0,5.0,6.2727272727272725,100.0,1.0,2.0,4.666666666666667,6.2727272727272725,-3.4,7.6681158050723255,2.493333333333333,34.0,6.0,77.0,0,5,5,0.0,0.0,34.0
2023,Spanish Grand Prix,7,63,RUS,George Russell,Mercedes,7.0,3,15.0,Finished,2023-03-26,4.0,5.666666666666667,8.666666666666666,1.6666666666666667,0.0,0.0,7.8,7.6,-2.6,0.0,0.0,7.666666666666667,7.333333333333333,-2.3333333333333335,0.0,0.0,10.0,8.0,2.0,10.105263157894736,8.0,0,2.0,-1.5000000000000002,1.1818181818181819,0.0,0.0,4.0,5.0,5.846153846153846,128.0,1.0,2.0,3.6666666666666665,5.846153846153846,-2.3333333333333335,7.339391437078872,2.1703703703703705,44.0,6.0,92.0,0,6,6,0.0,0.0,44.0
2023,Canadian Grand Prix,8,63,RUS,George Russell,Mercedes,4.0,19,0.0,Finished,2023-04-09,-15.0,4.0,12.333333333333334,2.6666666666666665,1.0,0.0,7.6,8.2,-1.6,1.0,0.0,7.0,8.428571428571429,-1.4285714285714286,1.0,0.0,10.0,8.0,3.0,10.487179487179487,8.0,0,3.0,-0.4999999999999997,1.463276836158192,0.0,1.0,4.0,5.0,5.466666666666667,158.0,1.0,2.0,2.6666666666666665,5.466666666666667,-1.4285714285714286,7.114706432386907,1.913888888888889,59.0,6.0,102.0,0,7,7,1.0,0.0,59.0
2023,Austrian Grand Prix,9,63,RUS,George Russell,Mercedes,12.0,8,4.0,Finished,2023-04-23,4.0,9.0,8.333333333333334,-2.6666666666666665,1.0,0.0,7.8,8.2,-1.2,1.0,0.0,8.5,7.375,-3.125,1.0,0.0,10.0,8.0,7.0,10.435897435897436,8.0,0,7.0,6.999999999999997,1.1299435028248588,0.0,1.0,4.0,5.0,6.352941176470588,164.0,1.0,2.0,9.666666666666666,6.352941176470588,-3.125,8.14927691796728,2.149652777777778,59.0,6.0,127.0,0,8,8,1.0,0.0,59.0
2023,British Grand Prix,10,63,RUS,George Russell,Mercedes,5.0,5,10.0,Finished,2023-05-07,0.0,10.0,6.333333333333333,-2.3333333333333335,1.0,0.0,7.8,8.2,-0.6,1.0,0.0,8.444444444444445,7.0,-2.3333333333333335,1.0,0.0,10.0,8.0,3.0,10.58974358974359,8.0,0,3.0,2.5000000000000027,0.9047619047619048,0.0,1.0,4.0,5.0,6.2631578947368425,183.0,1.0,2.0,6.0,6.2631578947368425,-2.3333333333333335,7.984359711335656,1.9791785375118707,63.0,7.0,148.0,0,9,9,1.0,0.0,63.0
2023,Hungarian Grand Prix,11,63,RUS,George Russell,Mercedes,14.0,7,6.0,Finished,2023-05-21,7.0,10.666666666666666,4.666666666666667,-3.6666666666666665,0.0,0.0,8.0,7.8,-0.8,1.0,0.0,8.1,7.3,-2.1,1.0,0.0,10.0,8.0,4.0,10.948717948717949,8.0,0,4.0,-7.000000000000001,0.6392694063926941,0.0,1.0,4.0,5.0,6.095238095238095,205.0,1.0,2.0,4.0,6.095238095238095,-2.1,7.563802688536442,1.8645940170940172,73.0,6.0,163.0,0,10,10,1.0,0.0,73.0
2023,Belgian Grand Prix,12,63,RUS,George Russell,Mercedes,12.0,6,8.0,Finished,2023-06-04,6.0,6.666666666666667,6.666666666666667,3.6666666666666665,0.0,0.0,8.4,7.0,0.0,1.0,0.0,8.1,7.3,-1.3,1.0,0.0,10.0,8.0,4.0,10.897435897435898,8.0,0,4.0,-0.5000000000000012,0.9282700421940929,0.0,1.0,4.0,5.0,6.043478260869565,223.0,1.0,2.0,5.0,6.043478260869565,-1.2727272727272727,7.68232919225555,1.7375097125097125,79.0,6.0,182.0,0,11,11,1.0,0.0,79.0
2023,Dutch Grand Prix,13,63,RUS,George Russell,Mercedes,4.0,17,0.0,Finished,2023-06-18,-13.0,6.0,8.0,4.333333333333333,0.0,0.0,9.0,5.6,0.4,0.0,0.0,8.3,6.9,-0.6,1.0,0.0,10.0,8.0,6.0,11.307692307692308,8.0,0,6.0,0.5,1.103448275862069,0.0,0.0,4.0,5.0,6.04,239.0,1.0,2.0,5.333333333333333,6.04,-0.6666666666666666,7.619751049778861,1.631178774928775,87.0,7.0,199.0,0,12,12,1.0,0.0,87.0
2023,Italian Grand Prix,14,63,RUS,George Russell,Mercedes,5.0,5,10.0,Finished,2023-07-02,0.0,10.0,4.666666666666667,0.0,0.0,0.0,8.6,5.6,0.8,0.0,0.0,8.2,6.9,-0.2,1.0,0.0,10.0,8.0,6.0,11.58974358974359,8.0,0,6.0,4.999999999999997,0.6973180076628352,0.0,0.0,4.0,5.0,6.444444444444445,247.0,1.0,2.0,9.666666666666666,6.444444444444445,-1.6153846153846154,8.057485769337537,1.7672419460881,87.0,7.0,224.0,0,13,13,1.0,0.0,87.0
2023,Singapore Grand Prix,15,63,RUS,George Russell,Mercedes,5.0,8,4.0,Finished,2023-07-16,-3.0,9.333333333333334,6.0,-2.3333333333333335,0.0,0.0,8.0,6.8,0.0,0.0,0.0,7.9,7.5,-0.3,1.0,0.0,10.0,8.0,3.0,10.736842105263158,8.0,0,3.0,-0.4999999999999974,0.8659793814432989,0.0,0.0,4.0,5.0,6.275862068965517,272.0,1.0,2.0,4.666666666666667,6.275862068965517,-1.5,7.753411159959506,1.700534188034188,97.0,7.0,239.0,0,14,14,1.0,0.0,97.0
2023,Japanese Grand Prix,16,63,RUS,George Russell,Mercedes,9.0,7,6.0,Finished,2023-07-30,2.0,10.0,4.666666666666667,-5.333333333333333,0.0,0.0,8.6,5.6,-0.6,0.0,0.0,8.3,6.7,-0.7,1.0,0.0,10.0,8.0,5.0,10.58974358974359,8.0,0,5.0,-4.500000000000001,0.6930693069306931,0.0,0.0,4.0,5.0,6.290322580645161,286.0,1.0,2.0,5.333333333333333,6.290322580645161,-1.6,7.481405521118915,1.676054131054131,101.0,7.0,245.0,0,15,15,1.0,0.0,101.0
2023,Qatar Grand Prix,17,63,RUS,George Russell,Mercedes,19.0,4,12.0,Finished,2023-08-13,15.0,6.666666666666667,6.666666666666667,-0.3333333333333333,0.0,0.0,8.6,5.6,-1.6,0.0,0.0,8.5,6.3,-0.8,1.0,0.0,10.0,8.0,19.0,10.657894736842104,8.0,0,19.0,1.0000000000000009,0.9968847352024922,0.0,0.0,4.0,5.0,6.696969696969697,292.0,1.0,2.0,10.333333333333334,6.696969696969697,-1.375,7.283543093852058,1.6150507478632479,107.0,7.0,264.0,0,16,16,1.0,0.0,107.0
2023,United States Grand Prix,18,63,RUS,George Russell,Mercedes,8.0,7,6.0,Finished,2023-08-27,1.0,6.333333333333333,7.333333333333333,4.666666666666667,0.0,0.0,8.2,6.4,0.2,0.0,0.0,8.6,6.0,0.3,0.0,0.0,10.0,8.0,2.0,10.76923076923077,8.0,0,2.0,-1.9999999999999991,1.0476190476190477,0.0,0.0,4.0,5.0,6.485714285714286,322.0,1.0,2.0,8.333333333333334,6.485714285714286,-0.4117647058823529,8.093661281594162,1.5318124685771743,119.0,8.0,277.0,0,17,17,1.0,0.0,119.0
2023,Mexico City Grand Prix,19,63,RUS,George Russell,Mercedes,7.0,6,8.0,Finished,2023-09-10,1.0,6.0,8.0,6.0,0.0,0.0,6.2,7.6,3.0,0.0,0.0,7.4,6.6,1.9,0.0,0.0,10.0,8.0,2.0,10.102564102564102,8.0,0,2.0,-1.2894105270976096e-15,1.152,0.0,0.0,5.0,5.0,6.378378378378378,346.0,1.0,2.0,3.6666666666666665,6.378378378378378,-0.3333333333333333,7.859052479933758,1.4899216524216525,125.0,8.0,296.0,0,18,18,1.0,0.0,125.0
2023,São Paulo Grand Prix,20,63,RUS,George Russell,Mercedes,9.0,15,0.0,Finished,2023-09-24,-6.0,5.666666666666667,8.666666666666666,5.666666666666667,0.0,0.0,6.4,7.2,3.2,0.0,0.0,7.2,7.0,1.6,0.0,0.0,10.0,8.0,8.0,11.179487179487179,8.0,0,8.0,0.9999999999999998,1.238095238095238,0.0,0.0,5.0,5.0,6.410256410256411,358.0,1.0,2.0,5.333333333333333,6.410256410256411,-0.2631578947368421,7.643749118383944,1.4509784075573549,133.0,8.0,313.0,0,19,19,1.0,0.0,133.0
2023,Las Vegas Grand Prix,21,63,RUS,George Russell,Mercedes,3.0,4,12.0,Finished,2023-10-08,-1.0,9.333333333333334,4.666666666666667,-1.3333333333333333,0.0,0.0,7.8,6.4,2.6,0.0,0.0,8.2,6.0,1.0,0.0,0.0,10.0,8.0,8.0,11.461538461538462,8.0,0,8.0,3.9999999999999982,0.7017543859649122,0.0,0.0,4.0,5.0,6.658536585365853,362.0,1.0,2.0,10.333333333333334,6.658536585365853,-0.55,7.549660152685857,1.4534294871794873,133.0,8.0,338.0,0,20,20,1.0,0.0,133.0
2023,Abu Dhabi Grand Prix,22,63,RUS,George Russell,Mercedes,5.0,4,12.0,Finished,2023-10-22,1.0,8.333333333333334,6.666666666666667,-2.0,0.0,0.0,7.2,7.6,2.0,0.0,0.0,7.9,6.6,0.2,0.0,0.0,10.0,8.0,9.0,10.23076923076923,8.0,0,9.0,-0.9999999999999978,0.9655172413793104,0.0,0.0,4.0,5.0,6.651162790697675,376.0,1.0,2.0,7.0,6.651162790697675,-0.5714285714285714,7.35915367804905,1.4318376068376069,145.0,8.0,351.0,0,21,21,1.0,0.0,145.0
2024,Bahrain Grand Prix,1,63,RUS,George Russell,Mercedes,3.0,5,10.0,Finished,2024-01-01,-2.0,7.666666666666667,8.0,-2.0,0.0,0.0,7.2,7.6,-0.8,0.0,0.0,7.7,7.0,-0.3,0.0,0.0,7.0,7.0,6.333333333333333,10.853658536585366,7.0,1,5.0,-5.500000000000001,1.1210191082802548,0.0,0.0,4.0,5.0,7.0,6.0,1.0,7.0,6.666666666666667,6.6,-0.5,7.189608903860918,1.3970571095571094,0.0,1.0,0.0,1,22,22,1.0,0.0,157.0
2024,Saudi Arabian Grand Prix,2,63,RUS,George Russell,Mercedes,7.0,6,8.0,Finished,2024-01-15,1.0,4.333333333333333,11.333333333333334,-0.6666666666666666,0.0,0.0,6.8,8.4,-1.4,0.0,0.0,6.5,8.0,0.8,0.0,0.0,4.0,4.0,6.0,11.097560975609756,4.0,1,4.0,0.4999999999999993,1.560878243512974,0.0,0.0,4.0,5.0,7.0,18.0,1.0,5.0,7.0,6.617021276595745,-0.5652173913043478,7.031268390401949,1.3906633221850613,10.0,4.0,15.0,0,23,23,1.0,0.0,167.0
2024,Australian Grand Prix,3,63,RUS,George Russell,Mercedes,6.0,12,0.0,Finished,2024-01-29,-6.0,5.0,10.0,0.0,0.0,0.0,6.8,8.4,-1.4,0.0,0.0,6.6,7.8,0.9,0.0,0.0,18.0,18.0,12.666666666666666,10.24390243902439,18.0,1,2.0,0.9999999999999996,1.3714285714285714,0.0,0.0,4.0,5.0,9.0,26.0,1.0,5.0,11.0,6.836734693877551,-0.5,6.884134248242555,1.363969017094017,18.0,4.0,32.0,0,24,24,1.0,0.0,175.0
2024,Japanese Grand Prix,4,63,RUS,George Russell,Mercedes,11.0,7,6.0,Finished,2024-02-12,4.0,7.666666666666667,6.0,-2.3333333333333335,0.0,0.0,6.2,8.4,-1.4,0.0,0.0,7.0,7.4,0.6,0.0,0.0,7.0,7.0,7.0,10.463414634146341,7.0,1,5.0,3.4999999999999996,0.8571428571428571,0.0,0.0,4.0,5.0,9.428571428571429,28.0,1.0,5.0,13.0,6.980392156862745,-0.72,6.82837218278754,1.377981684981685,18.0,8.0,32.0,0,25,25,1.0,0.0,175.0
2024,Chinese Grand Prix,5,63,RUS,George Russell,Mercedes,6.0,6,8.0,Finished,2024-02-26,0.0,8.333333333333334,4.666666666666667,-0.3333333333333333,0.0,0.0,6.8,7.2,-0.4,0.0,0.0,7.0,7.4,0.8,0.0,0.0,10.0,8.0,9.0,10.28,8.0,0,9.0,0.5000000000000006,0.6703499079189688,0.0,0.0,4.0,5.0,9.11111111111111,36.0,1.0,5.0,8.333333333333334,7.018867924528302,-0.5384615384615384,6.754144027074158,1.3474182868413638,24.0,8.0,51.0,0,26,26,1.0,0.0,181.0
2024,Miami Grand Prix,6,63,RUS,George Russell,Mercedes,10.0,8,4.0,Finished,2024-03-11,2.0,8.333333333333334,4.666666666666667,-0.6666666666666666,0.0,0.0,7.2,6.4,-0.6,0.0,0.0,7.2,7.0,-0.7,0.0,0.0,4.0,4.0,5.333333333333333,11.0,4.0,1,4.0,-3.0,0.6666666666666667,0.0,0.0,4.0,5.0,8.545454545454545,52.0,1.0,5.0,7.0,6.9818181818181815,-0.5185185185185185,6.623793767520534,1.329259937593271,32.0,8.0,68.0,0,27,27,1.0,0.0,189.0
2024,Emilia Romagna Grand Prix,7,63,RUS,George Russell,Mercedes,6.0,7,6.0,Finished,2024-03-25,-1.0,7.0,6.0,2.0,0.0,0.0,7.8,5.2,0.2,0.0,0.0,7.3,6.8,-0.6,0.0,0.0,10.0,8.0,6.0,10.84,8.0,0,6.0,0.5,0.8704663212435233,0.0,0.0,4.0,5.0,8.307692307692308,64.0,1.0,5.0,6.666666666666667,6.982456140350878,-0.42857142857142855,6.517376042257379,1.3077603943675373,36.0,6.0,82.0,0,28,28,1.0,0.0,193.0
2024,Monaco Grand Prix,8,63,RUS,George Russell,Mercedes,9.0,5,10.0,Finished,2024-04-08,4.0,7.0,6.0,0.3333333333333333,0.0,0.0,8.0,4.8,-0.2,0.0,0.0,7.4,6.6,-0.8,0.0,0.0,5.0,5.0,5.333333333333333,10.292682926829269,5.0,1,4.0,0.4999999999999996,0.8743718592964824,0.0,0.0,4.0,5.0,8.133333333333333,76.0,1.0,5.0,6.666666666666667,6.983050847457627,-0.4482758620689655,6.40081583470058,1.2971479669755532,42.0,7.0,101.0,0,29,29,1.0,0.0,199.0
2024,Canadian Grand Prix,9,63,RUS,George Russell,Mercedes,1.0,3,15.0,Finished,2024-04-22,-2.0,6.666666666666667,6.666666666666667,1.6666666666666667,0.0,0.0,6.6,6.8,1.8,0.0,0.0,6.4,7.6,0.2,0.0,0.0,19.0,19.0,8.666666666666666,10.536585365853659,19.0,1,3.0,-1.5000000000000004,0.9569377990430622,0.0,0.0,5.0,5.0,7.705882352941177,98.0,1.0,4.0,5.333333333333333,6.901639344262295,-0.3,6.341706503718879,1.2705763680763682,52.0,7.0,99.0,0,30,30,1.0,0.0,209.0
2024,Spanish Grand Prix,10,63,RUS,George Russell,Mercedes,1.0,4,12.0,Finished,2024-05-06,-3.0,5.0,10.333333333333334,0.3333333333333333,1.0,0.0,5.8,8.6,0.6,1.0,0.0,6.3,7.9,0.1,1.0,0.0,3.0,3.0,2.6666666666666665,9.75,3.0,1,2.0,-1.9999999999999996,1.430059523809524,0.0,1.0,5.0,5.0,7.2105263157894735,128.0,1.0,3.0,3.3333333333333335,6.777777777777778,-0.3548387096774194,6.2425870016458935,1.2779771303964853,67.0,7.0,109.0,0,31,31,2.0,0.0,224.0
2024,Austrian Grand Prix,11,63,RUS,George Russell,Mercedes,3.0,1,25.0,Finished,2024-05-20,2.0,4.0,12.333333333333334,-0.3333333333333333,1.0,0.0,5.4,9.4,0.0,1.0,0.0,6.3,7.9,-0.3,1.0,0.0,8.0,8.0,6.333333333333333,10.21951219512195,8.0,1,4.0,-0.4999999999999998,1.672316384180791,0.0,1.0,5.0,5.0,6.904761904761905,152.0,1.0,3.0,3.6666666666666665,6.6923076923076925,-0.4375,6.158851484887683,1.300540345071595,79.0,7.0,122.0,0,32,32,2.0,0.0,236.0
2024,British Grand Prix,12,63,RUS,George Russell,Mercedes,1.0,19,0.0,Finished,2024-06-03,-18.0,2.6666666666666665,17.333333333333332,-1.0,2.0,0.0,4.0,13.6,0.0,2.0,0.0,5.9,9.4,0.1,2.0,0.0,5.0,5.0,3.0,10.21951219512195,5.0,1,1.0,-0.9999999999999996,2.1915708812260535,1.0,2.0,5.0,5.0,6.391304347826087,202.0,1.0,1.0,2.0,6.522388059701493,-0.36363636363636365,6.076687943578834,1.2687057891603346,104.0,5.0,107.0,0,33,33,3.0,1.0,261.0
2024,Hungarian Grand Prix,13,63,RUS,George Russell,Mercedes,16.0,8,4.0,Finished,2024-06-17,8.0,8.0,12.333333333333334,-6.333333333333333,1.0,0.0,6.4,12.4,-3.4,2.0,0.0,7.2,8.6,-1.8,2.0,0.0,7.0,7.0,4.666666666666667,10.658536585365853,7.0,1,3.0,7.4999999999999964,1.6066411238825031,1.0,2.0,4.0,5.0,6.76,217.0,1.0,1.0,7.666666666666667,6.6521739130434785,-0.8823529411764706,6.704881558994357,1.5108026777144425,104.0,6.0,125.0,0,34,34,3.0,1.0,261.0
2024,Belgian Grand Prix,14,63,RUS,George Russell,Mercedes,5.0,1,25.0,Finished,2024-07-01,4.0,9.333333333333334,9.666666666666666,-2.6666666666666665,1.0,0.0,7.0,11.2,-2.6,2.0,0.0,6.8,9.0,-0.4,2.0,0.0,6.0,6.0,4.0,10.560975609756097,6.0,1,2.0,3.5000000000000027,1.2767295597484276,1.0,2.0,4.0,5.0,6.62962962962963,239.0,1.0,1.0,4.333333333333333,6.605633802816901,-0.6285714285714286,6.774023542768595,1.4810822650738618,108.0,8.0,131.0,0,35,35,3.0,1.0,265.0
2024,Dutch Grand Prix,15,63,RUS,George Russell,Mercedes,3.0,7,6.0,Finished,2024-07-15,-4.0,9.333333333333334,9.666666666666666,-2.0,1.0,0.0,6.6,13.2,-1.4,2.0,0.0,6.2,10.9,-0.4,3.0,0.0,17.0,17.0,10.333333333333334,11.365853658536585,17.0,1,6.0,-8.999999999999998,1.2,2.0,2.0,4.0,5.0,6.482758620689655,268.0,1.0,1.0,3.6666666666666665,6.5479452054794525,-0.5,6.720969317846093,1.4445707206736618,133.0,6.0,116.0,0,36,36,4.0,2.0,290.0
2024,Italian Grand Prix,16,63,RUS,George Russell,Mercedes,7.0,7,6.0,Finished,2024-07-29,0.0,5.333333333333333,11.666666666666666,2.6666666666666665,1.0,0.0,7.2,12.0,-1.6,2.0,0.0,6.3,10.7,-0.8,3.0,0.0,5.0,5.0,5.333333333333333,11.268292682926829,5.0,1,5.0,-0.5000000000000008,1.4583333333333333,2.0,2.0,4.0,5.0,6.451612903225806,284.0,1.0,1.0,6.666666666666667,6.533333333333333,-0.5945945945945946,6.651898056024893,1.45282556606086,139.0,6.0,128.0,0,37,37,4.0,2.0,296.0
2024,Azerbaijan Grand Prix,17,63,RUS,George Russell,Mercedes,6.0,3,15.0,Finished,2024-08-12,3.0,5.0,12.333333333333334,0.0,1.0,0.0,8.4,8.2,-2.0,1.0,0.0,6.2,10.9,-1.0,3.0,0.0,8.0,8.0,7.666666666666667,11.853658536585366,8.0,1,6.0,3.0000000000000004,1.5518763796909492,1.0,1.0,4.0,5.0,6.545454545454546,292.0,1.0,1.0,7.0,6.571428571428571,-0.5789473684210527,6.562100763443631,1.4376196301118902,145.0,6.0,130.0,0,38,38,4.0,2.0,302.0
2024,Singapore Grand Prix,18,63,RUS,George Russell,Mercedes,4.0,4,12.0,Finished,2024-08-26,0.0,5.666666666666667,9.0,-0.3333333333333333,1.0,0.0,5.2,11.2,2.2,2.0,0.0,5.8,11.8,-0.6,4.0,0.0,8.0,8.0,5.666666666666667,10.55,8.0,1,3.0,-2.0,1.1072555205047319,1.0,2.0,5.0,5.0,6.428571428571429,315.0,1.0,1.0,6.0,6.518987341772152,-0.48717948717948717,6.500493077944953,1.4117465993031604,160.0,6.0,125.0,0,39,39,5.0,2.0,317.0
2024,United States Grand Prix,19,63,RUS,George Russell,Mercedes,19.0,6,8.0,Finished,2024-09-09,13.0,4.666666666666667,11.0,1.0,1.0,0.0,4.4,12.8,0.6,2.0,0.0,5.7,12.0,-1.0,4.0,0.0,7.0,7.0,9.666666666666666,10.902439024390244,7.0,1,2.0,-1.5000000000000007,1.337386018237082,1.0,2.0,5.0,5.0,6.72972972972973,327.0,1.0,1.0,10.0,6.654320987654321,-0.475,6.417074579108938,1.3964529343205814,172.0,6.0,131.0,0,40,40,5.0,2.0,329.0
2024,Mexico City Grand Prix,20,63,RUS,George Russell,Mercedes,8.0,5,10.0,Finished,2024-09-23,3.0,4.333333333333333,11.666666666666666,5.333333333333333,1.0,0.0,5.4,9.4,2.4,1.0,0.0,6.0,11.3,0.5,3.0,0.0,6.0,6.0,4.0,9.853658536585366,6.0,1,2.0,1.4999999999999993,1.4193867457962415,0.0,1.0,5.0,5.0,6.641025641025641,347.0,1.0,1.0,10.0,6.614457831325301,-0.14634146341463414,6.6766794726486465,1.3697101798249574,180.0,6.0,135.0,0,41,41,5.0,2.0,337.0
2024,São Paulo Grand Prix,21,63,RUS,George Russell,Mercedes,1.0,4,12.0,Finished,2024-10-07,-3.0,5.0,10.0,5.333333333333333,0.0,0.0,5.0,10.2,3.8,1.0,0.0,6.1,11.1,1.1,3.0,0.0,15.0,15.0,11.0,11.24390243902439,15.0,1,8.0,0.5000000000000004,1.2103746397694524,0.0,1.0,5.0,5.0,6.682926829268292,358.0,1.0,1.0,6.333333333333333,6.635294117647059,-0.07142857142857142,6.612600156990966,1.3503255459137813,190.0,6.0,133.0,0,42,42,5.0,2.0,347.0
2024,Las Vegas Grand Prix,22,63,RUS,George Russell,Mercedes,1.0,1,25.0,Finished,2024-10-21,0.0,5.0,10.0,4.333333333333333,0.0,0.0,4.4,11.4,3.2,1.0,0.0,6.4,9.8,0.6,2.0,0.0,4.0,4.0,4.666666666666667,11.048780487804878,4.0,1,2.0,-1.0000000000000007,1.1977715877437325,0.0,1.0,5.0,5.0,6.511627906976744,388.0,1.0,1.0,5.333333333333333,6.551724137931035,-0.13953488372093023,6.54865088013895,1.3654342541483444,202.0,6.0,146.0,0,43,43,5.0,2.0,359.0
2024,Qatar Grand Prix,23,63,RUS,George Russell,Mercedes,5.0,4,12.0,Finished,2024-11-04,1.0,3.3333333333333335,15.666666666666666,0.0,1.0,0.0,4.0,13.4,2.6,1.0,0.0,4.6,12.3,2.4,3.0,0.0,4.0,4.0,11.666666666666666,10.525,4.0,1,4.0,-2.0,1.795138888888889,1.0,1.0,5.0,5.0,6.511111111111111,413.0,1.0,1.0,5.0,6.550561797752809,-0.13636363636363635,6.472090022553942,1.3457652938267912,227.0,6.0,131.0,0,44,44,6.0,3.0,384.0
2024,Abu Dhabi Grand Prix,24,63,RUS,George Russell,Mercedes,5.0,5,10.0,Finished,2024-11-18,0.0,3.0,16.333333333333332,-0.6666666666666666,1.0,0.0,4.0,13.4,2.8,1.0,0.0,4.2,13.1,1.7,3.0,0.0,4.0,4.0,5.666666666666667,9.926829268292684,4.0,1,4.0,-7.610440505822326e-16,1.8560606060606057,1.0,1.0,5.0,5.0,6.404255319148936,437.0,1.0,1.0,6.666666666666667,6.4945054945054945,-0.1111111111111111,6.40036299475635,1.3306742132232328,239.0,6.0,144.0,0,45,45,6.0,3.0,396.0
2025,Australian Grand Prix,1,63,RUS,George Russell,Mercedes,7.0,3,15.0,Finished,2025-01-01,4.0,3.3333333333333335,15.666666666666666,0.3333333333333333,1.0,0.0,3.8,13.8,0.2,1.0,0.0,4.6,11.6,1.3,2.0,0.0,15.0,12.0,10.8,10.13953488372093,12.0,2,2.0,1.9999999999999996,1.77504105090312,1.0,1.0,5.0,5.0,4.0,12.0,1.0,4.0,4.333333333333333,6.451612903225806,-0.10869565217391304,6.328869517692768,1.3198624549647568,0.0,1.0,0.0,1,46,46,6.0,3.0,406.0
2025,Chinese Grand Prix,2,63,RUS,George Russell,Mercedes,3.0,3,15.0,Finished,2025-01-15,0.0,4.0,12.333333333333334,1.6666666666666667,1.0,0.0,3.4,14.8,0.4,2.0,0.0,4.2,12.5,2.1,3.0,0.0,6.0,6.0,7.666666666666667,10.037037037037036,6.0,1,6.0,-0.4999999999999997,1.376880443388757,1.0,2.0,5.0,5.0,5.0,31.0,1.0,3.0,5.0,6.431578947368421,-0.02127659574468085,6.288323761240309,1.2997589984761448,15.0,3.0,10.0,1,47,47,7.0,3.0,421.0
2025,Japanese Grand Prix,3,63,RUS,George Russell,Mercedes,5.0,5,10.0,Finished,2025-01-29,0.0,3.6666666666666665,13.333333333333334,1.3333333333333333,2.0,0.0,3.2,15.4,1.0,3.0,0.0,3.8,13.4,2.1,4.0,0.0,7.0,7.0,6.8,10.279069767441861,7.0,2,5.0,-1.0000000000000009,1.4678899082568806,1.0,3.0,5.0,5.0,4.8,54.0,1.0,3.0,5.666666666666667,6.391752577319588,-0.020833333333333332,6.221067785932181,1.2883056860078919,30.0,2.0,13.0,1,48,48,8.0,3.0,436.0
2025,Bahrain Grand Prix,4,63,RUS,George Russell,Mercedes,2.0,3,15.0,Finished,2025-02-12,-1.0,3.6666666666666665,13.333333333333334,1.3333333333333333,2.0,0.0,4.0,12.4,1.0,2.0,0.0,4.0,12.9,1.8,3.0,0.0,6.0,5.0,7.0,10.720930232558139,5.0,2,5.0,0.9999999999999996,1.4648729446935727,0.0,2.0,5.0,5.0,5.714285714285714,64.0,1.0,3.0,7.333333333333333,6.424242424242424,-0.02040816326530612,6.155924639180154,1.2790205359533091,40.0,4.0,21.0,0,49,49,8.0,3.0,446.0
2025,Saudi Arabian Grand Prix,5,63,RUS,George Russell,Mercedes,4.0,5,10.0,Finished,2025-02-26,-1.0,3.6666666666666665,13.333333333333334,-0.3333333333333333,2.0,0.0,3.8,13.0,0.6,3.0,0.0,3.9,13.2,1.7,4.0,0.0,5.0,4.0,6.0,10.86046511627907,4.0,2,4.0,2.0725840364979978e-16,1.4461315979754157,0.0,3.0,5.0,5.0,5.444444444444445,87.0,1.0,3.0,6.666666666666667,6.3861386138613865,-0.04,6.094360055805361,1.2734401252342429,55.0,4.0,24.0,0,50,50,9.0,3.0,461.0
2025,Miami Grand Prix,6,63,RUS,George Russell,Mercedes,5.0,3,15.0,Finished,2025-03-12,2.0,4.333333333333333,11.666666666666666,-0.6666666666666666,1.0,0.0,3.8,13.0,0.4,3.0,0.0,3.8,13.4,0.3,4.0,0.0,6.0,4.0,6.0,10.813953488372093,4.0,2,4.0,-1.6646916451736052e-16,1.2632696390658174,0.0,3.0,5.0,5.0,5.454545454545454,105.0,1.0,3.0,5.666666666666667,6.368932038834951,-0.058823529411764705,6.034606083932513,1.2680785541512185,65.0,4.0,27.0,0,51,51,9.0,3.0,471.0
2025,Emilia Romagna Grand Prix,7,63,RUS,George Russell,Mercedes,3.0,7,6.0,Finished,2025-03-26,-4.0,3.6666666666666665,13.333333333333334,0.0,2.0,0.0,3.8,13.0,0.0,3.0,0.0,3.6,13.9,0.2,5.0,0.0,7.0,7.0,10.666666666666666,11.0,7.0,1,6.0,2.0725840364979978e-16,1.4266117969821672,0.0,3.0,5.0,5.0,6.3076923076923075,120.0,1.0,3.0,9.333333333333334,6.457142857142857,-0.019230769230769232,5.981967623749205,1.2533078127252335,80.0,4.0,37.0,0,52,52,10.0,3.0,486.0
2025,Monaco Grand Prix,8,63,RUS,George Russell,Mercedes,13.0,11,0.0,Finished,2025-04-09,2.0,5.0,10.333333333333334,-1.0,1.0,0.0,4.6,11.2,-0.8,2.0,0.0,3.9,13.3,0.1,5.0,0.0,5.0,5.0,7.8,10.348837209302326,5.0,2,4.0,0.999999999999999,1.1131436314363143,0.0,2.0,5.0,5.0,7.133333333333334,126.0,1.0,3.0,14.666666666666666,6.570093457943925,-0.09433962264150944,5.9493508079692585,1.262679363428531,86.0,4.0,46.0,0,53,53,10.0,3.0,492.0
2025,Spanish Grand Prix,9,63,RUS,George Russell,Mercedes,6.0,4,12.0,Finished,2025-04-23,2.0,7.0,7.0,0.0,1.0,0.0,5.8,9.2,-0.4,2.0,0.0,4.9,10.8,0.3,4.0,0.0,3.5,3.0,6.0,9.80952380952381,3.0,2,2.0,3.999999999999999,0.7682926829268293,0.0,2.0,4.0,5.0,8.0,126.0,1.0,3.0,15.666666666666666,6.715596330275229,-0.05555555555555555,5.899845430231959,1.2538466768041931,86.0,4.0,66.0,0,54,54,10.0,3.0,492.0
2025,Canadian Grand Prix,10,63,RUS,George Russell,Mercedes,1.0,1,25.0,Finished,2025-05-07,0.0,7.333333333333333,6.0,0.0,0.0,0.0,6.0,8.6,0.2,1.0,0.0,4.9,10.8,0.4,4.0,0.0,11.0,3.0,6.4,10.186046511627907,3.0,2,3.0,-1.4999999999999996,0.6547619047619048,0.0,1.0,4.0,5.0,7.526315789473684,153.0,1.0,3.0,8.333333333333334,6.657657657657658,-0.01818181818181818,5.851530059771037,1.2414390748882729,98.0,5.0,74.0,0,55,55,10.0,3.0,504.0
2025,Austrian Grand Prix,11,63,RUS,George Russell,Mercedes,8.0,5,10.0,Finished,2025-05-21,3.0,5.333333333333333,12.333333333333334,1.3333333333333333,1.0,0.0,5.2,11.6,0.4,2.0,0.0,4.5,12.3,0.4,5.0,0.0,4.5,1.0,7.6,10.186046511627907,1.0,2,1.0,-4.999999999999999,1.3056080655324513,1.0,2.0,4.0,5.0,7.714285714285714,178.0,1.0,1.0,7.333333333333333,6.707964601769912,-0.017857142857142856,5.798090818783123,1.228199091408125,123.0,4.0,61.0,0,56,56,11.0,4.0,529.0
2025,British Grand Prix,12,63,RUS,George Russell,Mercedes,16.0,10,1.0,Finished,2025-06-04,6.0,3.3333333333333335,15.666666666666666,1.6666666666666667,1.0,0.0,5.6,10.6,0.6,1.0,0.0,4.7,11.8,0.3,4.0,0.0,12.0,5.0,8.8,10.55813953488372,5.0,2,1.0,0.499999999999999,1.6567717996289424,1.0,1.0,4.0,5.0,7.956521739130435,188.0,1.0,1.0,13.0,6.773913043478261,0.03508771929824561,5.759975546453244,1.2163983276212378,133.0,4.0,69.0,0,57,57,11.0,4.0,539.0
2025,Belgian Grand Prix,13,63,RUS,George Russell,Mercedes,6.0,5,10.0,Finished,2025-06-18,1.0,5.333333333333333,12.0,3.0,1.0,0.0,6.2,9.6,2.6,1.0,0.0,5.4,10.4,0.9,3.0,0.0,3.5,1.0,5.8,10.465116279069768,1.0,2,1.0,4.499999999999999,1.288888888888889,1.0,1.0,4.0,5.0,8.36,189.0,1.0,1.0,14.0,6.880341880341881,0.13793103448275862,5.762700012473043,1.2055679304918654,134.0,4.0,86.0,0,58,58,11.0,4.0,540.0
2025,Hungarian Grand Prix,14,63,RUS,George Russell,Mercedes,3.0,3,15.0,Finished,2025-07-02,0.0,6.666666666666667,7.0,3.3333333333333335,0.0,0.0,5.0,11.6,2.4,1.0,0.0,5.4,10.4,1.0,3.0,0.0,7.5,7.0,6.4,10.581395348837209,7.0,2,3.0,1.0691110529528958e-15,0.7509090909090909,1.0,1.0,5.0,5.0,8.296296296296296,200.0,1.0,1.0,10.333333333333334,6.890756302521009,0.15254237288135594,5.713907894330966,1.1972411132680325,144.0,4.0,101.0,0,59,59,11.0,4.0,550.0
2025,Dutch Grand Prix,15,63,RUS,George Russell,Mercedes,6.0,4,12.0,Finished,2025-07-16,2.0,6.0,8.666666666666666,2.3333333333333335,1.0,0.0,4.8,12.2,2.0,2.0,0.0,5.4,10.4,1.1,3.0,0.0,12.0,7.0,8.8,11.13953488372093,7.0,2,6.0,-3.5000000000000018,0.9203539823008849,1.0,2.0,5.0,5.0,8.03448275862069,223.0,1.0,1.0,6.333333333333333,6.851239669421488,0.15,5.6653122342783915,1.1897870947135654,159.0,4.0,104.0,0,60,60,12.0,4.0,565.0
2025,Italian Grand Prix,16,63,RUS,George Russell,Mercedes,6.0,5,10.0,Finished,2025-07-30,1.0,4.0,12.333333333333334,1.0,1.0,0.0,5.4,9.6,2.4,1.0,0.0,5.3,10.6,1.4,3.0,0.0,6.0,5.0,6.2,11.093023255813954,5.0,2,5.0,-0.4999999999999998,1.3038705950317737,0.0,1.0,5.0,5.0,7.903225806451613,239.0,1.0,1.0,6.0,6.837398373983739,0.18032786885245902,5.622894262807224,1.17965006974168,171.0,4.0,117.0,0,61,61,12.0,4.0,577.0
2025,Azerbaijan Grand Prix,17,63,RUS,George Russell,Mercedes,6.0,2,18.0,Finished,2025-08-13,4.0,4.0,12.333333333333334,1.0,1.0,0.0,5.4,9.6,2.0,1.0,0.0,5.5,10.1,1.3,2.0,0.0,5.5,3.0,6.0,11.465116279069768,3.0,2,3.0,1.0,1.3026689381033505,0.0,1.0,5.0,5.0,7.696969696969697,261.0,1.0,1.0,5.666666666666667,6.8,0.1935483870967742,5.577586027222075,1.1721441930407774,181.0,4.0,122.0,0,62,62,12.0,4.0,587.0
2025,Singapore Grand Prix,18,63,RUS,George Russell,Mercedes,1.0,1,25.0,Finished,2025-08-27,0.0,3.6666666666666665,13.333333333333334,2.3333333333333335,1.0,0.0,3.8,13.0,1.6,2.0,0.0,5.0,11.3,2.1,3.0,0.0,6.0,4.0,5.2,10.261904761904763,4.0,2,3.0,-0.9999999999999996,1.3884297520661157,0.0,2.0,5.0,5.0,7.457142857142857,289.0,1.0,1.0,3.6666666666666665,6.748031496062992,0.25396825396825395,5.553168970225845,1.158073877051468,199.0,4.0,104.0,0,63,63,13.0,4.0,605.0
2025,United States Grand Prix,19,63,RUS,George Russell,Mercedes,6.0,6,8.0,Finished,2025-09-10,0.0,2.6666666666666665,17.666666666666668,1.6666666666666667,2.0,0.0,3.0,16.0,1.4,3.0,0.0,4.0,13.8,1.9,4.0,0.0,6.5,6.0,9.6,10.837209302325581,6.0,2,2.0,-2.0,1.794708994708995,1.0,3.0,5.0,5.0,7.4324324324324325,314.0,1.0,1.0,6.333333333333333,6.751937984496124,0.25,5.509011376754123,1.147791472722539,224.0,4.0,91.0,0,64,64,14.0,5.0,630.0
2025,Mexico City Grand Prix,20,63,RUS,George Russell,Mercedes,5.0,7,6.0,Finished,2025-09-24,-2.0,3.0,17.0,1.3333333333333333,2.0,0.0,3.6,14.6,1.4,2.0,0.0,4.2,13.4,1.7,4.0,0.0,5.5,5.0,4.6,9.651162790697674,5.0,2,2.0,1.9999999999999991,1.731974921630094,1.0,2.0,5.0,5.0,7.358974358974359,330.0,1.0,1.0,8.333333333333334,6.740458015267175,0.24615384615384617,5.465890736052226,1.1433199555597746,232.0,4.0,93.0,0,65,65,14.0,5.0,638.0
2025,São Paulo Grand Prix,21,63,RUS,George Russell,Mercedes,8.0,4,12.0,Finished,2025-10-08,4.0,4.666666666666667,13.0,-0.6666666666666666,1.0,0.0,4.2,13.4,0.6,2.0,0.0,4.8,11.5,1.5,3.0,0.0,9.5,4.0,7.8,10.86046511627907,4.0,2,2.0,3.0,1.3322981366459627,1.0,2.0,5.0,5.0,7.219512195121951,354.0,1.0,1.0,5.0,6.706766917293233,0.21212121212121213,5.430724987768567,1.1436736936068486,238.0,4.0,107.0,0,66,66,14.0,5.0,644.0
2025,Las Vegas Grand Prix,22,63,RUS,George Russell,Mercedes,3.0,3,15.0,Finished,2025-10-22,0.0,5.666666666666667,8.666666666666666,0.6666666666666666,0.0,0.0,4.0,13.8,1.2,2.0,0.0,4.7,11.7,1.6,3.0,0.0,2.5,1.0,3.8,10.651162790697674,1.0,2,1.0,-0.9999999999999994,0.8851626016260162,1.0,2.0,5.0,5.0,7.069767441860465,378.0,1.0,1.0,3.3333333333333335,6.666666666666667,0.26865671641791045,5.409257187430158,1.1332374361566635,250.0,4.0,120.0,0,67,67,14.0,5.0,656.0
2025,Qatar Grand Prix,23,63,RUS,George Russell,Mercedes,7.0,6,8.0,Finished,2025-11-05,1.0,4.666666666666667,11.0,0.6666666666666666,1.0,0.0,4.2,13.2,0.4,2.0,0.0,4.0,13.1,1.0,4.0,0.0,4.0,4.0,8.8,10.238095238095237,4.0,2,4.0,-2.0000000000000004,1.1147540983606559,1.0,2.0,5.0,5.0,6.933333333333334,403.0,1.0,1.0,4.0,6.627737226277373,0.2647058823529412,5.368836687299239,1.1276015915073008,265.0,4.0,123.0,0,68,68,15.0,5.0,671.0
2025,Abu Dhabi Grand Prix,24,63,RUS,George Russell,Mercedes,6.0,5,10.0,Finished,2025-11-19,1.0,4.333333333333333,11.666666666666666,1.6666666666666667,1.0,0.0,5.2,9.8,0.6,1.0,0.0,4.1,12.9,1.0,4.0,0.0,4.5,4.0,7.4,9.930232558139535,4.0,2,4.0,0.9999999999999996,1.1855670103092784,0.0,1.0,5.0,5.0,7.085106382978723,411.0,1.0,1.0,8.666666666666666,6.683453237410072,0.2753623188405797,5.329948840862013,1.1221291046738615,273.0,4.0,127.0,0,69,69,15.0,5.0,679.0
2023,Bahrain Grand Prix,1,55,SAI,Carlos Sainz,Ferrari,4.0,4,12.0,Finished,2023-01-01,0.0,11.333333333333334,2.0,0.3333333333333333,0.0,0.0,11.4,2.2,0.2,0.0,0.0,11.5,2.0,0.1,0.0,0.0,10.0,8.0,19.0,12.588235294117647,8.0,0,19.0,-5.909437655256903e-17,0.864957264957265,0.0,0.0,2.0,5.0,19.0,0.0,1.0,19.0,19.0,19.0,0.0,0.0,1.013313220561811,0.0,1.0,0.0,1,0,0,0.0,0.0,0.0
2023,Saudi Arabian Grand Prix,2,55,SAI,Carlos Sainz,Ferrari,5.0,6,8.0,Finished,2023-01-15,-1.0,4.0,12.0,0.0,0.0,0.0,4.0,12.0,0.0,0.0,0.0,4.0,12.0,0.0,0.0,0.0,10.0,8.0,7.0,13.176470588235293,8.0,0,7.0,-5.909437655256903e-17,1.0,0.0,0.0,1.0,1.0,10.0,18.0,1.0,4.0,10.0,10.0,0.0,0.0,0.8,12.0,4.0,13.0,0,1,1,0.0,0.0,12.0
2023,Australian Grand Prix,3,55,SAI,Carlos Sainz,Ferrari,5.0,4,12.0,Finished,2023-01-29,1.0,5.0,10.0,-0.5,0.0,0.0,5.0,10.0,-0.5,0.0,0.0,5.0,10.0,-0.5,0.0,0.0,10.0,8.0,20.0,11.705882352941176,8.0,0,20.0,1.999999999999999,1.0,0.0,0.0,2.0,2.0,11.2,26.0,1.0,4.0,11.0,11.2,-0.5,0.7071067811865476,0.9,20.0,4.0,23.0,0,2,2,0.0,0.0,20.0
2023,Azerbaijan Grand Prix,4,55,SAI,Carlos Sainz,Ferrari,4.0,5,10.0,Finished,2023-02-12,-1.0,4.666666666666667,10.666666666666666,0.0,0.0,0.0,4.666666666666667,10.666666666666666,0.0,0.0,0.0,4.666666666666667,10.666666666666666,0.0,0.0,0.0,10.0,8.0,3.0,13.705882352941176,8.0,0,3.0,-9.65608228244449e-17,1.0,0.0,0.0,3.0,3.0,9.0,53.0,1.0,3.0,9.0,9.0,0.0,1.0,0.8222222222222223,32.0,5.0,36.0,0,3,3,0.0,0.0,32.0
2023,Miami Grand Prix,5,55,SAI,Carlos Sainz,Ferrari,3.0,5,10.0,Finished,2023-02-26,-2.0,5.0,10.0,-0.3333333333333333,0.0,0.0,4.75,10.5,-0.25,0.0,0.0,4.75,10.5,-0.25,0.0,0.0,10.0,8.0,7.0,12.058823529411764,8.0,0,7.0,-0.5000000000000003,0.9523809523809523,0.0,0.0,4.0,4.0,8.333333333333334,69.0,1.0,3.0,5.0,8.333333333333334,-0.25,0.9574271077563381,0.8666666666666667,42.0,5.0,44.0,0,4,4,0.0,0.0,42.0
2023,Monaco Grand Prix,6,55,SAI,Carlos Sainz,Ferrari,4.0,8,4.0,Finished,2023-03-12,-4.0,4.666666666666667,10.666666666666666,-0.6666666666666666,0.0,0.0,4.8,10.4,-0.6,0.0,0.0,4.8,10.4,-0.6,0.0,0.0,10.0,8.0,6.0,12.352941176470589,8.0,0,6.0,0.5000000000000003,1.0256410256410255,0.0,0.0,5.0,5.0,7.818181818181818,87.0,1.0,3.0,6.0,7.818181818181818,-0.6,1.1401754250991378,0.9433333333333334,52.0,5.0,59.0,0,5,5,0.0,0.0,52.0
2023,Spanish Grand Prix,7,55,SAI,Carlos Sainz,Ferrari,2.0,5,10.0,Finished,2023-03-26,-3.0,6.0,8.0,-2.3333333333333335,0.0,0.0,5.6,8.8,-1.4,0.0,0.0,5.333333333333333,9.333333333333334,-1.1666666666666667,0.0,0.0,10.0,8.0,12.0,11.0,8.0,0,12.0,1.5,0.8571428571428571,0.0,0.0,5.0,5.0,8.153846153846153,91.0,1.0,3.0,8.666666666666666,8.153846153846153,-1.1666666666666667,1.7224014243685084,1.0527777777777778,56.0,5.0,80.0,0,6,6,0.0,0.0,56.0
2023,Canadian Grand Prix,8,55,SAI,Carlos Sainz,Ferrari,11.0,5,10.0,Finished,2023-04-09,6.0,6.0,8.0,-3.0,0.0,0.0,5.4,9.2,-1.8,0.0,0.0,5.285714285714286,9.428571428571429,-1.4285714285714286,0.0,0.0,10.0,8.0,4.0,10.588235294117647,8.0,0,4.0,2.9941133098064534e-16,0.8484848484848485,0.0,0.0,5.0,5.0,7.666666666666667,113.0,1.0,3.0,7.0,7.666666666666667,-1.4285714285714286,1.7182493859684491,1.1404761904761904,66.0,5.0,95.0,0,7,7,0.0,0.0,66.0
2023,Austrian Grand Prix,9,55,SAI,Carlos Sainz,Ferrari,3.0,4,12.0,Finished,2023-04-23,-1.0,6.0,8.0,-0.3333333333333333,0.0,0.0,5.6,8.8,-0.8,0.0,0.0,5.25,9.5,-0.5,0.0,0.0,10.0,8.0,2.0,11.941176470588236,8.0,0,2.0,-1.5000000000000002,0.8421052631578947,0.0,0.0,5.0,5.0,7.176470588235294,141.0,1.0,2.0,3.6666666666666665,7.176470588235294,-0.5,3.070597894314954,1.05,76.0,5.0,110.0,0,8,8,0.0,0.0,76.0
2023,British Grand Prix,10,55,SAI,Carlos Sainz,Ferrari,6.0,10,1.0,Finished,2023-05-07,-4.0,4.666666666666667,10.666666666666666,0.6666666666666666,0.0,0.0,5.4,9.2,-0.8,0.0,0.0,5.111111111111111,9.777777777777779,-0.5555555555555556,0.0,0.0,10.0,8.0,9.0,12.823529411764707,8.0,0,9.0,-0.5,1.0909090909090908,0.0,0.0,5.0,5.0,7.105263157894737,155.0,1.0,2.0,5.0,7.105263157894737,-0.5555555555555556,2.8771127502720115,1.0444444444444445,88.0,5.0,123.0,0,9,9,0.0,0.0,88.0
2023,Hungarian Grand Prix,11,55,SAI,Carlos Sainz,Ferrari,6.0,8,4.0,Finished,2023-05-21,-2.0,6.333333333333333,7.666666666666667,0.3333333333333333,0.0,0.0,6.4,7.4,-1.2,0.0,0.0,5.6,8.9,-0.9,0.0,0.0,10.0,8.0,6.0,13.352941176470589,8.0,0,6.0,2.4999999999999982,0.8614232209737828,0.0,0.0,5.0,5.0,7.190476190476191,164.0,1.0,2.0,8.333333333333334,7.190476190476191,-0.9,2.923088169119167,1.082857142857143,89.0,5.0,147.0,0,10,10,0.0,0.0,89.0
2023,Belgian Grand Prix,12,55,SAI,Carlos Sainz,Ferrari,6.0,19,0.0,Finished,2023-06-04,-13.0,7.333333333333333,5.666666666666667,-2.3333333333333335,0.0,0.0,6.4,7.4,-0.8,0.0,0.0,6.0,8.1,-1.1,0.0,0.0,10.0,8.0,3.0,11.294117647058824,8.0,0,3.0,2.0,0.6702508960573477,0.0,0.0,5.0,5.0,7.043478260869565,183.0,1.0,2.0,5.666666666666667,7.043478260869565,-1.0,2.792848008753788,1.0883116883116883,93.0,5.0,168.0,0,11,11,0.0,0.0,93.0
2023,Dutch Grand Prix,13,55,SAI,Carlos Sainz,Ferrari,6.0,5,10.0,Finished,2023-06-18,1.0,12.333333333333334,1.6666666666666667,-6.333333333333333,0.0,0.0,9.2,5.4,-2.8,0.0,0.0,7.3,7.3,-2.3,0.0,0.0,10.0,8.0,19.0,11.705882352941176,8.0,0,19.0,4.499999999999998,0.21505376344086022,0.0,0.0,4.0,5.0,8.0,183.0,1.0,2.0,13.666666666666666,8.0,-2.0,4.369314487526514,1.223809523809524,93.0,5.0,193.0,0,12,12,0.0,0.0,93.0
2023,Italian Grand Prix,14,55,SAI,Carlos Sainz,Ferrari,1.0,3,15.0,Finished,2023-07-02,-2.0,10.666666666666666,4.666666666666667,-4.666666666666667,0.0,0.0,9.2,5.4,-3.8,0.0,0.0,7.4,7.1,-2.3,0.0,0.0,10.0,8.0,4.0,14.588235294117647,8.0,0,4.0,-1.4999999999999971,0.5889967637540453,0.0,0.0,4.0,5.0,7.7407407407407405,205.0,1.0,2.0,9.333333333333334,7.7407407407407405,-1.7692307692307692,4.265244153891743,1.1846153846153846,103.0,5.0,208.0,0,13,13,0.0,0.0,103.0
2023,Singapore Grand Prix,15,55,SAI,Carlos Sainz,Ferrari,1.0,1,25.0,Finished,2023-07-16,0.0,9.0,8.333333333333334,-4.666666666666667,1.0,0.0,9.0,6.0,-4.0,1.0,0.0,7.2,7.6,-2.4,1.0,0.0,10.0,8.0,4.0,13.1875,8.0,0,4.0,-7.999999999999998,0.9887005649717514,0.0,1.0,4.0,5.0,7.448275862068965,232.0,1.0,2.0,3.6666666666666665,7.448275862068965,-1.7857142857142858,4.098378130029402,1.207142857142857,118.0,5.0,218.0,0,14,14,1.0,0.0,118.0
2023,Japanese Grand Prix,16,55,SAI,Carlos Sainz,Ferrari,5.0,6,8.0,Finished,2023-07-30,-1.0,3.0,16.666666666666668,-0.3333333333333333,2.0,0.0,7.2,10.8,-3.2,2.0,0.0,6.8,9.1,-2.2,2.0,0.0,10.0,8.0,4.0,12.529411764705882,8.0,0,4.0,-1.9999999999999996,1.7482517482517483,1.0,2.0,4.0,5.0,7.129032258064516,269.0,1.0,1.0,3.0,7.129032258064516,-1.6666666666666667,3.9761191895520196,1.16,143.0,5.0,203.0,0,15,15,2.0,1.0,143.0
2023,United States Grand Prix,18,55,SAI,Carlos Sainz,Ferrari,3.0,4,12.0,Finished,2023-08-27,-1.0,3.3333333333333335,16.0,-1.0,2.0,0.0,6.8,11.6,-3.0,2.0,0.0,6.6,9.5,-1.9,2.0,0.0,10.0,8.0,6.0,13.705882352941176,8.0,0,6.0,1.4999999999999991,1.695364238410596,1.0,2.0,4.0,5.0,7.0,295.0,1.0,1.0,5.666666666666667,7.0,-1.625,3.8449100552982163,1.15,151.0,5.0,245.0,0,16,16,2.0,1.0,151.0
2023,Mexico City Grand Prix,19,55,SAI,Carlos Sainz,Ferrari,3.0,4,12.0,Finished,2023-09-10,-1.0,3.6666666666666665,15.0,-0.6666666666666666,1.0,0.0,3.8,14.0,-0.6,2.0,0.0,6.5,9.7,-1.7,2.0,0.0,10.0,8.0,3.0,13.235294117647058,8.0,0,3.0,1.5000000000000004,1.5644171779141105,1.0,2.0,5.0,5.0,6.805555555555555,322.0,1.0,1.0,4.333333333333333,6.805555555555555,-1.588235294117647,3.7259029699089683,1.1411764705882352,163.0,5.0,258.0,0,17,17,2.0,1.0,163.0
2023,São Paulo Grand Prix,20,55,SAI,Carlos Sainz,Ferrari,11.0,6,8.0,Finished,2023-09-24,5.0,4.666666666666667,10.666666666666666,-1.0,0.0,0.0,3.6,14.4,-1.0,2.0,0.0,6.4,9.9,-2.4,2.0,0.0,10.0,8.0,19.0,11.294117647058824,8.0,0,19.0,-1.0,1.0971428571428572,1.0,2.0,5.0,5.0,7.052631578947368,334.0,1.0,1.0,8.666666666666666,7.052631578947368,-1.5555555555555556,3.6173149324134664,1.1333333333333333,175.0,4.0,271.0,0,18,18,2.0,1.0,175.0
2023,Las Vegas Grand Prix,21,55,SAI,Carlos Sainz,Ferrari,18.0,7,6.0,Finished,2023-10-08,11.0,4.666666666666667,10.666666666666666,1.0,0.0,0.0,4.2,13.0,0.4,1.0,0.0,6.6,9.5,-1.8,2.0,0.0,10.0,8.0,2.0,13.235294117647058,8.0,0,2.0,1.0,1.1074681238615665,1.0,1.0,5.0,5.0,6.9,360.0,1.0,1.0,9.0,6.9,-1.2105263157894737,3.823595564509363,1.0999999999999999,183.0,5.0,288.0,0,19,19,2.0,1.0,183.0
2023,Abu Dhabi Grand Prix,22,55,SAI,Carlos Sainz,Ferrari,14.0,18,0.0,Finished,2023-10-22,-4.0,5.666666666666667,8.666666666666666,5.0,0.0,0.0,5.4,9.2,2.6,0.0,0.0,6.3,10.0,-0.3,2.0,0.0,10.0,8.0,3.0,11.588235294117647,8.0,0,3.0,1.4999999999999998,0.9171075837742505,0.0,0.0,5.0,5.0,6.809523809523809,381.0,1.0,1.0,4.0,6.809523809523809,-0.6,4.615762467663901,1.063421052631579,189.0,4.0,307.0,0,20,20,2.0,1.0,189.0
2024,Bahrain Grand Prix,1,55,SAI,Carlos Sainz,Ferrari,5.0,3,15.0,Finished,2024-01-01,2.0,10.333333333333334,4.666666666666667,4.0,0.0,0.0,7.8,7.6,2.0,0.0,0.0,7.3,9.6,-0.5,2.0,0.0,4.0,4.0,9.0,11.68421052631579,4.0,1,4.0,5.999999999999998,0.5185185185185186,0.0,0.0,4.0,5.0,4.0,12.0,1.0,4.0,8.333333333333334,7.0,-0.7619047619047619,4.559657464160678,1.0699248120300753,0.0,1.0,0.0,1,21,21,2.0,1.0,189.0
2024,Australian Grand Prix,3,55,SAI,Carlos Sainz,Ferrari,2.0,1,25.0,Finished,2024-01-29,1.0,9.333333333333334,7.0,3.0,1.0,0.0,7.6,8.2,2.6,1.0,0.0,5.7,11.1,1.0,3.0,0.0,4.0,4.0,8.666666666666666,10.789473684210526,4.0,1,2.0,-1.9999999999999984,0.7549019607843137,0.0,1.0,4.0,5.0,3.8,66.0,1.0,2.0,4.0,6.729166666666667,-0.6363636363636364,4.488561701390117,1.044019138755981,15.0,6.0,35.0,0,22,22,3.0,1.0,204.0
2024,Japanese Grand Prix,4,55,SAI,Carlos Sainz,Ferrari,6.0,3,15.0,Finished,2024-02-12,3.0,7.333333333333333,13.333333333333334,-0.3333333333333333,2.0,0.0,7.0,10.8,3.0,2.0,0.0,5.3,12.6,1.0,4.0,0.0,6.0,6.0,4.666666666666667,11.736842105263158,6.0,1,4.0,-8.5,1.3391557496360988,1.0,2.0,4.0,5.0,3.4285714285714284,103.0,1.0,1.0,2.3333333333333335,6.56,-0.5652173913043478,4.3986163832455905,1.013119755911518,40.0,4.0,10.0,0,23,23,4.0,2.0,229.0
2024,Chinese Grand Prix,5,55,SAI,Carlos Sainz,Ferrari,9.0,5,10.0,Finished,2024-02-26,4.0,2.3333333333333335,18.333333333333332,2.0,3.0,0.0,6.4,12.2,2.6,3.0,0.0,5.3,12.6,1.5,4.0,0.0,10.0,8.0,4.0,12.0,8.0,0,4.0,-3.0505253718871823e-16,1.8032786885245902,1.0,3.0,4.0,5.0,3.4444444444444446,130.0,1.0,1.0,3.6666666666666665,6.4423076923076925,-0.4166666666666667,4.363053046211789,0.988763575605681,55.0,4.0,20.0,0,24,24,5.0,2.0,244.0
2024,Miami Grand Prix,6,55,SAI,Carlos Sainz,Ferrari,4.0,4,12.0,Finished,2024-03-11,0.0,3.0,16.666666666666668,2.6666666666666665,2.0,0.0,6.0,13.0,1.2,3.0,0.0,5.7,11.1,1.9,3.0,0.0,5.0,5.0,5.0,11.210526315789474,5.0,1,3.0,1.9999999999999996,1.6404199475065617,1.0,3.0,4.0,5.0,3.5454545454545454,155.0,1.0,1.0,4.0,6.351851851851852,-0.24,4.3615746392023755,0.9692130325814537,65.0,4.0,35.0,0,25,25,5.0,2.0,254.0
2024,Emilia Romagna Grand Prix,7,55,SAI,Carlos Sainz,Ferrari,4.0,5,10.0,Finished,2024-03-25,-1.0,4.0,12.333333333333334,2.3333333333333335,1.0,0.0,3.2,15.4,2.0,3.0,0.0,5.5,11.5,2.0,3.0,0.0,10.0,8.0,3.0,12.88888888888889,8.0,0,3.0,0.5000000000000004,1.205513784461153,1.0,3.0,5.0,5.0,3.5384615384615383,182.0,1.0,1.0,3.3333333333333335,6.25,-0.23076923076923078,4.273712131697149,0.9627048390206284,77.0,5.0,41.0,0,26,26,5.0,2.0,266.0
2024,Monaco Grand Prix,8,55,SAI,Carlos Sainz,Ferrari,7.0,3,15.0,Finished,2024-04-08,4.0,4.666666666666667,10.666666666666666,1.0,0.0,0.0,3.6,14.4,1.4,2.0,0.0,5.6,11.3,2.0,3.0,0.0,8.0,8.0,5.0,11.526315789473685,8.0,1,1.0,-4.937662873440086e-16,1.0434782608695652,1.0,2.0,5.0,5.0,3.466666666666667,217.0,1.0,1.0,3.0,6.137931034482759,-0.25925925925925924,4.19333346921582,0.9640861412791237,87.0,5.0,56.0,0,27,27,5.0,2.0,276.0
2024,Canadian Grand Prix,9,55,SAI,Carlos Sainz,Ferrari,14.0,16,0.0,Finished,2024-04-22,-2.0,4.0,12.333333333333334,1.0,1.0,0.0,4.0,12.4,2.0,2.0,0.0,5.5,11.6,2.5,4.0,0.0,5.0,5.0,9.333333333333334,10.736842105263158,5.0,1,4.0,-0.4999999999999997,1.186712485681558,0.0,2.0,5.0,5.0,4.352941176470588,232.0,1.0,1.0,7.666666666666667,6.3,-0.10714285714285714,4.192933082066518,0.943047350519155,102.0,4.0,49.0,0,28,28,6.0,2.0,291.0
2024,Spanish Grand Prix,10,55,SAI,Carlos Sainz,Ferrari,6.0,6,8.0,Finished,2024-05-06,0.0,8.0,8.333333333333334,0.3333333333333333,1.0,0.0,6.6,9.4,1.0,1.0,0.0,6.5,10.8,1.8,4.0,0.0,5.0,5.0,7.333333333333333,10.333333333333334,5.0,1,5.0,5.499999999999999,0.8304696449026346,0.0,1.0,4.0,5.0,5.0,242.0,1.0,1.0,13.333333333333334,6.435483870967742,-0.1724137931034483,4.132354616898573,0.9473100855587243,102.0,4.0,74.0,0,29,29,6.0,2.0,291.0
2024,Austrian Grand Prix,11,55,SAI,Carlos Sainz,Ferrari,5.0,3,15.0,Finished,2024-05-20,2.0,8.333333333333334,7.666666666666667,0.6666666666666666,1.0,0.0,6.8,9.0,0.2,1.0,0.0,6.4,11.0,0.7,4.0,0.0,4.0,4.0,5.666666666666667,11.473684210526315,4.0,1,2.0,1.500000000000002,0.7692307692307693,0.0,1.0,4.0,5.0,5.333333333333333,250.0,1.0,1.0,7.333333333333333,6.5,-0.16666666666666666,4.0606041111054445,0.9443045112781955,110.0,4.0,91.0,0,30,30,6.0,2.0,299.0
2024,British Grand Prix,12,55,SAI,Carlos Sainz,Ferrari,7.0,5,10.0,Finished,2024-06-03,2.0,8.333333333333334,7.666666666666667,0.0,1.0,0.0,6.6,9.6,0.6,2.0,0.0,4.9,12.5,1.3,5.0,0.0,10.0,10.0,11.0,12.736842105263158,10.0,1,9.0,-6.500000000000002,0.7569002123142251,0.0,2.0,4.0,5.0,5.608695652173913,265.0,1.0,1.0,9.333333333333334,6.5606060606060606,-0.0967741935483871,4.011274433474374,0.9299721076885763,125.0,4.0,86.0,0,31,31,7.0,2.0,314.0
2024,Hungarian Grand Prix,13,55,SAI,Carlos Sainz,Ferrari,7.0,6,8.0,Finished,2024-06-17,1.0,4.666666666666667,11.0,1.3333333333333333,1.0,0.0,6.6,9.6,1.2,2.0,0.0,5.1,12.0,1.3,4.0,0.0,8.0,8.0,6.0,12.578947368421053,8.0,1,4.0,-0.5000000000000001,1.0864197530864197,0.0,2.0,4.0,5.0,5.52,287.0,1.0,1.0,7.666666666666667,6.5,-0.03125,3.9634163741447495,0.9204417293233083,135.0,3.0,94.0,1,32,32,7.0,2.0,324.0
2024,Belgian Grand Prix,14,55,SAI,Carlos Sainz,Ferrari,6.0,7,6.0,Finished,2024-07-01,-1.0,4.666666666666667,11.0,1.6666666666666667,1.0,0.0,7.2,8.2,0.6,1.0,0.0,5.6,10.3,1.3,3.0,0.0,19.0,19.0,8.666666666666666,11.31578947368421,19.0,1,3.0,1.4999999999999998,1.0933734939759037,0.0,1.0,4.0,5.0,5.481481481481482,307.0,1.0,1.0,4.666666666666667,6.457142857142857,0.0,3.9051248379533274,0.9152768284347231,143.0,4.0,96.0,0,33,33,7.0,2.0,332.0
2024,Dutch Grand Prix,15,55,SAI,Carlos Sainz,Ferrari,9.0,5,10.0,Finished,2024-07-15,4.0,6.0,8.0,0.6666666666666666,0.0,0.0,5.4,9.4,0.8,1.0,0.0,6.0,9.4,0.9,2.0,0.0,5.0,5.0,9.0,10.894736842105264,5.0,1,3.0,0.9999999999999996,0.8047337278106509,0.0,1.0,5.0,5.0,5.448275862068965,328.0,1.0,1.0,4.666666666666667,6.416666666666667,-0.029411764705882353,3.849323388932745,0.9177686864219372,149.0,5.0,100.0,0,34,34,7.0,2.0,338.0
2024,Italian Grand Prix,16,55,SAI,Carlos Sainz,Ferrari,4.0,4,12.0,Finished,2024-07-29,0.0,6.0,8.0,1.3333333333333333,0.0,0.0,5.2,9.8,1.6,1.0,0.0,6.0,9.4,0.9,2.0,0.0,3.0,3.0,2.6666666666666665,13.263157894736842,3.0,1,1.0,-0.4999999999999996,0.8045977011494253,0.0,1.0,5.0,5.0,5.290322580645161,363.0,1.0,1.0,3.0,6.324324324324325,0.08571428571428572,3.85297004287089,0.9058324382384533,159.0,5.0,108.0,0,35,35,7.0,2.0,348.0
2024,Azerbaijan Grand Prix,17,55,SAI,Carlos Sainz,Ferrari,4.0,16,0.0,Finished,2024-08-12,-12.0,5.333333333333333,9.333333333333334,1.0,0.0,0.0,5.4,9.2,1.2,0.0,0.0,6.0,9.4,0.9,2.0,0.0,5.0,5.0,3.3333333333333335,12.631578947368421,5.0,1,2.0,-1.4999999999999991,0.9333333333333333,0.0,0.0,5.0,5.0,5.151515151515151,393.0,1.0,1.0,2.3333333333333335,6.2368421052631575,0.08333333333333333,3.7975556047842898,0.9028926482873852,171.0,5.0,104.0,0,36,36,7.0,2.0,360.0
2024,Singapore Grand Prix,18,55,SAI,Carlos Sainz,Ferrari,12.0,7,6.0,Finished,2024-08-26,5.0,8.333333333333334,7.333333333333333,-2.6666666666666665,0.0,0.0,7.6,7.2,-1.6,0.0,0.0,7.1,8.4,-0.2,2.0,0.0,1.0,1.0,3.3333333333333335,12.055555555555555,1.0,1,1.0,5.499999999999999,0.7537037037037037,0.0,0.0,4.0,5.0,5.457142857142857,403.0,1.0,1.0,7.666666666666667,6.346153846153846,-0.24324324324324326,4.238745919133037,0.9649766307661044,171.0,5.0,114.0,0,37,37,7.0,2.0,360.0
2024,United States Grand Prix,19,55,SAI,Carlos Sainz,Ferrari,3.0,2,18.0,Finished,2024-09-09,1.0,9.0,6.0,-2.3333333333333335,0.0,0.0,7.8,6.8,-0.8,0.0,0.0,7.5,7.5,-0.1,1.0,0.0,4.0,4.0,3.6666666666666665,12.526315789473685,4.0,1,1.0,1.5000000000000009,0.6229508196721312,0.0,0.0,4.0,5.0,5.378378378378378,434.0,1.0,1.0,4.333333333333333,6.2875,-0.10526315789473684,4.266712600511398,0.9537525493896686,177.0,5.0,126.0,0,38,38,7.0,2.0,366.0
2024,Mexico City Grand Prix,20,55,SAI,Carlos Sainz,Ferrari,4.0,1,25.0,Finished,2024-09-23,3.0,8.333333333333334,8.0,-2.0,1.0,0.0,6.8,9.2,-0.4,1.0,0.0,6.1,9.3,0.2,2.0,0.0,4.0,4.0,3.3333333333333335,12.210526315789474,4.0,1,3.0,-6.999999999999998,0.8125,0.0,1.0,4.0,5.0,5.230769230769231,467.0,1.0,1.0,2.0,6.195121951219512,-0.07692307692307693,4.213915639905824,0.9421178686360873,195.0,5.0,120.0,0,39,39,8.0,2.0,384.0
2024,São Paulo Grand Prix,21,55,SAI,Carlos Sainz,Ferrari,18.0,16,0.0,Finished,2024-10-07,2.0,3.3333333333333335,16.333333333333332,3.0,2.0,0.0,6.0,12.2,-0.6,2.0,0.0,5.6,11.0,0.5,3.0,0.0,6.0,6.0,10.0,10.68421052631579,6.0,1,5.0,-2.9999999999999996,1.5973920130399348,1.0,2.0,4.0,5.0,5.121951219512195,502.0,1.0,1.0,3.0,6.119047619047619,0.0,4.187894642712677,0.923564921920185,220.0,5.0,103.0,0,40,40,9.0,3.0,409.0
2024,Las Vegas Grand Prix,22,55,SAI,Carlos Sainz,Ferrari,3.0,3,15.0,Finished,2024-10-21,0.0,6.333333333333333,14.333333333333334,2.0,2.0,0.0,8.4,9.8,-0.2,2.0,0.0,6.9,9.5,0.5,2.0,0.0,7.0,7.0,4.333333333333333,12.421052631578947,7.0,1,2.0,6.999999999999997,1.436837815810921,1.0,2.0,3.0,5.0,5.348837209302325,514.0,1.0,1.0,8.333333333333334,6.209302325581396,0.04878048780487805,4.146994209739116,0.9215781009747633,220.0,5.0,128.0,0,41,41,9.0,3.0,409.0
2024,Qatar Grand Prix,23,55,SAI,Carlos Sainz,Ferrari,8.0,6,8.0,Finished,2024-11-04,2.0,6.666666666666667,13.333333333333334,1.6666666666666667,2.0,0.0,5.8,12.8,2.2,3.0,0.0,6.7,10.0,0.3,3.0,0.0,10.0,8.0,3.5,10.833333333333334,8.0,0,2.0,1.0000000000000024,1.3207547169811322,1.0,3.0,4.0,5.0,5.222222222222222,547.0,1.0,1.0,3.0,6.125,0.047619047619047616,4.096115833873157,0.9174929080944119,235.0,5.0,123.0,0,42,42,10.0,3.0,424.0
2024,Abu Dhabi Grand Prix,24,55,SAI,Carlos Sainz,Ferrari,3.0,2,18.0,Finished,2024-11-18,1.0,8.333333333333334,7.666666666666667,1.3333333333333333,1.0,0.0,5.6,13.2,1.6,3.0,0.0,6.7,10.0,0.4,3.0,0.0,18.0,18.0,8.0,11.473684210526315,18.0,1,3.0,-5.000000000000003,0.7631172839506173,1.0,3.0,4.0,5.0,5.191489361702128,570.0,1.0,1.0,3.6666666666666665,6.088888888888889,0.09302325581395349,4.0579959485556305,0.9116597396891154,243.0,5.0,140.0,0,43,43,10.0,3.0,432.0
2025,Australian Grand Prix,1,55,SAI,Carlos Sainz,Williams,4.0,20,0.0,Finished,2025-01-01,-16.0,3.6666666666666665,13.666666666666666,1.0,2.0,0.0,5.6,13.2,1.6,3.0,0.0,6.2,11.2,0.6,4.0,0.0,2.5,1.0,12.75,10.172413793103448,1.0,2,5.0,-0.4999999999999992,1.3362962962962963,1.0,3.0,4.0,5.0,5.0,10.0,1.0,5.0,11.666666666666666,14.571428571428571,0.11363636363636363,4.01286251186258,0.9023038365143627,0.0,1.0,0.0,1,44,0,11.0,3.0,450.0
2025,Chinese Grand Prix,2,55,SAI,Carlos Sainz,Williams,15.0,13,0.0,Finished,2025-01-15,2.0,9.333333333333334,8.666666666666666,-4.333333333333333,1.0,0.0,9.4,8.2,-2.2,2.0,0.0,7.7,10.2,-1.4,4.0,0.0,5.0,5.0,12.666666666666666,10.435897435897436,5.0,1,9.0,6.9999999999999964,0.8666666666666666,0.0,2.0,3.0,5.0,11.333333333333334,12.0,1.0,5.0,11.333333333333334,14.56989247311828,-0.24444444444444444,4.637571639023025,0.9711415290362658,0.0,11.0,25.0,0,45,1,11.0,3.0,450.0
2025,Japanese Grand Prix,3,55,SAI,Carlos Sainz,Williams,16.0,14,0.0,Finished,2025-01-29,2.0,11.666666666666666,6.0,-4.333333333333333,1.0,0.0,8.8,8.2,-2.2,2.0,0.0,8.6,9.0,-1.2,4.0,0.0,4.5,3.0,15.6,10.440677966101696,3.0,2,9.0,5.500000000000003,0.6133333333333333,0.0,2.0,3.0,5.0,11.2,14.0,1.0,5.0,10.333333333333334,14.494736842105263,-0.1956521739130435,4.5976784732074485,0.967692800144173,0.0,13.0,43.0,0,46,2,11.0,3.0,450.0
2025,Bahrain Grand Prix,4,55,SAI,Carlos Sainz,Williams,6.0,20,0.0,Finished,2025-02-12,-14.0,15.666666666666666,0.0,-4.0,0.0,0.0,11.0,5.2,-1.8,1.0,0.0,8.4,9.0,0.2,4.0,0.0,3.5,3.0,13.8,10.338983050847459,3.0,2,10.0,-3.0000000000000036,0.0,0.0,1.0,2.0,5.0,11.714285714285714,14.0,1.0,5.0,11.666666666666666,14.463917525773196,-0.14893617021276595,4.5586931928209395,0.9646254940084398,0.0,14.0,61.0,0,47,3,11.0,3.0,450.0
2025,Saudi Arabian Grand Prix,5,55,SAI,Carlos Sainz,Williams,8.0,8,4.0,Finished,2025-02-26,0.0,15.666666666666666,0.0,-3.3333333333333335,0.0,0.0,13.8,3.6,-5.0,1.0,0.0,9.7,8.4,-1.7,4.0,0.0,6.0,6.0,14.2,10.542372881355933,6.0,1,9.0,3.499999999999999,0.0,0.0,1.0,1.0,5.0,12.333333333333334,16.0,1.0,5.0,13.666666666666666,14.464646464646465,-0.4375,4.933197357719714,1.00405293907374,0.0,16.0,79.0,0,48,4,11.0,3.0,450.0
2025,Miami Grand Prix,6,55,SAI,Carlos Sainz,Williams,8.0,9,2.0,Finished,2025-03-12,-1.0,14.0,1.3333333333333333,-4.0,0.0,0.0,15.0,0.8,-5.2,0.0,0.0,10.3,7.0,-1.8,3.0,0.0,4.5,4.0,15.6,10.525423728813559,4.0,2,5.0,-2.999999999999999,0.14390602055800292,0.0,0.0,1.0,5.0,11.272727272727273,30.0,1.0,5.0,7.333333333333333,14.306930693069306,-0.42857142857142855,4.881939505292269,1.001702652335274,4.0,14.0,88.0,0,49,5,11.0,3.0,454.0
2025,Emilia Romagna Grand Prix,7,55,SAI,Carlos Sainz,Williams,6.0,8,4.0,Finished,2025-03-26,-2.0,12.333333333333334,2.0,-5.0,0.0,0.0,12.8,1.2,-2.2,0.0,0.0,11.1,4.7,-2.2,2.0,0.0,5.0,5.0,14.0,10.564102564102564,5.0,1,5.0,-5.500000000000001,0.2192982456140351,0.0,0.0,2.0,5.0,10.615384615384615,42.0,1.0,5.0,6.333333333333333,14.16504854368932,-0.44,4.8325427455693655,1.0016685992885683,6.0,11.0,111.0,0,50,6,11.0,3.0,456.0
2025,Monaco Grand Prix,8,55,SAI,Carlos Sainz,Williams,11.0,10,1.0,Finished,2025-04-09,1.0,8.333333333333334,3.3333333333333335,-1.0,0.0,0.0,11.8,2.0,-3.0,0.0,0.0,10.3,5.1,-2.6,2.0,0.0,5.5,3.0,13.0,10.508474576271187,3.0,2,9.0,-2.0424393846785477e-16,0.3695652173913044,0.0,0.0,3.0,5.0,10.333333333333334,48.0,1.0,5.0,7.333333333333333,14.057142857142857,-0.47058823529411764,4.788957887375793,1.0044370021036384,10.0,9.0,122.0,0,51,7,11.0,3.0,460.0
2025,Spanish Grand Prix,9,55,SAI,Carlos Sainz,Williams,17.0,15,0.0,Finished,2025-04-23,2.0,9.0,2.3333333333333335,-0.6666666666666666,0.0,0.0,11.0,2.2,-3.2,0.0,0.0,11.0,3.7,-2.5,1.0,0.0,5.5,5.0,18.6,10.258620689655173,5.0,2,16.0,0.4999999999999992,0.2631959508315257,0.0,0.0,4.0,5.0,10.823529411764707,49.0,1.0,5.0,12.666666666666666,14.065420560747663,-0.4423076923076923,4.74615824636595,1.0011465469349787,11.0,11.0,141.0,0,52,8,11.0,3.0,461.0
2025,Canadian Grand Prix,10,55,SAI,Carlos Sainz,Williams,16.0,10,1.0,Finished,2025-05-07,6.0,11.0,1.6666666666666667,0.3333333333333333,0.0,0.0,10.0,2.2,0.0,0.0,0.0,11.9,2.9,-2.5,1.0,0.0,10.5,5.0,16.8,10.508474576271187,5.0,2,7.0,3.4999999999999996,0.1916124367317426,0.0,0.0,4.0,5.0,11.526315789473685,49.0,1.0,5.0,18.0,14.128440366972477,-0.39622641509433965,4.712257431592263,0.9979802598858911,11.0,12.0,161.0,0,53,9,11.0,3.0,461.0
2025,Austrian Grand Prix,11,55,SAI,Carlos Sainz,Williams,2.0,19,0.0,Finished,2025-05-21,-17.0,11.666666666666666,0.6666666666666666,3.0,0.0,0.0,10.4,1.6,1.2,0.0,0.0,12.7,1.2,-2.0,0.0,0.0,3.5,3.0,14.8,10.35593220338983,3.0,2,11.0,1.6578369755588496e-16,0.07792207792207792,0.0,0.0,4.0,5.0,11.714285714285714,50.0,1.0,5.0,15.666666666666666,14.117117117117116,-0.2777777777777778,4.748054881447002,0.9903923901494421,12.0,12.0,172.0,0,54,10,11.0,3.0,462.0
2025,British Grand Prix,12,55,SAI,Carlos Sainz,Williams,9.0,12,0.0,Finished,2025-06-04,-3.0,14.666666666666666,0.3333333333333333,-3.0,0.0,0.0,12.4,1.2,-2.0,0.0,0.0,12.6,1.2,-2.1,0.0,0.0,7.5,5.0,9.6,10.474576271186441,5.0,2,8.0,1.999999999999998,0.03968253968253968,0.0,0.0,3.0,5.0,11.869565217391305,54.0,1.0,5.0,14.666666666666666,14.106194690265486,-0.5818181818181818,5.2163947713698215,1.0875367709346038,12.0,13.0,190.0,0,55,11,11.0,3.0,462.0
2025,Belgian Grand Prix,13,55,SAI,Carlos Sainz,Williams,17.0,18,0.0,Finished,2025-06-18,-1.0,13.666666666666666,0.3333333333333333,-4.666666666666667,0.0,0.0,13.2,0.4,-2.2,0.0,0.0,12.5,1.2,-2.6,0.0,0.0,13.0,7.0,13.6,10.372881355932204,7.0,2,6.0,1.0000000000000024,0.0404040404040404,0.0,0.0,2.0,5.0,11.64,62.0,1.0,5.0,8.666666666666666,14.017391304347827,-0.625,5.1788468354890105,1.0895450428822,12.0,15.0,208.0,0,56,12,11.0,3.0,462.0
2025,Hungarian Grand Prix,14,55,SAI,Carlos Sainz,Williams,12.0,14,0.0,Finished,2025-07-02,-2.0,16.333333333333332,0.0,-7.0,0.0,0.0,14.8,0.2,-2.6,0.0,0.0,12.9,1.2,-2.9,0.0,0.0,7.0,6.0,15.0,10.440677966101696,6.0,2,11.0,-0.4999999999999995,0.0,0.0,0.0,1.0,5.0,12.0,62.0,1.0,5.0,13.0,14.05982905982906,-0.631578947368421,5.132639181006786,1.0879740772176,12.0,16.0,233.0,0,57,13,11.0,3.0,462.0
2025,Dutch Grand Prix,15,55,SAI,Carlos Sainz,Williams,9.0,14,0.0,Finished,2025-07-16,-5.0,14.666666666666666,0.0,-2.0,0.0,0.0,14.6,0.2,-3.4,0.0,0.0,12.3,1.2,-1.7,0.0,0.0,5.0,5.0,12.6,10.440677966101696,5.0,2,5.0,1.0,0.0,0.0,0.0,1.0,5.0,11.827586206896552,72.0,1.0,5.0,11.333333333333334,13.983193277310924,-0.6551724137931034,5.0905889230802215,1.0877835427297635,12.0,17.0,251.0,0,58,14,11.0,3.0,462.0
2025,Italian Grand Prix,16,55,SAI,Carlos Sainz,Williams,13.0,11,0.0,Finished,2025-07-30,2.0,15.333333333333334,0.0,-2.6666666666666665,0.0,0.0,15.4,0.0,-5.6,0.0,0.0,12.9,0.8,-2.2,0.0,0.0,3.5,3.0,10.0,10.491525423728813,3.0,2,7.0,-2.000000000000001,0.0,0.0,0.0,0.0,5.0,11.741935483870968,78.0,1.0,5.0,8.666666666666666,13.925619834710744,-0.7288135593220338,5.078115685263228,1.093075347090276,12.0,17.0,276.0,0,59,15,11.0,3.0,462.0
2025,Azerbaijan Grand Prix,17,55,SAI,Carlos Sainz,Williams,3.0,3,15.0,Finished,2025-08-13,0.0,13.0,0.0,-1.6666666666666667,0.0,0.0,13.8,0.0,-1.8,0.0,0.0,13.1,0.6,-1.9,0.0,0.0,10.5,5.0,10.8,10.627118644067796,5.0,2,7.0,-1.5,0.0,0.0,0.0,0.0,5.0,11.696969696969697,78.0,1.0,5.0,9.666666666666666,13.878048780487806,-0.6833333333333333,5.047206532856639,1.0879526627340097,12.0,17.0,291.0,0,60,16,11.0,3.0,462.0
2025,Singapore Grand Prix,18,55,SAI,Carlos Sainz,Williams,18.0,10,1.0,Finished,2025-08-27,8.0,9.333333333333334,5.0,-1.0,1.0,0.0,12.0,3.0,-1.2,1.0,0.0,12.6,1.7,-1.7,1.0,0.0,4.0,1.0,14.4,10.344827586206897,1.0,2,11.0,-5.499999999999999,0.639412997903564,0.0,1.0,1.0,5.0,11.514285714285714,93.0,1.0,3.0,9.333333333333334,13.792,-0.6721311475409836,5.005734416564699,1.0824124551482062,27.0,12.0,276.0,0,61,17,12.0,3.0,477.0
2025,United States Grand Prix,19,55,SAI,Carlos Sainz,Williams,9.0,20,0.0,Finished,2025-09-10,-11.0,8.0,5.333333333333333,3.3333333333333335,1.0,0.0,10.4,3.2,0.6,1.0,0.0,12.6,1.7,-1.0,1.0,0.0,3.0,2.0,12.6,10.338983050847459,2.0,2,10.0,-0.5000000000000009,0.6917712691771268,0.0,1.0,2.0,5.0,11.54054054054054,94.0,1.0,3.0,12.666666666666666,13.763779527559056,-0.532258064516129,5.085233337443364,1.0734431540889395,28.0,13.0,287.0,0,62,18,12.0,3.0,478.0
2025,Mexico City Grand Prix,20,55,SAI,Carlos Sainz,Williams,12.0,17,0.0,Finished,2025-09-24,-5.0,11.0,5.333333333333333,-1.0,1.0,0.0,11.6,3.2,-1.2,1.0,0.0,13.1,1.7,-2.3,1.0,0.0,2.5,1.0,12.8,10.389830508474576,1.0,2,9.0,8.499999999999998,0.702928870292887,0.0,1.0,2.0,5.0,11.76923076923077,94.0,1.0,3.0,15.333333333333334,13.7984496124031,-0.6984126984126984,5.213614066401975,1.0881504056113376,28.0,13.0,297.0,0,63,19,12.0,3.0,478.0
2025,São Paulo Grand Prix,21,55,SAI,Carlos Sainz,Williams,14.0,13,0.0,Finished,2025-10-08,1.0,15.666666666666666,0.3333333333333333,-2.6666666666666665,0.0,0.0,12.2,3.2,-1.2,1.0,0.0,13.8,1.6,-3.4,1.0,0.0,11.0,6.0,14.25,10.293103448275861,6.0,2,11.0,3.5000000000000004,0.044630404463040445,0.0,1.0,2.0,5.0,11.878048780487806,94.0,1.0,3.0,13.333333333333334,13.801526717557252,-0.765625,5.199945627005106,1.0915807478313526,28.0,13.0,317.0,0,64,20,12.0,3.0,478.0
2025,Las Vegas Grand Prix,22,55,SAI,Carlos Sainz,Williams,5.0,7,6.0,Finished,2025-10-22,-2.0,16.666666666666668,0.0,-5.0,0.0,0.0,12.6,3.2,-1.4,1.0,0.0,13.2,1.6,-1.6,1.0,0.0,5.0,3.0,15.8,10.559322033898304,3.0,2,12.0,-3.500000000000001,0.0,0.0,1.0,2.0,5.0,12.046511627906977,94.0,1.0,3.0,14.0,13.827067669172932,-0.7384615384615385,5.163807107760111,1.0881205311980497,28.0,14.0,342.0,0,65,21,12.0,3.0,478.0
2025,Qatar Grand Prix,23,55,SAI,Carlos Sainz,Williams,5.0,3,15.0,Finished,2025-11-05,2.0,12.333333333333334,2.0,-2.0,0.0,0.0,13.4,1.4,-1.8,0.0,0.0,12.7,2.2,-1.5,1.0,0.0,6.0,6.0,15.2,10.46551724137931,6.0,1,11.0,-4.999999999999998,0.27272727272727276,0.0,0.0,2.0,5.0,11.911111111111111,100.0,1.0,3.0,12.0,13.755555555555556,-0.7575757575757576,5.126284022446267,1.0893106241596955,34.0,12.0,354.0,0,66,22,12.0,3.0,484.0
2025,Abu Dhabi Grand Prix,24,55,SAI,Carlos Sainz,Williams,13.0,13,0.0,Finished,2025-11-19,0.0,7.666666666666667,7.0,0.3333333333333333,1.0,0.0,12.0,4.2,-3.0,1.0,0.0,11.2,3.7,-1.2,2.0,0.0,10.0,2.0,15.2,10.457627118644067,2.0,2,11.0,-5.000000000000002,0.9398797595190381,0.0,1.0,2.0,5.0,11.808510638297872,115.0,1.0,3.0,10.0,13.693430656934307,-0.7164179104477612,5.098442929714242,1.080514943202088,49.0,9.0,351.0,0,67,23,13.0,3.0,499.0
2023,Bahrain Grand Prix,1,2,SAR,Logan Sargeant,Williams,13.0,12,0.0,Finished,2023-01-01,1.0,11.333333333333334,2.0,0.3333333333333333,0.0,0.0,11.4,2.2,0.2,0.0,0.0,11.5,2.0,0.1,0.0,0.0,10.0,8.0,10.0,10.018181818181818,8.0,0,10.0,-5.909437655256903e-17,0.864957264957265,0.0,0.0,2.0,5.0,10.0,1.0,1.0,10.0,10.0,10.0,0.0,0.0,1.013313220561811,0.0,1.0,0.0,1,0,0,0.0,0.0,0.0
2023,Saudi Arabian Grand Prix,2,2,SAR,Logan Sargeant,Williams,20.0,16,0.0,Finished,2023-01-15,4.0,12.0,0.0,1.0,0.0,0.0,12.0,0.0,1.0,0.0,0.0,12.0,0.0,1.0,0.0,0.0,10.0,8.0,19.0,10.363636363636363,8.0,0,19.0,-5.909437655256903e-17,0.864957264957265,0.0,0.0,0.0,1.0,13.666666666666666,1.0,1.0,10.0,13.666666666666666,13.666666666666666,1.0,0.0,0.8571428571428571,0.0,11.0,25.0,0,1,1,0.0,0.0,0.0
2023,Australian Grand Prix,3,2,SAR,Logan Sargeant,Williams,18.0,16,0.0,Finished,2023-01-29,2.0,14.0,0.0,2.5,0.0,0.0,14.0,0.0,2.5,0.0,0.0,14.0,0.0,2.5,0.0,0.0,10.0,8.0,19.0,10.145454545454545,8.0,0,19.0,3.9999999999999982,0.864957264957265,0.0,0.0,0.0,2.0,15.2,1.0,1.0,10.0,18.0,15.2,2.5,2.1213203435596424,0.8095238095238095,0.0,14.0,43.0,0,2,2,0.0,0.0,0.0
2023,Azerbaijan Grand Prix,4,2,SAR,Logan Sargeant,Williams,14.0,16,0.0,Finished,2023-02-12,-2.0,14.666666666666666,0.0,2.3333333333333335,0.0,0.0,14.666666666666666,0.0,2.3333333333333335,0.0,0.0,14.666666666666666,0.0,2.3333333333333335,0.0,0.0,10.0,8.0,12.0,10.636363636363637,8.0,0,12.0,2.0000000000000004,0.864957264957265,0.0,0.0,0.0,3.0,14.857142857142858,1.0,1.0,10.0,15.666666666666666,14.857142857142858,2.3333333333333335,1.5275252316519468,0.8203842940685045,0.0,18.0,68.0,0,3,3,0.0,0.0,0.0
2023,Miami Grand Prix,5,2,SAR,Logan Sargeant,Williams,18.0,20,0.0,Finished,2023-02-26,-2.0,16.0,0.0,1.3333333333333333,0.0,0.0,15.0,0.0,1.25,0.0,0.0,15.0,0.0,1.25,0.0,0.0,10.0,8.0,14.0,10.127272727272727,8.0,0,14.0,-9.455100248411045e-16,0.864957264957265,0.0,0.0,0.0,4.0,14.88888888888889,1.0,1.0,10.0,14.0,14.88888888888889,1.25,2.5,0.881954887218045,0.0,19.0,86.0,0,4,4,0.0,0.0,0.0
2023,Monaco Grand Prix,6,2,SAR,Logan Sargeant,Williams,15.0,18,0.0,Finished,2023-03-12,-3.0,17.333333333333332,0.0,-0.6666666666666666,0.0,0.0,16.0,0.0,0.6,0.0,0.0,16.0,0.0,0.6,0.0,0.0,10.0,8.0,14.0,10.345454545454546,8.0,0,14.0,1.9999999999999971,0.864957264957265,0.0,0.0,0.0,5.0,15.272727272727273,1.0,1.0,10.0,16.0,15.272727272727273,0.6,2.6076809620810595,0.9160902255639097,0.0,19.0,111.0,0,5,5,0.0,0.0,0.0
2023,Spanish Grand Prix,7,2,SAR,Logan Sargeant,Williams,19.0,20,0.0,Finished,2023-03-26,-1.0,18.0,0.0,-2.3333333333333335,0.0,0.0,17.2,0.0,-0.2,0.0,0.0,16.333333333333332,0.0,0.0,0.0,0.0,10.0,8.0,16.0,9.592592592592593,8.0,0,16.0,1.0000000000000024,0.864957264957265,0.0,0.0,0.0,5.0,15.538461538461538,1.0,1.0,10.0,16.0,15.538461538461538,0.0,2.756809750418044,0.9509085213032581,0.0,19.0,136.0,0,6,6,0.0,0.0,0.0
2023,Canadian Grand Prix,8,2,SAR,Logan Sargeant,Williams,18.0,20,0.0,Finished,2023-04-09,-2.0,19.333333333333332,0.0,-2.0,0.0,0.0,18.0,0.0,-1.2,0.0,0.0,16.857142857142858,0.0,-0.14285714285714285,0.0,0.0,10.0,8.0,7.0,9.872727272727273,8.0,0,7.0,-1.767098782376056e-15,0.864957264957265,0.0,0.0,0.0,5.0,15.266666666666667,7.0,1.0,7.0,14.333333333333334,15.266666666666667,-0.14285714285714285,2.544836041121407,0.9579215896885069,0.0,19.0,161.0,0,7,7,0.0,0.0,0.0
2023,Austrian Grand Prix,9,2,SAR,Logan Sargeant,Williams,17.0,13,0.0,Finished,2023-04-23,4.0,19.333333333333332,0.0,-2.0,0.0,0.0,18.8,0.0,-2.0,0.0,0.0,17.25,0.0,-0.375,0.0,0.0,10.0,8.0,11.0,9.963636363636363,8.0,0,11.0,1.0,0.864957264957265,0.0,0.0,0.0,5.0,15.294117647058824,7.0,1.0,7.0,12.666666666666666,15.294117647058824,-0.375,2.445841952609133,0.9697603383458646,0.0,19.0,186.0,0,8,8,0.0,0.0,0.0
2023,British Grand Prix,10,2,SAR,Logan Sargeant,Williams,15.0,12,0.0,Finished,2023-05-07,3.0,17.666666666666668,0.0,0.3333333333333333,0.0,0.0,18.2,0.0,-0.8,0.0,0.0,16.77777777777778,0.0,0.1111111111111111,0.0,0.0,10.0,8.0,8.0,10.50909090909091,8.0,0,8.0,-3.4999999999999987,0.864957264957265,0.0,0.0,0.0,5.0,14.789473684210526,11.0,1.0,7.0,10.666666666666666,14.789473684210526,0.1111111111111111,2.7131367660166177,0.9422561032210154,0.0,19.0,211.0,0,9,9,0.0,0.0,0.0
2023,Hungarian Grand Prix,11,2,SAR,Logan Sargeant,Williams,17.0,18,0.0,Finished,2023-05-21,-1.0,15.0,0.0,1.6666666666666667,0.0,0.0,16.6,0.0,0.2,0.0,0.0,16.3,0.0,0.4,0.0,0.0,10.0,8.0,11.0,10.036363636363637,8.0,0,11.0,-4.0,0.864957264957265,0.0,0.0,0.0,5.0,14.476190476190476,11.0,1.0,7.0,10.333333333333334,14.476190476190476,0.4,2.7162065049951147,0.9230304928989138,0.0,19.0,236.0,0,10,10,0.0,0.0,0.0
2023,Belgian Grand Prix,12,2,SAR,Logan Sargeant,Williams,16.0,17,0.0,Finished,2023-06-04,-1.0,14.333333333333334,0.0,2.0,0.0,0.0,16.6,0.0,0.6,0.0,0.0,16.9,0.0,0.2,0.0,0.0,10.0,8.0,14.0,10.145454545454545,8.0,0,14.0,2.4999999999999973,0.864957264957265,0.0,0.0,0.0,5.0,14.608695652173912,11.0,1.0,7.0,14.333333333333334,14.608695652173912,0.2727272727272727,2.6111648393354674,0.9300277208171944,0.0,19.0,261.0,0,11,11,0.0,0.0,0.0
2023,Dutch Grand Prix,13,2,SAR,Logan Sargeant,Williams,14.0,20,0.0,Finished,2023-06-18,-6.0,15.666666666666666,0.0,0.3333333333333333,0.0,0.0,16.0,0.0,0.6,0.0,0.0,17.0,0.0,-0.3,0.0,0.0,10.0,8.0,8.0,10.2,8.0,0,8.0,2.5,0.864957264957265,0.0,0.0,0.0,5.0,14.44,15.0,1.0,7.0,13.0,14.44,0.16666666666666666,2.516611478423583,0.9358587440824282,0.0,19.0,286.0,0,12,12,0.0,0.0,0.0
2023,Italian Grand Prix,14,2,SAR,Logan Sargeant,Williams,14.0,13,0.0,Finished,2023-07-02,1.0,18.333333333333332,0.0,-2.6666666666666665,0.0,0.0,16.0,0.0,-0.2,0.0,0.0,17.4,0.0,-1.1,0.0,0.0,10.0,8.0,7.0,10.472727272727273,8.0,0,7.0,0.9999999999999996,0.864957264957265,0.0,0.0,0.0,5.0,14.37037037037037,21.0,1.0,7.0,11.666666666666666,14.37037037037037,-0.3076923076923077,2.954787510256741,0.966433712486344,0.0,19.0,311.0,0,13,13,0.0,0.0,0.0
2023,Singapore Grand Prix,15,2,SAR,Logan Sargeant,Williams,17.0,15,0.0,Finished,2023-07-16,2.0,16.666666666666668,0.0,-2.0,0.0,0.0,16.0,0.0,-0.8,0.0,0.0,17.1,0.0,-0.8,0.0,0.0,10.0,8.0,12.0,10.0,8.0,0,12.0,-1.999999999999999,0.864957264957265,0.0,0.0,0.0,5.0,14.241379310344827,21.0,1.0,7.0,10.666666666666666,14.241379310344827,-0.21428571428571427,2.8603004529801903,0.9593074949277957,0.0,18.0,336.0,0,14,14,0.0,0.0,0.0
2023,Japanese Grand Prix,16,2,SAR,Logan Sargeant,Williams,16.0,17,0.0,Finished,2023-07-30,-1.0,16.0,0.0,-1.0,0.0,0.0,16.6,0.0,-1.0,0.0,0.0,16.6,0.0,-0.4,0.0,0.0,10.0,8.0,16.0,10.072727272727272,8.0,0,16.0,-2.500000000000002,0.864957264957265,0.0,0.0,0.0,5.0,14.32258064516129,21.0,1.0,7.0,14.333333333333334,14.32258064516129,-0.06666666666666667,2.814926202195987,0.9509092174881649,0.0,20.0,346.0,0,15,15,0.0,0.0,0.0
2023,Qatar Grand Prix,17,2,SAR,Logan Sargeant,Williams,13.0,18,0.0,Finished,2023-08-13,-5.0,15.0,0.0,0.6666666666666666,0.0,0.0,16.4,0.0,-1.0,0.0,0.0,16.5,0.0,-0.2,0.0,0.0,10.0,8.0,13.0,10.074074074074074,8.0,0,13.0,1.999999999999999,0.864957264957265,0.0,0.0,0.0,5.0,14.363636363636363,21.0,1.0,7.0,15.333333333333334,14.363636363636363,-0.125,2.729468812791236,0.9539773913951546,0.0,19.0,371.0,0,16,16,0.0,0.0,0.0
2023,United States Grand Prix,18,2,SAR,Logan Sargeant,Williams,17.0,12,0.0,Finished,2023-08-27,5.0,16.666666666666668,0.0,-1.3333333333333333,0.0,0.0,16.6,0.0,-1.8,0.0,0.0,16.3,0.0,-0.6,0.0,0.0,10.0,8.0,11.0,10.145454545454545,8.0,0,11.0,1.5000000000000009,0.864957264957265,0.0,0.0,0.0,5.0,14.371428571428572,21.0,1.0,7.0,14.0,14.371428571428572,-0.4117647058823529,2.8952293417234616,0.9734913263551034,0.0,19.0,396.0,0,17,17,0.0,0.0,0.0
2023,Mexico City Grand Prix,19,2,SAR,Logan Sargeant,Williams,17.0,12,0.0,Finished,2023-09-10,5.0,15.666666666666666,0.0,-0.3333333333333333,0.0,0.0,15.0,0.0,0.4,0.0,0.0,15.5,0.0,0.1,0.0,0.0,10.0,8.0,9.0,10.145454545454545,8.0,0,9.0,-2.4999999999999982,0.864957264957265,0.0,0.0,0.0,5.0,14.162162162162161,23.0,1.0,7.0,10.666666666666666,14.162162162162161,-0.1111111111111111,3.08485653949759,0.9564455119279681,0.0,19.0,421.0,0,18,18,0.0,0.0,0.0
2023,São Paulo Grand Prix,20,2,SAR,Logan Sargeant,Williams,18.0,11,0.0,Finished,2023-09-24,7.0,14.0,0.0,1.6666666666666667,0.0,0.0,14.8,0.0,1.2,0.0,0.0,15.4,0.0,0.2,0.0,0.0,10.0,8.0,18.0,10.145454545454545,8.0,0,18.0,-3.000000000000004,0.864957264957265,0.0,0.0,0.0,5.0,14.205128205128204,23.0,1.0,7.0,13.0,14.205128205128204,0.15789473684210525,3.2190950746157228,0.9411939937563205,0.0,20.0,446.0,0,19,19,0.0,0.0,0.0
2023,Las Vegas Grand Prix,21,2,SAR,Logan Sargeant,Williams,6.0,16,0.0,Finished,2023-10-08,-10.0,11.666666666666666,0.0,5.666666666666667,0.0,0.0,14.0,0.0,2.2,0.0,0.0,15.3,0.0,0.6,0.0,0.0,10.0,8.0,12.0,10.10909090909091,8.0,0,12.0,-0.5000000000000007,0.864957264957265,0.0,0.0,0.0,5.0,14.073170731707316,23.0,1.0,7.0,13.666666666666666,14.073170731707316,0.5,3.4868172789582914,0.9230816624895573,0.0,20.0,471.0,0,20,20,0.0,0.0,0.0
2023,Abu Dhabi Grand Prix,22,2,SAR,Logan Sargeant,Williams,20.0,16,0.0,Finished,2023-10-22,4.0,13.0,0.0,0.6666666666666666,0.0,0.0,13.8,0.0,0.4,0.0,0.0,15.1,0.0,-0.3,0.0,0.0,10.0,8.0,14.0,10.090909090909092,8.0,0,14.0,2.0,0.864957264957265,0.0,0.0,0.0,5.0,14.116279069767442,23.0,1.0,7.0,14.0,14.116279069767442,0.0,4.09878030638384,0.9879689302621634,0.0,20.0,496.0,0,21,21,0.0,0.0,0.0
2024,Bahrain Grand Prix,1,2,SAR,Logan Sargeant,Williams,15.0,20,0.0,Finished,2024-01-01,-5.0,14.333333333333334,0.0,0.3333333333333333,0.0,0.0,13.4,0.0,2.2,0.0,0.0,15.0,0.0,0.2,0.0,0.0,12.0,12.0,12.333333333333334,10.140350877192983,12.0,1,10.0,2.5,0.864957264957265,0.0,0.0,0.0,5.0,15.0,0.0,1.0,15.0,15.0,14.177777777777777,0.18181818181818182,4.08989886516436,0.9776932862459179,0.0,1.0,0.0,1,22,22,0.0,0.0,0.0
2024,Saudi Arabian Grand Prix,2,2,SAR,Logan Sargeant,Williams,18.0,15,0.0,Finished,2024-01-15,3.0,17.333333333333332,0.0,-3.6666666666666665,0.0,0.0,15.0,0.0,0.2,0.0,0.0,15.0,0.0,0.3,0.0,0.0,16.0,16.0,15.666666666666666,10.491228070175438,16.0,1,12.0,1.9999999999999971,0.864957264957265,0.0,0.0,0.0,5.0,15.666666666666666,0.0,1.0,12.0,15.666666666666666,14.25531914893617,-0.043478260869565216,4.1393704052402285,0.9895327085830519,0.0,10.0,25.0,0,23,23,0.0,0.0,0.0
2024,Japanese Grand Prix,4,2,SAR,Logan Sargeant,Williams,19.0,17,0.0,Finished,2024-02-12,2.0,17.0,0.0,0.6666666666666666,0.0,0.0,15.6,0.0,-0.2,0.0,0.0,15.2,0.0,0.5,0.0,0.0,17.0,17.0,17.333333333333332,10.350877192982455,17.0,1,16.0,-0.5000000000000009,0.864957264957265,0.0,0.0,0.0,5.0,15.333333333333334,0.0,1.0,11.0,15.0,14.3,0.08333333333333333,4.095773714310957,0.9811969159008632,0.0,14.0,50.0,0,24,24,0.0,0.0,0.0
2024,Chinese Grand Prix,5,2,SAR,Logan Sargeant,Williams,20.0,17,0.0,Finished,2024-02-26,3.0,17.333333333333332,0.0,0.0,0.0,0.0,16.8,0.0,-1.2,0.0,0.0,15.4,0.0,0.5,0.0,0.0,10.0,8.0,12.0,10.297297297297296,8.0,0,12.0,-1.5000000000000018,0.864957264957265,0.0,0.0,0.0,5.0,15.125,0.0,1.0,11.0,16.0,14.307692307692308,0.16,4.027819923151149,0.9759490392648287,0.0,14.0,75.0,0,25,25,0.0,0.0,0.0
2024,Miami Grand Prix,6,2,SAR,Logan Sargeant,Williams,16.0,20,0.0,Finished,2024-03-11,-4.0,16.333333333333332,0.0,2.6666666666666665,0.0,0.0,17.0,0.0,1.4,0.0,0.0,15.4,0.0,0.9,0.0,0.0,20.0,20.0,17.666666666666668,10.456140350877194,20.0,1,14.0,1.0000000000000002,0.864957264957265,0.0,0.0,0.0,5.0,15.7,0.0,1.0,11.0,16.0,14.444444444444445,0.2692307692307692,3.98555082574735,0.9695480688901742,0.0,14.0,100.0,0,26,26,0.0,0.0,0.0
2024,Emilia Romagna Grand Prix,7,2,SAR,Logan Sargeant,Williams,19.0,17,0.0,Finished,2024-03-25,2.0,18.0,0.0,0.3333333333333333,0.0,0.0,17.8,0.0,-0.2,0.0,0.0,15.6,0.0,1.0,0.0,0.0,10.0,8.0,20.0,10.54054054054054,8.0,0,20.0,1.4999999999999958,0.864957264957265,0.0,0.0,0.0,5.0,16.416666666666668,0.0,1.0,11.0,19.666666666666668,14.642857142857142,0.1111111111111111,3.9935845989183636,0.9772118659029564,0.0,15.0,118.0,0,27,27,0.0,0.0,0.0
2024,Monaco Grand Prix,8,2,SAR,Logan Sargeant,Williams,18.0,15,0.0,Finished,2024-04-08,3.0,18.0,0.0,0.3333333333333333,0.0,0.0,17.2,0.0,1.2,0.0,0.0,16.1,0.0,0.7,0.0,0.0,18.0,18.0,13.666666666666666,10.456140350877194,18.0,1,9.0,2.7197334250870468e-15,0.864957264957265,0.0,0.0,0.0,5.0,15.928571428571429,2.0,1.0,9.0,15.333333333333334,14.586206896551724,0.17857142857142858,3.935155617691597,0.9726685849778508,0.0,15.0,143.0,0,28,28,0.0,0.0,0.0
2024,Canadian Grand Prix,9,2,SAR,Logan Sargeant,Williams,15.0,20,0.0,Finished,2024-04-22,-5.0,17.333333333333332,0.0,0.3333333333333333,0.0,0.0,17.2,0.0,1.2,0.0,0.0,16.4,0.0,0.5,0.0,0.0,20.0,20.0,14.666666666666666,10.175438596491228,20.0,1,7.0,-2.4999999999999996,0.864957264957265,0.0,0.0,0.0,5.0,15.9375,2.0,1.0,9.0,13.666666666666666,14.633333333333333,0.27586206896551724,3.899602101718089,0.9663515194341499,0.0,17.0,151.0,0,29,29,0.0,0.0,0.0
2024,Spanish Grand Prix,10,2,SAR,Logan Sargeant,Williams,18.0,20,0.0,Finished,2024-05-06,-2.0,17.333333333333332,0.0,0.0,0.0,0.0,17.8,0.0,-0.2,0.0,0.0,17.3,0.0,-0.7,0.0,0.0,20.0,20.0,18.0,9.928571428571429,20.0,1,16.0,1.500000000000002,0.864957264957265,0.0,0.0,0.0,5.0,16.27777777777778,2.0,1.0,9.0,18.333333333333332,14.774193548387096,0.1,3.9509928913611327,0.9758064687863449,0.0,18.0,176.0,0,30,30,0.0,0.0,0.0
2024,Austrian Grand Prix,11,2,SAR,Logan Sargeant,Williams,20.0,19,0.0,Finished,2024-05-20,1.0,18.333333333333332,0.0,-1.3333333333333333,0.0,0.0,18.4,0.0,-1.2,0.0,0.0,17.7,0.0,0.1,0.0,0.0,13.0,13.0,12.666666666666666,10.087719298245615,13.0,1,11.0,2.5000000000000013,0.864957264957265,0.0,0.0,0.0,5.0,16.35,2.0,1.0,9.0,17.333333333333332,14.84375,0.03225806451612903,3.902852554800927,0.978284698146378,0.0,18.0,201.0,0,31,31,0.0,0.0,0.0
2024,British Grand Prix,12,2,SAR,Logan Sargeant,Williams,14.0,11,0.0,Finished,2024-06-03,3.0,19.666666666666668,0.0,-2.0,0.0,0.0,18.2,0.0,-0.2,0.0,0.0,18.0,0.0,-0.2,0.0,0.0,12.0,12.0,9.666666666666666,10.508771929824562,12.0,1,8.0,-0.5000000000000012,0.864957264957265,0.0,0.0,0.0,5.0,16.136363636363637,4.0,1.0,9.0,14.0,14.818181818181818,0.0625,3.843196754047674,0.9759871108531132,0.0,18.0,211.0,0,32,32,0.0,0.0,0.0
2024,Hungarian Grand Prix,13,2,SAR,Logan Sargeant,Williams,18.0,17,0.0,Finished,2024-06-17,1.0,16.666666666666668,0.0,0.6666666666666666,0.0,0.0,17.0,0.0,0.0,0.0,0.0,17.1,0.0,0.6,0.0,0.0,18.0,18.0,14.333333333333334,10.24561403508772,18.0,1,11.0,-4.499999999999999,0.864957264957265,0.0,0.0,0.0,5.0,15.833333333333334,4.0,1.0,9.0,11.333333333333334,14.75,0.15151515151515152,3.817076860318083,0.9686339660797865,0.0,18.0,229.0,0,33,33,0.0,0.0,0.0
2024,Belgian Grand Prix,14,2,SAR,Logan Sargeant,Williams,20.0,18,0.0,Finished,2024-07-01,2.0,15.666666666666666,0.0,1.6666666666666667,0.0,0.0,17.4,0.0,-0.4,0.0,0.0,17.3,0.0,0.4,0.0,0.0,17.0,17.0,14.666666666666666,10.31578947368421,17.0,1,13.0,-1.0000000000000002,0.864957264957265,0.0,0.0,0.0,5.0,15.76923076923077,4.0,1.0,9.0,14.666666666666666,14.757142857142858,0.17647058823529413,3.7616130343671523,0.9664605212570064,0.0,18.0,239.0,0,34,34,0.0,0.0,0.0
2024,Dutch Grand Prix,15,2,SAR,Logan Sargeant,Williams,18.0,16,0.0,Finished,2024-07-15,2.0,15.333333333333334,0.0,2.0,0.0,0.0,17.0,0.0,1.0,0.0,0.0,17.4,0.0,0.4,0.0,0.0,20.0,20.0,14.0,10.43859649122807,20.0,1,8.0,3.5,0.864957264957265,0.0,0.0,0.0,5.0,15.785714285714286,4.0,1.0,9.0,15.0,14.791666666666666,0.22857142857142856,3.718678720805473,0.9633371594251735,0.0,18.0,249.0,0,35,35,0.0,0.0,0.0
2023,Bahrain Grand Prix,1,18,STR,Lance Stroll,Aston Martin,9.0,6,8.0,Finished,2023-01-01,3.0,11.333333333333334,2.0,0.3333333333333333,0.0,0.0,11.4,2.2,0.2,0.0,0.0,11.5,2.0,0.1,0.0,0.0,10.0,8.0,3.0,12.272727272727273,8.0,0,3.0,-5.909437655256903e-17,0.864957264957265,0.0,0.0,2.0,5.0,3.0,15.0,1.0,3.0,3.0,3.0,0.0,0.0,1.013313220561811,0.0,1.0,0.0,1,0,0,0.0,0.0,0.0
2023,Saudi Arabian Grand Prix,2,18,STR,Lance Stroll,Aston Martin,4.0,20,0.0,Finished,2023-01-15,-16.0,6.0,8.0,3.0,0.0,0.0,6.0,8.0,3.0,0.0,0.0,6.0,8.0,3.0,0.0,0.0,10.0,8.0,3.0,13.181818181818182,8.0,0,3.0,-5.909437655256903e-17,1.0,0.0,0.0,1.0,1.0,4.0,38.0,1.0,3.0,4.0,4.0,3.0,0.0,0.6,8.0,6.0,17.0,0,1,1,0.0,0.0,8.0
2023,Australian Grand Prix,3,18,STR,Lance Stroll,Aston Martin,8.0,5,10.0,Finished,2023-01-29,3.0,13.0,4.0,-6.5,0.0,0.0,13.0,4.0,-6.5,0.0,0.0,13.0,4.0,-6.5,0.0,0.0,10.0,8.0,3.0,12.545454545454545,8.0,0,3.0,13.999999999999995,1.0,0.0,0.0,1.0,2.0,7.0,53.0,1.0,3.0,8.666666666666666,7.0,-6.5,13.435028842544403,2.3,8.0,7.0,35.0,0,2,2,0.0,0.0,8.0
2023,Azerbaijan Grand Prix,4,18,STR,Lance Stroll,Aston Martin,7.0,7,6.0,Finished,2023-02-12,0.0,10.333333333333334,6.0,-3.3333333333333335,0.0,0.0,10.333333333333334,6.0,-3.3333333333333335,0.0,0.0,10.333333333333334,6.0,-3.3333333333333335,0.0,0.0,10.0,8.0,4.0,15.090909090909092,8.0,0,4.0,-0.4999999999999974,1.0,0.0,0.0,2.0,3.0,6.285714285714286,75.0,1.0,3.0,4.0,6.285714285714286,-3.3333333333333335,10.96965511460289,1.7185185185185186,18.0,6.0,50.0,0,3,3,0.0,0.0,18.0
2023,Miami Grand Prix,5,18,STR,Lance Stroll,Aston Martin,17.0,12,0.0,Finished,2023-02-26,5.0,10.666666666666666,5.333333333333333,-4.333333333333333,0.0,0.0,9.5,6.0,-2.5,0.0,0.0,9.5,6.0,-2.5,0.0,0.0,10.0,8.0,3.0,12.090909090909092,8.0,0,3.0,-6.5,0.8888888888888888,0.0,0.0,3.0,4.0,6.0,96.0,1.0,3.0,4.666666666666667,6.0,-2.5,9.1104335791443,1.507638888888889,24.0,6.0,62.0,0,4,4,0.0,0.0,24.0
2023,Monaco Grand Prix,6,18,STR,Lance Stroll,Aston Martin,17.0,20,0.0,Finished,2023-03-12,-3.0,8.0,5.333333333333333,2.6666666666666665,0.0,0.0,10.0,4.8,-1.0,0.0,0.0,10.0,4.8,-1.0,0.0,0.0,10.0,8.0,2.0,11.363636363636363,8.0,0,2.0,3.4999999999999996,1.1111111111111112,0.0,0.0,3.0,5.0,6.181818181818182,114.0,1.0,2.0,5.666666666666667,6.181818181818182,-1.0,8.573214099741124,1.3394444444444444,24.0,8.0,87.0,0,5,5,0.0,0.0,24.0
2023,Spanish Grand Prix,7,18,STR,Lance Stroll,Aston Martin,3.0,6,8.0,Finished,2023-03-26,-3.0,13.0,2.0,0.6666666666666666,0.0,0.0,12.8,3.2,-2.2,0.0,0.0,11.666666666666666,4.0,-1.3333333333333333,0.0,0.0,10.0,8.0,7.0,11.090909090909092,8.0,0,7.0,6.499999999999999,0.5,0.0,0.0,2.0,5.0,7.3076923076923075,120.0,1.0,2.0,9.666666666666666,7.3076923076923075,-1.3333333333333333,7.711463328491335,1.301388888888889,24.0,8.0,112.0,0,6,6,0.0,0.0,24.0
2023,Canadian Grand Prix,8,18,STR,Lance Stroll,Aston Martin,14.0,10,1.0,Finished,2023-04-09,4.0,12.666666666666666,2.6666666666666665,-0.3333333333333333,0.0,0.0,10.0,4.8,0.4,0.0,0.0,10.857142857142858,4.571428571428571,-1.5714285714285714,0.0,0.0,10.0,8.0,2.0,11.727272727272727,8.0,0,2.0,-2.9999999999999973,0.5833333333333334,0.0,0.0,3.0,5.0,6.866666666666666,146.0,1.0,2.0,5.0,6.866666666666666,-1.5714285714285714,7.067699834626606,1.3297619047619047,32.0,8.0,129.0,0,7,7,0.0,0.0,32.0
2023,Austrian Grand Prix,9,18,STR,Lance Stroll,Aston Martin,9.0,10,1.0,Finished,2023-04-23,-1.0,12.0,3.0,-0.6666666666666666,0.0,0.0,11.0,3.0,0.6,0.0,0.0,10.75,4.125,-0.875,0.0,0.0,10.0,8.0,6.0,12.636363636363637,8.0,0,6.0,-5.000000000000002,0.7272727272727273,0.0,0.0,3.0,5.0,7.0,155.0,1.0,2.0,6.0,7.0,-0.875,6.8334785118143575,1.246875,33.0,8.0,153.0,0,8,8,0.0,0.0,33.0
2023,British Grand Prix,10,18,STR,Lance Stroll,Aston Martin,11.0,11,0.0,Finished,2023-05-07,0.0,8.666666666666666,3.3333333333333335,0.0,0.0,0.0,11.6,2.0,0.4,0.0,0.0,10.666666666666666,3.7777777777777777,-0.8888888888888888,0.0,0.0,10.0,8.0,7.0,15.181818181818182,8.0,0,7.0,2.0,0.8823529411764707,0.0,0.0,3.0,5.0,7.157894736842105,162.0,1.0,2.0,7.666666666666667,7.157894736842105,-0.8888888888888888,6.392269636921703,1.2194444444444443,34.0,8.0,177.0,0,9,9,0.0,0.0,34.0
2023,Hungarian Grand Prix,11,18,STR,Lance Stroll,Aston Martin,10.0,10,1.0,Finished,2023-05-21,0.0,10.333333333333334,0.6666666666666666,1.0,0.0,0.0,11.4,2.0,-0.6,0.0,0.0,10.7,3.4,-0.8,0.0,0.0,10.0,8.0,9.0,16.181818181818183,8.0,0,9.0,0.4999999999999997,0.19607843137254902,0.0,0.0,3.0,5.0,7.428571428571429,164.0,1.0,2.0,9.0,7.428571428571429,-0.8,6.0332412515993425,1.1891666666666667,34.0,9.0,202.0,0,10,10,0.0,0.0,34.0
2023,Belgian Grand Prix,12,18,STR,Lance Stroll,Aston Martin,10.0,9,2.0,Finished,2023-06-04,1.0,10.333333333333334,0.6666666666666666,-0.3333333333333333,0.0,0.0,9.4,2.2,0.0,0.0,0.0,11.1,2.7,-1.1,0.0,0.0,10.0,8.0,5.0,11.636363636363637,8.0,0,5.0,4.478836857564945e-16,0.20952380952380953,0.0,0.0,4.0,5.0,7.434782608695652,175.0,1.0,2.0,8.0,7.434782608695652,-0.7272727272727273,5.728715546977509,1.1637052341597796,35.0,9.0,226.0,0,11,11,0.0,0.0,35.0
2023,Dutch Grand Prix,13,18,STR,Lance Stroll,Aston Martin,8.0,11,0.0,Finished,2023-06-18,-3.0,10.0,1.0,0.3333333333333333,0.0,0.0,10.0,1.0,0.8,0.0,0.0,10.0,2.9,0.6,0.0,0.0,10.0,8.0,2.0,11.818181818181818,8.0,0,2.0,-0.9999999999999998,0.3243243243243243,0.0,0.0,4.0,5.0,7.28,195.0,1.0,2.0,5.333333333333333,7.28,-0.5833333333333334,5.484827557301445,1.1349116161616162,37.0,9.0,249.0,0,12,12,0.0,0.0,37.0
2023,Italian Grand Prix,14,18,STR,Lance Stroll,Aston Martin,20.0,16,0.0,Finished,2023-07-02,4.0,10.0,1.0,-0.6666666666666666,0.0,0.0,10.2,0.8,-0.6,0.0,0.0,10.6,1.9,0.0,0.0,0.0,10.0,8.0,9.0,14.636363636363637,8.0,0,9.0,0.49999999999999883,0.3513513513513513,0.0,0.0,3.0,5.0,7.481481481481482,197.0,1.0,2.0,7.333333333333333,7.481481481481482,-0.7692307692307693,5.293924916887377,1.1416278166278166,37.0,9.0,274.0,0,13,13,0.0,0.0,37.0
2023,Japanese Grand Prix,16,18,STR,Lance Stroll,Aston Martin,12.0,18,0.0,Finished,2023-07-30,-6.0,12.0,0.6666666666666666,0.6666666666666666,0.0,0.0,11.4,0.6,0.4,0.0,0.0,11.5,1.3,0.4,0.0,0.0,10.0,8.0,8.0,12.909090909090908,8.0,0,8.0,3.5000000000000004,0.25225225225225223,0.0,0.0,2.0,5.0,8.066666666666666,201.0,1.0,2.0,13.333333333333334,8.066666666666666,-0.42857142857142855,5.2435203341367425,1.1145047412904556,37.0,9.0,309.0,0,14,14,0.0,0.0,37.0
2023,Qatar Grand Prix,17,18,STR,Lance Stroll,Aston Martin,14.0,9,2.0,Finished,2023-08-13,5.0,15.0,0.0,-1.6666666666666667,0.0,0.0,12.8,0.6,-0.8,0.0,0.0,12.1,1.3,-0.7,0.0,0.0,10.0,8.0,6.0,11.818181818181818,8.0,0,6.0,3.5,0.0,0.0,0.0,2.0,5.0,8.3125,209.0,1.0,2.0,10.666666666666666,8.3125,-0.8,5.253570214625479,1.1325121175121176,37.0,9.0,334.0,0,15,15,0.0,0.0,37.0
2023,United States Grand Prix,18,18,STR,Lance Stroll,Aston Martin,20.0,9,2.0,Finished,2023-08-27,11.0,14.333333333333334,0.6666666666666666,1.0,0.0,0.0,12.6,0.8,0.2,0.0,0.0,11.0,1.5,0.1,0.0,0.0,10.0,8.0,18.0,15.272727272727273,8.0,0,18.0,-3.4999999999999982,0.2735042735042735,0.0,0.0,2.0,5.0,8.617647058823529,211.0,1.0,2.0,11.0,8.617647058823529,-0.4375,5.278494103435183,1.09923011016761,39.0,11.0,357.0,0,16,16,0.0,0.0,39.0
2023,Mexico City Grand Prix,19,18,STR,Lance Stroll,Aston Martin,19.0,17,0.0,Finished,2023-09-10,2.0,12.0,1.3333333333333333,3.3333333333333335,0.0,0.0,12.6,0.8,2.2,0.0,0.0,11.3,0.9,1.5,0.0,0.0,10.0,8.0,18.0,13.090909090909092,8.0,0,18.0,-4.5,0.5528455284552846,0.0,0.0,2.0,5.0,8.88888888888889,213.0,1.0,2.0,15.0,8.88888888888889,0.23529411764705882,5.815167793846386,1.059779599485482,41.0,12.0,380.0,0,17,17,0.0,0.0,41.0
2023,São Paulo Grand Prix,20,18,STR,Lance Stroll,Aston Martin,8.0,5,10.0,Finished,2023-09-24,3.0,11.666666666666666,1.3333333333333333,6.0,0.0,0.0,13.8,0.8,3.2,0.0,0.0,12.0,0.8,1.3,0.0,0.0,10.0,8.0,3.0,9.545454545454545,8.0,0,3.0,3.9999999999999982,0.5853658536585366,0.0,0.0,2.0,5.0,8.947368421052632,228.0,1.0,2.0,12.666666666666666,8.947368421052632,0.3333333333333333,5.656854249492381,1.048125177291844,41.0,12.0,405.0,0,18,18,0.0,0.0,41.0
2023,Las Vegas Grand Prix,21,18,STR,Lance Stroll,Aston Martin,9.0,6,8.0,Finished,2023-10-08,3.0,10.333333333333334,4.0,5.333333333333333,0.0,0.0,11.6,2.8,3.0,0.0,0.0,11.5,1.7,1.7,0.0,0.0,10.0,8.0,9.0,14.363636363636363,8.0,0,9.0,-1.9999999999999971,1.4901960784313726,0.0,0.0,3.0,5.0,8.85,240.0,1.0,2.0,5.666666666666667,8.85,0.47368421052631576,5.531409515491524,1.022200460358355,51.0,10.0,420.0,0,19,19,0.0,0.0,51.0
2023,Abu Dhabi Grand Prix,22,18,STR,Lance Stroll,Aston Martin,12.0,10,1.0,Finished,2023-10-22,2.0,9.333333333333334,6.0,2.6666666666666665,0.0,0.0,9.2,4.4,4.8,0.0,0.0,11.0,2.5,2.0,0.0,0.0,10.0,8.0,7.0,13.454545454545455,8.0,0,7.0,-5.500000000000003,2.0338983050847457,0.0,0.0,4.0,5.0,8.738095238095237,254.0,1.0,2.0,7.333333333333333,8.738095238095237,0.6,5.413433583031636,1.0010904373404375,59.0,10.0,437.0,0,20,20,0.0,0.0,59.0
2024,Bahrain Grand Prix,1,18,STR,Lance Stroll,Aston Martin,19.0,10,1.0,Finished,2024-01-01,9.0,7.0,6.333333333333333,2.6666666666666665,0.0,0.0,9.4,4.2,4.2,0.0,0.0,11.0,2.5,2.2,0.0,0.0,6.0,6.0,6.0,11.538461538461538,6.0,1,3.0,2.4999999999999987,2.2166666666666663,0.0,0.0,4.0,5.0,9.0,2.0,1.0,9.0,8.666666666666666,8.772727272727273,0.6666666666666666,5.285199460127624,0.9900495007637864,0.0,1.0,0.0,1,21,21,0.0,0.0,60.0
2024,Saudi Arabian Grand Prix,2,18,STR,Lance Stroll,Aston Martin,9.0,19,0.0,Finished,2024-01-15,-10.0,8.666666666666666,3.3333333333333335,4.666666666666667,0.0,0.0,9.6,4.0,3.8,0.0,0.0,11.1,2.4,3.0,0.0,0.0,20.0,20.0,9.333333333333334,13.076923076923077,20.0,1,3.0,2.0,1.2021857923497268,0.0,0.0,4.0,5.0,8.0,13.0,1.0,5.0,8.0,8.717391304347826,1.0454545454545454,5.4552488723925565,0.9677745234563416,1.0,9.0,24.0,0,22,22,0.0,0.0,61.0
2024,Australian Grand Prix,3,18,STR,Lance Stroll,Aston Martin,8.0,7,6.0,Finished,2024-01-29,1.0,13.0,0.6666666666666666,0.3333333333333333,0.0,0.0,10.0,4.0,1.4,0.0,0.0,11.9,2.4,2.3,0.0,0.0,5.0,5.0,4.666666666666667,11.461538461538462,5.0,1,3.0,4.499999999999998,0.25136612021857924,0.0,0.0,4.0,5.0,9.8,21.0,1.0,5.0,10.0,8.875,0.5652173913043478,5.806157287793096,1.0083060659147616,1.0,10.0,49.0,0,23,23,0.0,0.0,61.0
2024,Japanese Grand Prix,4,18,STR,Lance Stroll,Aston Martin,17.0,12,0.0,Finished,2024-02-12,5.0,12.0,2.3333333333333335,0.0,0.0,0.0,10.4,3.2,1.0,0.0,0.0,11.0,3.0,2.0,0.0,0.0,18.0,18.0,10.666666666666666,12.76923076923077,18.0,1,6.0,-1.4999999999999993,0.8358208955223881,0.0,0.0,4.0,5.0,8.857142857142858,35.0,1.0,5.0,6.333333333333333,8.78,0.5833333333333334,5.679227340792566,0.9987007205757207,7.0,10.0,43.0,0,24,24,0.0,0.0,67.0
2024,Chinese Grand Prix,5,18,STR,Lance Stroll,Aston Martin,10.0,16,0.0,Finished,2024-02-26,-6.0,12.666666666666666,2.0,-1.3333333333333333,0.0,0.0,11.6,1.6,1.4,0.0,0.0,10.4,3.0,3.1,0.0,0.0,10.0,8.0,7.0,11.2,8.0,0,7.0,-3.5000000000000018,0.7462686567164178,0.0,0.0,3.0,5.0,9.0,41.0,1.0,5.0,8.333333333333334,8.807692307692308,0.76,5.629387178015028,0.9854193584193583,7.0,10.0,68.0,0,25,25,0.0,0.0,67.0
2024,Miami Grand Prix,6,18,STR,Lance Stroll,Aston Martin,11.0,13,0.0,Finished,2024-03-11,-2.0,11.666666666666666,2.0,0.0,0.0,0.0,12.8,1.4,-0.2,0.0,0.0,11.1,2.8,2.0,0.0,0.0,12.0,12.0,8.0,11.846153846153847,12.0,1,3.0,4.499999999999998,0.7761194029850745,0.0,0.0,2.0,5.0,9.636363636363637,43.0,1.0,5.0,10.666666666666666,8.944444444444445,0.5,5.672741841473134,1.0034626698088238,7.0,10.0,93.0,0,26,26,0.0,0.0,67.0
2024,Emilia Romagna Grand Prix,7,18,STR,Lance Stroll,Aston Martin,13.0,9,2.0,Finished,2024-03-25,4.0,13.666666666666666,0.0,-1.0,0.0,0.0,13.4,1.2,-2.4,0.0,0.0,11.5,2.6,0.7,0.0,0.0,10.0,8.0,19.0,15.6,8.0,0,19.0,0.5000000000000003,0.0,0.0,0.0,1.0,5.0,10.615384615384615,43.0,1.0,5.0,13.666666666666666,9.196428571428571,0.4074074074074074,5.5833492792220305,1.0064208425319536,7.0,11.0,111.0,0,27,27,0.0,0.0,67.0
2024,Monaco Grand Prix,8,18,STR,Lance Stroll,Aston Martin,15.0,14,0.0,Finished,2024-04-08,1.0,12.666666666666666,0.6666666666666666,-1.3333333333333333,0.0,0.0,11.4,1.6,0.4,0.0,0.0,10.7,2.8,0.9,0.0,0.0,20.0,20.0,11.0,12.0,20.0,1,2.0,-3.5,0.27053140096618356,0.0,0.0,2.0,5.0,10.533333333333333,45.0,1.0,5.0,13.0,9.224137931034482,0.5357142857142857,5.5208838721855695,0.9934364246864247,9.0,11.0,134.0,0,28,28,0.0,0.0,69.0
2024,Canadian Grand Prix,9,18,STR,Lance Stroll,Aston Martin,9.0,7,6.0,Finished,2024-04-22,2.0,12.0,0.6666666666666666,1.0,0.0,0.0,12.8,0.4,0.4,0.0,0.0,11.6,1.8,0.7,0.0,0.0,10.0,10.0,6.0,11.153846153846153,10.0,1,2.0,0.49999999999999784,0.2801932367149758,0.0,0.0,1.0,5.0,10.470588235294118,53.0,1.0,5.0,10.333333333333334,9.25,0.5517241379310345,5.422085832806884,0.9893524100420652,9.0,11.0,142.0,0,29,29,0.0,0.0,69.0
2024,Spanish Grand Prix,10,18,STR,Lance Stroll,Aston Martin,13.0,14,0.0,Finished,2024-05-06,-1.0,10.0,2.6666666666666665,2.3333333333333335,0.0,0.0,11.8,1.6,-0.2,0.0,0.0,11.7,1.6,0.6,0.0,0.0,6.0,6.0,8.333333333333334,10.76923076923077,6.0,1,6.0,-0.9999999999999982,1.0666666666666667,0.0,0.0,2.0,5.0,10.368421052631579,59.0,1.0,5.0,8.333333333333334,9.258064516129032,0.6,5.334338985646966,0.9797073297073297,15.0,11.0,161.0,0,30,30,0.0,0.0,75.0
2024,Austrian Grand Prix,11,18,STR,Lance Stroll,Aston Martin,17.0,13,0.0,Finished,2024-05-20,4.0,11.666666666666666,2.0,0.6666666666666666,0.0,0.0,11.4,1.6,0.8,0.0,0.0,12.1,1.5,0.3,0.0,0.0,10.0,10.0,11.333333333333334,12.846153846153847,10.0,1,6.0,-1.3266599536838092e-15,0.8266666666666667,0.0,0.0,2.0,5.0,10.904761904761905,59.0,1.0,5.0,14.666666666666666,9.46875,0.5483870967741935,5.252546745325352,0.9803619319748351,15.0,11.0,186.0,0,31,31,0.0,0.0,75.0
2024,British Grand Prix,12,18,STR,Lance Stroll,Aston Martin,8.0,7,6.0,Finished,2024-06-03,1.0,11.333333333333334,2.0,1.6666666666666667,0.0,0.0,11.4,1.6,2.0,0.0,0.0,12.4,1.4,-0.2,0.0,0.0,11.0,11.0,8.666666666666666,14.307692307692308,11.0,1,7.0,2.9999999999999996,0.8533333333333334,0.0,0.0,2.0,5.0,10.869565217391305,63.0,1.0,5.0,13.0,9.5,0.65625,5.2030349394026905,0.972295066045066,15.0,11.0,196.0,0,32,32,0.0,0.0,75.0
2024,Hungarian Grand Prix,13,18,STR,Lance Stroll,Aston Martin,8.0,10,1.0,Finished,2024-06-17,-2.0,11.333333333333334,2.0,1.3333333333333333,0.0,0.0,11.0,2.4,1.4,0.0,0.0,11.2,2.0,0.9,0.0,0.0,10.0,10.0,10.0,15.307692307692308,10.0,1,9.0,-3.5,0.8148148148148148,0.0,0.0,2.0,5.0,10.72,69.0,1.0,5.0,8.666666666666666,9.485294117647058,0.6666666666666666,5.1214418542698175,0.9664006027642391,21.0,10.0,208.0,0,33,33,0.0,0.0,81.0
2024,Belgian Grand Prix,14,18,STR,Lance Stroll,Aston Martin,15.0,12,0.0,Finished,2024-07-01,3.0,10.0,2.3333333333333335,1.0,0.0,0.0,10.2,2.6,0.8,0.0,0.0,11.5,1.5,0.6,0.0,0.0,9.0,9.0,7.666666666666667,11.23076923076923,9.0,1,5.0,-1.500000000000001,0.9674796747967481,0.0,0.0,3.0,5.0,10.62962962962963,72.0,1.0,5.0,10.0,9.485714285714286,0.5882352941176471,5.0639405368883255,0.970656794186206,22.0,10.0,217.0,0,34,34,0.0,0.0,82.0
2024,Dutch Grand Prix,15,18,STR,Lance Stroll,Aston Martin,10.0,12,0.0,Finished,2024-07-15,-2.0,9.666666666666666,2.3333333333333335,0.6666666666666666,0.0,0.0,11.2,1.4,1.0,0.0,0.0,11.5,1.5,0.4,0.0,0.0,11.0,11.0,7.666666666666667,11.615384615384615,11.0,1,2.0,2.4999999999999982,0.9959349593495935,0.0,0.0,2.0,5.0,10.655172413793103,73.0,1.0,5.0,10.333333333333334,9.527777777777779,0.6571428571428571,5.0055431458408135,0.9643523143523144,22.0,10.0,227.0,0,35,35,0.0,0.0,82.0
2024,Italian Grand Prix,16,18,STR,Lance Stroll,Aston Martin,17.0,19,0.0,Finished,2024-07-29,-2.0,11.333333333333334,0.3333333333333333,-0.3333333333333333,0.0,0.0,10.8,1.4,0.8,0.0,0.0,11.1,1.5,0.8,0.0,0.0,16.0,16.0,12.0,14.461538461538462,16.0,1,9.0,1.000000000000001,0.14634146341463414,0.0,0.0,2.0,5.0,10.709677419354838,73.0,1.0,5.0,11.0,9.58108108108108,0.5833333333333334,4.953353842167374,0.9678677803677803,22.0,10.0,245.0,0,36,36,0.0,0.0,82.0
2024,Azerbaijan Grand Prix,17,18,STR,Lance Stroll,Aston Martin,20.0,19,0.0,Finished,2024-08-12,1.0,14.333333333333334,0.0,-0.3333333333333333,0.0,0.0,12.0,1.4,-0.4,0.0,0.0,11.7,1.5,0.8,0.0,0.0,7.0,7.0,5.666666666666667,13.76923076923077,7.0,1,4.0,3.4999999999999973,0.0,0.0,0.0,2.0,5.0,10.818181818181818,81.0,1.0,5.0,12.0,9.657894736842104,0.5135135135135135,4.902502884704356,0.9702377202377203,22.0,10.0,253.0,0,37,37,0.0,0.0,82.0
2024,Singapore Grand Prix,18,18,STR,Lance Stroll,Aston Martin,18.0,14,0.0,Finished,2024-08-26,4.0,16.666666666666668,0.0,-1.0,0.0,0.0,14.4,0.2,-0.4,0.0,0.0,12.7,1.3,0.5,0.0,0.0,10.0,8.0,12.0,14.333333333333334,8.0,0,8.0,3.499999999999999,0.0,0.0,0.0,1.0,5.0,10.971428571428572,85.0,1.0,5.0,11.0,9.756410256410257,0.5263157894736842,4.836442975404398,0.9685146724620409,22.0,10.0,263.0,0,38,38,0.0,0.0,82.0
2024,United States Grand Prix,19,18,STR,Lance Stroll,Aston Martin,13.0,15,0.0,Finished,2024-09-09,-2.0,17.333333333333332,0.0,1.0,0.0,0.0,15.2,0.0,0.8,0.0,0.0,12.7,1.3,0.8,0.0,0.0,9.0,9.0,13.333333333333334,14.615384615384615,9.0,1,9.0,-2.4999999999999964,0.0,0.0,0.0,0.0,5.0,11.108108108108109,85.0,1.0,5.0,11.666666666666666,9.85,0.6153846153846154,4.804687319994401,0.9625743502261721,22.0,10.0,281.0,0,39,39,0.0,0.0,82.0
2024,Mexico City Grand Prix,20,18,STR,Lance Stroll,Aston Martin,13.0,11,0.0,Finished,2024-09-23,2.0,16.0,0.0,1.0,0.0,0.0,15.8,0.0,-0.2,0.0,0.0,13.5,0.7,0.4,0.0,0.0,17.0,17.0,17.666666666666668,13.76923076923077,17.0,1,17.0,-2.000000000000002,0.0,0.0,0.0,0.0,5.0,11.384615384615385,85.0,1.0,5.0,15.333333333333334,10.012195121951219,0.55,4.760682993447743,0.965295705756232,22.0,11.0,293.0,0,40,40,0.0,0.0,82.0
2024,São Paulo Grand Prix,21,18,STR,Lance Stroll,Aston Martin,2.0,19,0.0,Finished,2024-10-07,-17.0,13.333333333333334,0.0,1.3333333333333333,0.0,0.0,15.6,0.0,0.6,0.0,0.0,13.2,0.7,0.7,0.0,0.0,5.0,5.0,7.333333333333333,9.538461538461538,5.0,1,3.0,-1.5000000000000004,0.0,0.0,0.0,0.0,5.0,11.439024390243903,85.0,1.0,5.0,14.333333333333334,10.071428571428571,0.5853658536585366,4.706249089009726,0.9609156711210627,22.0,11.0,301.0,0,41,41,0.0,0.0,82.0
2024,Las Vegas Grand Prix,22,18,STR,Lance Stroll,Aston Martin,18.0,15,0.0,Finished,2024-10-21,3.0,15.0,0.0,-5.666666666666667,0.0,0.0,15.6,0.0,-2.4,0.0,0.0,13.8,0.7,-1.4,0.0,0.0,6.0,6.0,8.666666666666666,13.461538461538462,6.0,1,6.0,1.999999999999999,0.0,0.0,0.0,0.0,5.0,11.604651162790697,85.0,1.0,5.0,14.666666666666666,10.186046511627907,0.16666666666666666,5.38252215187705,1.0888303773642118,22.0,13.0,326.0,0,42,42,0.0,0.0,82.0
2024,Qatar Grand Prix,23,18,STR,Lance Stroll,Aston Martin,19.0,18,0.0,Finished,2024-11-04,1.0,15.0,0.0,-4.0,0.0,0.0,14.8,0.0,-2.0,0.0,0.0,14.6,0.1,-1.2,0.0,0.0,9.0,9.0,7.333333333333333,11.23076923076923,9.0,1,6.0,2.0000000000000018,0.0,0.0,0.0,0.0,5.0,11.577777777777778,91.0,1.0,5.0,11.0,10.204545454545455,0.23255813953488372,5.335582305447642,1.0818685938024983,22.0,13.0,336.0,0,43,43,0.0,0.0,82.0
2024,Abu Dhabi Grand Prix,24,18,STR,Lance Stroll,Aston Martin,10.0,12,0.0,Finished,2024-11-18,-2.0,17.333333333333332,0.0,-4.333333333333333,0.0,0.0,15.6,0.0,-2.6,0.0,0.0,15.4,0.0,-0.9,0.0,0.0,10.0,10.0,8.666666666666666,12.846153846153847,10.0,1,7.0,-0.5000000000000031,0.0,0.0,0.0,0.0,5.0,11.659574468085106,93.0,1.0,5.0,11.333333333333334,10.277777777777779,0.25,5.274444751996219,1.0777352166706233,22.0,13.0,361.0,0,44,44,0.0,0.0,82.0
2025,Australian Grand Prix,1,18,STR,Lance Stroll,Aston Martin,14.0,6,8.0,Finished,2025-01-01,8.0,15.0,0.0,0.6666666666666666,0.0,0.0,15.0,0.0,-2.6,0.0,0.0,15.4,0.0,-1.4,0.0,0.0,6.0,5.0,7.6,11.533333333333333,5.0,2,3.0,-1.5000000000000024,0.0,0.0,0.0,0.0,5.0,17.0,0.0,1.0,17.0,12.666666666666666,10.369565217391305,0.2,5.224940191045253,1.0780279694314783,0.0,1.0,0.0,1,45,45,0.0,0.0,82.0
2025,Chinese Grand Prix,2,18,STR,Lance Stroll,Aston Martin,14.0,12,0.0,Finished,2025-01-15,2.0,12.0,2.6666666666666665,2.3333333333333335,0.0,0.0,14.0,1.6,-1.4,0.0,0.0,14.8,0.8,-0.4,0.0,0.0,16.0,16.0,14.333333333333334,13.142857142857142,16.0,1,7.0,-6.000000000000002,1.362962962962963,0.0,0.0,1.0,5.0,14.333333333333334,8.0,1.0,6.0,14.333333333333334,10.425531914893616,0.3695652173913043,5.293008787918787,1.0632882309655765,8.0,6.0,17.0,0,46,46,0.0,0.0,90.0
2025,Japanese Grand Prix,3,18,STR,Lance Stroll,Aston Martin,19.0,20,0.0,Finished,2025-01-29,-1.0,10.0,2.6666666666666665,2.6666666666666665,0.0,0.0,12.6,1.6,2.4,0.0,0.0,14.1,0.8,0.0,0.0,0.0,15.0,12.0,11.0,12.6,12.0,2,6.0,-2.833743213900005e-15,1.3925925925925924,0.0,0.0,1.0,5.0,13.2,8.0,1.0,6.0,14.333333333333334,10.447916666666666,0.40425531914893614,5.240559107526788,1.0576863537109897,8.0,9.0,35.0,0,47,47,0.0,0.0,90.0
2025,Bahrain Grand Prix,4,18,STR,Lance Stroll,Aston Martin,18.0,18,0.0,Finished,2025-02-12,0.0,12.666666666666666,2.6666666666666665,3.0,0.0,0.0,13.6,1.6,1.6,0.0,0.0,14.2,0.8,-0.2,0.0,0.0,8.0,6.0,9.0,11.8,6.0,2,3.0,6.999999999999998,1.422222222222222,0.0,0.0,1.0,5.0,14.714285714285714,8.0,1.0,6.0,16.0,10.612244897959183,0.375,5.188469212200978,1.056484554675344,8.0,9.0,53.0,0,48,48,0.0,0.0,90.0
2025,Saudi Arabian Grand Prix,5,18,STR,Lance Stroll,Aston Martin,15.0,16,0.0,Finished,2025-02-26,-1.0,16.666666666666668,0.0,0.3333333333333333,0.0,0.0,13.6,1.6,1.4,0.0,0.0,14.6,0.8,-0.6,0.0,0.0,19.5,19.0,11.8,13.4,19.0,2,3.0,3.0000000000000013,0.0,0.0,0.0,1.0,5.0,14.777777777777779,8.0,1.0,6.0,15.666666666666666,10.7,0.3673469387755102,5.134417678564842,1.054257694805493,8.0,10.0,71.0,0,49,49,0.0,0.0,90.0
2025,Miami Grand Prix,6,18,STR,Lance Stroll,Aston Martin,16.0,16,0.0,Finished,2025-03-12,0.0,18.0,0.0,-0.6666666666666666,0.0,0.0,14.4,1.6,1.6,0.0,0.0,14.7,0.8,-0.5,0.0,0.0,12.5,12.0,10.4,12.133333333333333,12.0,2,3.0,-2.0000000000000004,0.0,0.0,0.0,1.0,5.0,14.909090909090908,8.0,1.0,6.0,14.333333333333334,10.794117647058824,0.34,5.085433379080018,1.053172540909383,8.0,10.0,84.0,0,50,50,0.0,0.0,90.0
2025,Emilia Romagna Grand Prix,7,18,STR,Lance Stroll,Aston Martin,8.0,15,0.0,Finished,2025-03-26,-7.0,16.666666666666668,0.0,-0.3333333333333333,0.0,0.0,16.4,0.0,0.0,0.0,0.0,15.2,0.8,-0.7,0.0,0.0,9.0,9.0,13.0,14.0,9.0,1,9.0,-1.0000000000000013,0.0,0.0,0.0,0.0,5.0,14.692307692307692,8.0,1.0,6.0,14.0,10.846153846153847,0.3333333333333333,5.0345473149695055,1.050976539530537,8.0,10.0,109.0,0,51,51,0.0,0.0,90.0
2025,Monaco Grand Prix,8,18,STR,Lance Stroll,Aston Martin,16.0,15,0.0,Finished,2025-04-09,1.0,15.666666666666666,0.0,-2.6666666666666665,0.0,0.0,17.0,0.0,-1.8,0.0,0.0,14.8,0.8,0.3,0.0,0.0,17.0,14.0,13.2,12.6,14.0,2,2.0,-0.5000000000000013,0.0,0.0,0.0,0.0,5.0,15.0,8.0,1.0,6.0,15.0,10.962264150943396,0.19230769230769232,5.0876184248430425,1.0628167342831547,8.0,11.0,124.0,0,52,52,0.0,0.0,90.0
2025,Canadian Grand Prix,10,18,STR,Lance Stroll,Aston Martin,18.0,17,0.0,Finished,2025-05-07,1.0,15.333333333333334,0.0,-2.0,0.0,0.0,16.0,0.0,-1.4,0.0,0.0,14.8,0.8,0.1,0.0,0.0,8.5,7.0,6.4,10.6,7.0,2,2.0,-0.5000000000000007,0.0,0.0,0.0,0.0,5.0,14.277777777777779,15.0,1.0,6.0,10.666666666666666,10.954128440366972,0.20754716981132076,5.039682875271929,1.0594117570547268,8.0,13.0,164.0,0,53,53,0.0,0.0,90.0
2025,Austrian Grand Prix,11,18,STR,Lance Stroll,Aston Martin,16.0,14,0.0,Finished,2025-05-21,2.0,15.666666666666666,0.0,-1.6666666666666667,0.0,0.0,15.8,0.0,-1.2,0.0,0.0,14.7,0.8,0.1,0.0,0.0,11.5,10.0,10.8,12.466666666666667,10.0,2,6.0,0.9999999999999972,0.0,0.0,0.0,0.0,5.0,14.05,21.0,1.0,6.0,10.333333333333334,10.972972972972974,0.2222222222222222,4.993076968169316,1.0563622215926998,8.0,13.0,176.0,0,54,54,0.0,0.0,90.0
2025,British Grand Prix,12,18,STR,Lance Stroll,Aston Martin,14.0,7,6.0,Finished,2025-06-04,7.0,15.333333333333334,0.0,1.3333333333333333,0.0,0.0,15.4,0.0,-0.6,0.0,0.0,14.9,0.8,0.5,0.0,0.0,9.0,7.0,8.4,13.466666666666667,7.0,2,7.0,-0.5000000000000007,0.0,0.0,0.0,0.0,5.0,13.818181818181818,23.0,1.0,6.0,10.0,10.982300884955752,0.2545454545454545,4.952433677153013,1.0521288977776453,8.0,15.0,194.0,0,55,55,0.0,0.0,90.0
2025,Belgian Grand Prix,13,18,STR,Lance Stroll,Aston Martin,16.0,14,0.0,Finished,2025-06-18,2.0,12.666666666666666,2.0,3.3333333333333335,0.0,0.0,13.6,1.2,0.8,0.0,0.0,15.0,0.6,0.4,0.0,0.0,10.5,9.0,10.4,11.666666666666666,9.0,2,5.0,-4.9999999999999964,1.1666666666666667,0.0,0.0,1.0,5.0,13.666666666666666,29.0,1.0,6.0,11.0,11.0,0.375,4.989306747252749,1.041674215079235,14.0,14.0,206.0,0,56,56,0.0,0.0,96.0
2025,Hungarian Grand Prix,14,18,STR,Lance Stroll,Aston Martin,7.0,7,6.0,Finished,2025-07-02,0.0,11.666666666666666,2.0,3.6666666666666665,0.0,0.0,13.4,1.2,2.6,0.0,0.0,15.2,0.6,0.4,0.0,0.0,10.0,10.0,9.0,14.266666666666667,10.0,2,5.0,-1.3266599536838092e-15,1.1875,0.0,0.0,1.0,5.0,13.346153846153847,39.0,1.0,5.0,12.0,10.974358974358974,0.40350877192982454,4.949241100277058,1.0378471132666993,14.0,15.0,231.0,0,57,57,0.0,0.0,96.0
2025,Dutch Grand Prix,15,18,STR,Lance Stroll,Aston Martin,19.0,8,4.0,Finished,2025-07-16,11.0,9.333333333333334,4.0,3.0,0.0,0.0,11.8,2.4,2.4,0.0,0.0,13.9,1.2,0.5,0.0,0.0,11.5,11.0,8.8,11.466666666666667,11.0,2,2.0,1.3957002124293653e-15,2.2745098039215685,0.0,0.0,2.0,5.0,12.964285714285714,47.0,1.0,5.0,7.0,10.92436974789916,0.39655172413793105,4.905920716463428,1.0350394044172735,20.0,11.0,243.0,0,58,58,0.0,0.0,102.0
2025,Italian Grand Prix,16,18,STR,Lance Stroll,Aston Martin,17.0,18,0.0,Finished,2025-07-30,-1.0,9.666666666666666,3.3333333333333335,4.333333333333333,0.0,0.0,10.0,3.2,4.4,0.0,0.0,12.9,1.6,1.6,0.0,0.0,17.5,16.0,14.8,15.066666666666666,16.0,2,9.0,-3.000000000000001,1.8553459119496856,0.0,0.0,3.0,5.0,13.0,51.0,1.0,5.0,12.0,10.96694214876033,0.576271186440678,5.055565010991586,1.0242760246813876,24.0,12.0,264.0,0,59,59,0.0,0.0,106.0
2025,Azerbaijan Grand Prix,17,18,STR,Lance Stroll,Aston Martin,14.0,17,0.0,Finished,2025-08-13,-3.0,11.0,3.3333333333333335,3.3333333333333335,0.0,0.0,10.8,3.2,3.8,0.0,0.0,13.1,1.6,1.6,0.0,0.0,13.0,7.0,10.2,14.2,7.0,2,4.0,5.499999999999999,1.886792452830189,0.0,0.0,3.0,5.0,13.21875,51.0,1.0,5.0,17.333333333333332,11.05691056910569,0.55,5.016667135912285,1.023871424270031,24.0,12.0,279.0,0,60,60,0.0,0.0,106.0
2025,Singapore Grand Prix,18,18,STR,Lance Stroll,Aston Martin,14.0,13,0.0,Finished,2025-08-27,1.0,14.333333333333334,1.3333333333333333,2.3333333333333335,0.0,0.0,12.8,2.0,1.8,0.0,0.0,13.2,1.6,1.3,0.0,0.0,14.0,14.0,11.5,13.857142857142858,14.0,1,8.0,4.499999999999999,0.7672955974842767,0.0,0.0,2.0,5.0,13.176470588235293,55.0,1.0,5.0,13.333333333333334,11.08,0.4918032786885246,4.995407727168597,1.025665881795659,24.0,14.0,279.0,0,61,61,0.0,0.0,106.0
2025,United States Grand Prix,19,18,STR,Lance Stroll,Aston Martin,18.0,12,0.0,Finished,2025-09-10,6.0,16.0,0.0,-1.0,0.0,0.0,12.6,2.0,1.6,0.0,0.0,13.0,1.6,2.1,0.0,0.0,12.0,9.0,13.0,14.333333333333334,9.0,2,9.0,-2.5000000000000018,0.0,0.0,0.0,2.0,5.0,13.083333333333334,56.0,1.0,5.0,10.333333333333334,11.086614173228346,0.5,4.95471294101574,1.0231013783258365,24.0,14.0,291.0,0,62,62,0.0,0.0,106.0
2025,Mexico City Grand Prix,20,18,STR,Lance Stroll,Aston Martin,19.0,14,0.0,Finished,2025-09-24,5.0,14.0,0.0,1.3333333333333333,0.0,0.0,13.6,0.8,2.8,0.0,0.0,12.7,1.6,2.6,0.0,0.0,14.0,11.0,16.4,13.866666666666667,11.0,2,11.0,-2.5,0.0,0.0,0.0,1.0,5.0,13.18421052631579,56.0,1.0,5.0,13.333333333333334,11.147286821705427,0.5873015873015873,4.963203052123732,1.0168867365646077,24.0,14.0,301.0,0,63,63,0.0,0.0,106.0
2025,São Paulo Grand Prix,21,18,STR,Lance Stroll,Aston Martin,16.0,16,0.0,Finished,2025-10-08,0.0,13.0,0.0,4.0,0.0,0.0,14.8,0.0,1.6,0.0,0.0,12.4,1.6,3.0,0.0,0.0,12.0,5.0,11.0,10.466666666666667,5.0,2,3.0,0.4999999999999998,0.0,0.0,0.0,0.0,5.0,13.225,56.0,1.0,5.0,15.333333333333334,11.19083969465649,0.65625,4.954455266134409,1.0119353813057856,24.0,15.0,321.0,0,64,64,0.0,0.0,106.0
2025,Las Vegas Grand Prix,22,18,STR,Lance Stroll,Aston Martin,2.0,20,0.0,Finished,2025-10-22,-18.0,14.0,0.0,3.6666666666666665,0.0,0.0,14.4,0.0,1.8,0.0,0.0,12.6,1.6,2.8,0.0,0.0,10.5,6.0,10.8,13.533333333333333,6.0,2,6.0,1.999999999999999,0.0,0.0,0.0,0.0,5.0,13.285714285714286,56.0,1.0,5.0,14.333333333333334,11.240601503759398,0.6461538461538462,4.916270083962183,1.010846782679362,24.0,15.0,346.0,0,65,65,0.0,0.0,106.0
2025,Qatar Grand Prix,23,18,STR,Lance Stroll,Aston Martin,19.0,17,0.0,Finished,2025-11-05,2.0,16.666666666666668,0.0,-4.333333333333333,0.0,0.0,15.0,0.0,-1.2,0.0,0.0,13.9,1.0,0.3,0.0,0.0,13.5,9.0,9.4,11.4,9.0,2,6.0,2.9999999999999982,0.0,0.0,0.0,0.0,5.0,13.295454545454545,62.0,1.0,5.0,13.333333333333334,11.274074074074074,0.36363636363636365,5.391264625830775,1.0965410233458361,24.0,15.0,364.0,0,66,66,0.0,0.0,106.0
2025,Abu Dhabi Grand Prix,24,18,STR,Lance Stroll,Aston Martin,16.0,9,2.0,Finished,2025-11-19,7.0,17.666666666666668,0.0,-5.333333333333333,0.0,0.0,15.8,0.0,-1.0,0.0,0.0,14.2,1.0,0.3,0.0,0.0,11.0,10.0,8.8,12.333333333333334,10.0,2,6.0,0.4999999999999989,0.0,0.0,0.0,0.0,5.0,13.217391304347826,70.0,1.0,5.0,10.0,11.277372262773723,0.3880597014925373,5.35399942235368,1.0928613065794806,24.0,15.0,376.0,0,67,67,0.0,0.0,106.0
2023,Bahrain Grand Prix,1,22,TSU,Yuki Tsunoda,AlphaTauri,15.0,11,0.0,Finished,2023-01-01,4.0,11.333333333333334,2.0,0.3333333333333333,0.0,0.0,11.4,2.2,0.2,0.0,0.0,11.5,2.0,0.1,0.0,0.0,10.0,8.0,14.0,12.666666666666666,8.0,0,14.0,-5.909437655256903e-17,0.864957264957265,0.0,0.0,2.0,5.0,14.0,0.0,1.0,14.0,14.0,14.0,0.0,0.0,1.013313220561811,0.0,1.0,0.0,1,0,0,0.0,0.0,0.0
2023,Saudi Arabian Grand Prix,2,22,TSU,Yuki Tsunoda,AlphaTauri,14.0,11,0.0,Finished,2023-01-15,3.0,11.0,0.0,4.0,0.0,0.0,11.0,0.0,4.0,0.0,0.0,11.0,0.0,4.0,0.0,0.0,10.0,8.0,14.0,15.0,8.0,0,14.0,-5.909437655256903e-17,0.864957264957265,0.0,0.0,0.0,1.0,13.0,0.0,1.0,11.0,13.0,13.0,4.0,0.0,0.6875,0.0,11.0,25.0,0,1,1,0.0,0.0,0.0
2023,Australian Grand Prix,3,22,TSU,Yuki Tsunoda,AlphaTauri,11.0,11,0.0,Finished,2023-01-29,0.0,11.0,0.0,3.5,0.0,0.0,11.0,0.0,3.5,0.0,0.0,11.0,0.0,3.5,0.0,0.0,10.0,8.0,13.0,11.666666666666666,8.0,0,13.0,-8.119847570969573e-16,0.864957264957265,0.0,0.0,0.0,2.0,12.6,0.0,1.0,11.0,12.666666666666666,12.6,3.5,0.7071067811865476,0.7104166666666667,0.0,14.0,43.0,0,2,2,0.0,0.0,0.0
2023,Azerbaijan Grand Prix,4,22,TSU,Yuki Tsunoda,AlphaTauri,10.0,10,1.0,Finished,2023-02-12,0.0,11.0,0.0,2.3333333333333335,0.0,0.0,11.0,0.0,2.3333333333333335,0.0,0.0,11.0,0.0,2.3333333333333335,0.0,0.0,10.0,8.0,20.0,19.0,8.0,0,20.0,7.522282595950339e-16,0.864957264957265,0.0,0.0,0.0,3.0,13.428571428571429,0.0,1.0,11.0,14.666666666666666,13.428571428571429,2.3333333333333335,2.0816659994661326,0.7791666666666667,0.0,18.0,68.0,0,3,3,0.0,0.0,0.0
2023,Miami Grand Prix,5,22,TSU,Yuki Tsunoda,AlphaTauri,15.0,11,0.0,Finished,2023-02-26,4.0,10.666666666666666,0.3333333333333333,1.0,0.0,0.0,10.75,0.25,1.75,0.0,0.0,10.75,0.25,1.75,0.0,0.0,10.0,8.0,18.0,15.666666666666666,8.0,0,18.0,-0.5,1.3333333333333333,0.0,0.0,1.0,4.0,13.555555555555555,1.0,1.0,10.0,16.0,13.555555555555555,1.75,2.06155281280883,0.8116477272727273,1.0,15.0,85.0,0,4,4,0.0,0.0,1.0
2023,Monaco Grand Prix,6,22,TSU,Yuki Tsunoda,AlphaTauri,9.0,15,0.0,Finished,2023-03-12,-6.0,10.666666666666666,0.3333333333333333,1.3333333333333333,0.0,0.0,10.8,0.2,2.2,0.0,0.0,10.8,0.2,2.2,0.0,0.0,10.0,8.0,12.0,12.0,8.0,0,12.0,3.191892951896282e-16,1.6666666666666665,0.0,0.0,1.0,5.0,13.181818181818182,1.0,1.0,10.0,13.666666666666666,13.181818181818182,2.2,2.0493901531919194,0.7868181818181819,1.0,16.0,110.0,0,5,5,0.0,0.0,1.0
2023,Spanish Grand Prix,7,22,TSU,Yuki Tsunoda,AlphaTauri,12.0,9,2.0,Finished,2023-03-26,3.0,12.0,0.3333333333333333,-0.6666666666666666,0.0,0.0,11.6,0.2,0.2,0.0,0.0,11.5,0.16666666666666666,0.8333333333333334,0.0,0.0,10.0,8.0,14.0,14.333333333333334,8.0,0,14.0,2.499999999999999,2.0,0.0,0.0,1.0,5.0,13.384615384615385,1.0,1.0,10.0,13.666666666666666,13.384615384615385,0.8333333333333334,3.816630276391291,0.9056818181818181,1.0,16.0,135.0,0,6,6,0.0,0.0,1.0
2023,Canadian Grand Prix,8,22,TSU,Yuki Tsunoda,AlphaTauri,20.0,14,0.0,Finished,2023-04-09,6.0,11.666666666666666,0.6666666666666666,0.3333333333333333,0.0,0.0,11.2,0.6,0.2,0.0,0.0,11.142857142857142,0.42857142857142855,1.1428571428571428,0.0,0.0,10.0,8.0,18.0,15.0,8.0,0,18.0,-0.9999999999999994,1.5555555555555556,0.0,0.0,2.0,5.0,13.4,3.0,1.0,9.0,13.666666666666666,13.4,1.1428571428571428,3.5790395093549616,0.8751998001998001,3.0,14.0,158.0,0,7,7,0.0,0.0,3.0
2023,Austrian Grand Prix,9,22,TSU,Yuki Tsunoda,AlphaTauri,20.0,17,0.0,Finished,2023-04-23,3.0,12.666666666666666,0.6666666666666666,1.0,0.0,0.0,11.8,0.6,1.4,0.0,0.0,11.5,0.375,1.75,0.0,0.0,10.0,8.0,15.0,15.0,8.0,0,15.0,-0.5000000000000007,1.7777777777777777,0.0,0.0,2.0,5.0,13.529411764705882,3.0,1.0,9.0,15.666666666666666,13.529411764705882,1.75,3.732100136460894,0.8491331585081585,3.0,15.0,183.0,0,8,8,0.0,0.0,3.0
2023,British Grand Prix,10,22,TSU,Yuki Tsunoda,AlphaTauri,13.0,16,0.0,Finished,2023-05-07,-3.0,13.333333333333334,0.6666666666666666,4.0,0.0,0.0,13.2,0.4,2.0,0.0,0.0,12.11111111111111,0.3333333333333333,1.8888888888888888,0.0,0.0,10.0,8.0,17.0,15.0,8.0,0,17.0,4.0,2.0,0.0,0.0,1.0,5.0,13.894736842105264,3.0,1.0,9.0,16.333333333333332,13.894736842105264,1.8888888888888888,3.5158371849548304,0.8447321197321197,3.0,15.0,208.0,0,9,9,0.0,0.0,3.0
2023,Hungarian Grand Prix,11,22,TSU,Yuki Tsunoda,AlphaTauri,11.0,15,0.0,Finished,2023-05-21,-4.0,15.666666666666666,0.0,2.0,0.0,0.0,14.2,0.4,0.6,0.0,0.0,12.5,0.3,1.4,0.0,0.0,10.0,8.0,13.0,13.666666666666666,8.0,0,13.0,1.0,0.0,0.0,0.0,1.0,5.0,13.952380952380953,3.0,1.0,9.0,15.333333333333334,13.952380952380953,1.4,3.657564459825387,0.874544622044622,3.0,16.0,233.0,0,10,10,0.0,0.0,3.0
2023,Belgian Grand Prix,12,22,TSU,Yuki Tsunoda,AlphaTauri,9.0,10,1.0,Finished,2023-06-04,-1.0,16.0,0.0,-1.3333333333333333,0.0,0.0,14.2,0.4,1.0,0.0,0.0,12.9,0.3,0.6,0.0,0.0,10.0,8.0,16.0,13.666666666666666,8.0,0,16.0,-1.0000000000000016,0.0,0.0,0.0,1.0,5.0,14.08695652173913,3.0,1.0,9.0,14.666666666666666,14.08695652173913,0.9090909090909091,3.832872172524031,0.9086769291314746,3.0,16.0,258.0,0,11,11,0.0,0.0,3.0
2023,Dutch Grand Prix,13,22,TSU,Yuki Tsunoda,AlphaTauri,18.0,13,0.0,Finished,2023-06-18,5.0,13.666666666666666,0.3333333333333333,-2.6666666666666665,0.0,0.0,14.4,0.2,0.2,0.0,0.0,12.8,0.4,0.2,0.0,0.0,10.0,8.0,14.0,16.0,8.0,0,14.0,-2.999999999999999,1.0,0.0,0.0,1.0,5.0,13.92,4.0,1.0,9.0,13.333333333333334,13.92,0.75,3.695820735518825,0.9162871850371851,4.0,14.0,282.0,0,12,12,0.0,0.0,4.0
2023,Italian Grand Prix,14,22,TSU,Yuki Tsunoda,AlphaTauri,2.0,20,0.0,Finished,2023-07-02,-18.0,12.666666666666666,0.3333333333333333,0.0,0.0,0.0,14.2,0.2,0.0,0.0,0.0,13.0,0.4,0.7,0.0,0.0,10.0,8.0,12.0,12.0,8.0,0,12.0,-1.0,1.0833333333333333,0.0,0.0,1.0,5.0,13.814814814814815,4.0,1.0,9.0,13.0,13.814814814814815,1.0769230769230769,3.729645614566672,0.8984351343663085,4.0,14.0,307.0,0,13,13,0.0,0.0,4.0
2023,Singapore Grand Prix,15,22,TSU,Yuki Tsunoda,AlphaTauri,2.0,19,0.0,Finished,2023-07-16,-17.0,14.333333333333334,0.3333333333333333,-4.666666666666667,0.0,0.0,14.8,0.2,-4.2,0.0,0.0,14.0,0.3,-1.1,0.0,0.0,10.0,8.0,10.0,13.333333333333334,8.0,0,10.0,4.999999999999997,1.1666666666666667,0.0,0.0,1.0,5.0,13.89655172413793,5.0,1.0,9.0,14.0,13.89655172413793,-0.2857142857142857,6.231786648719999,1.3104516723877626,4.0,14.0,332.0,0,14,14,0.0,0.0,4.0
2023,Japanese Grand Prix,16,22,TSU,Yuki Tsunoda,AlphaTauri,11.0,12,0.0,Finished,2023-07-30,-1.0,17.333333333333332,0.0,-10.0,0.0,0.0,15.4,0.2,-7.0,0.0,0.0,14.8,0.3,-3.2,0.0,0.0,10.0,8.0,11.0,14.666666666666666,8.0,0,11.0,3.0000000000000018,0.0,0.0,0.0,1.0,5.0,13.96774193548387,5.0,1.0,9.0,13.333333333333334,13.96774193548387,-1.4,7.394978991566797,1.645310449784134,4.0,15.0,342.0,0,15,15,0.0,0.0,4.0
2023,Qatar Grand Prix,17,22,TSU,Yuki Tsunoda,AlphaTauri,9.0,15,0.0,Finished,2023-08-13,-6.0,17.0,0.0,-12.0,0.0,0.0,14.8,0.2,-6.4,0.0,0.0,14.5,0.3,-2.7,0.0,0.0,10.0,8.0,17.0,12.333333333333334,8.0,0,17.0,-3.999999999999999,0.0,0.0,0.0,1.0,5.0,14.0,5.0,1.0,9.0,13.333333333333334,14.0,-1.375,7.1449282711585,1.6049785466726256,4.0,14.0,367.0,0,16,16,0.0,0.0,4.0
2023,United States Grand Prix,18,22,TSU,Yuki Tsunoda,AlphaTauri,12.0,10,1.0,Finished,2023-08-27,2.0,15.333333333333334,0.0,-8.0,0.0,0.0,15.8,0.0,-7.4,0.0,0.0,15.1,0.1,-3.6,0.0,0.0,10.0,8.0,17.0,15.333333333333334,8.0,0,17.0,-2.000000000000001,0.0,0.0,0.0,0.0,5.0,14.114285714285714,5.0,1.0,9.0,16.333333333333332,14.114285714285714,-1.6470588235294117,7.0083983233563085,1.598803338044824,4.0,15.0,392.0,0,17,17,0.0,0.0,4.0
2023,Mexico City Grand Prix,19,22,TSU,Yuki Tsunoda,AlphaTauri,15.0,13,0.0,Finished,2023-09-10,2.0,12.333333333333334,0.3333333333333333,-1.6666666666666667,0.0,0.0,15.2,0.2,-8.0,0.0,0.0,14.7,0.2,-4.0,0.0,0.0,10.0,8.0,7.0,12.666666666666666,8.0,0,7.0,-0.9999999999999978,1.2,0.0,0.0,1.0,5.0,13.81081081081081,12.0,1.0,7.0,11.333333333333334,13.81081081081081,-1.4444444444444444,6.853270771057999,1.55271597311071,5.0,15.0,416.0,0,18,18,0.0,0.0,5.0
2023,São Paulo Grand Prix,20,22,TSU,Yuki Tsunoda,AlphaTauri,14.0,9,2.0,Finished,2023-09-24,5.0,12.666666666666666,0.3333333333333333,-0.6666666666666666,0.0,0.0,13.8,0.2,-4.0,0.0,0.0,14.3,0.2,-4.1,0.0,0.0,10.0,8.0,13.0,15.333333333333334,8.0,0,13.0,-1.0,1.2666666666666666,0.0,0.0,1.0,5.0,13.76923076923077,12.0,1.0,7.0,11.0,13.76923076923077,-1.263157894736842,6.706896162931917,1.5137572376838306,5.0,16.0,441.0,0,19,19,0.0,0.0,5.0
2023,Las Vegas Grand Prix,21,22,TSU,Yuki Tsunoda,AlphaTauri,12.0,18,0.0,Finished,2023-10-08,-6.0,10.666666666666666,1.0,3.0,0.0,0.0,11.8,0.6,0.4,0.0,0.0,13.6,0.4,-3.3,0.0,0.0,10.0,8.0,14.0,15.333333333333334,8.0,0,14.0,-0.4999999999999995,2.857142857142857,0.0,0.0,2.0,5.0,13.658536585365853,14.0,1.0,7.0,12.0,13.658536585365853,-0.95,6.676549691979659,1.4680693757996388,7.0,15.0,464.0,0,20,20,0.0,0.0,7.0
2023,Abu Dhabi Grand Prix,22,22,TSU,Yuki Tsunoda,AlphaTauri,6.0,8,4.0,Finished,2023-10-22,-2.0,13.333333333333334,0.6666666666666666,0.3333333333333333,0.0,0.0,13.0,0.6,-0.6,0.0,0.0,13.9,0.4,-3.5,0.0,0.0,10.0,8.0,11.0,15.666666666666666,8.0,0,11.0,2.499999999999999,2.0,0.0,0.0,2.0,5.0,13.69767441860465,14.0,1.0,7.0,14.333333333333334,13.69767441860465,-1.1904761904761905,6.60014429856687,1.4640953762194364,7.0,15.0,489.0,0,21,21,0.0,0.0,7.0
2024,Bahrain Grand Prix,1,22,TSU,Yuki Tsunoda,RB,10.0,14,0.0,Finished,2024-01-01,-4.0,11.666666666666666,2.0,-1.0,0.0,0.0,11.6,1.4,0.2,0.0,0.0,13.7,0.7,-3.6,0.0,0.0,11.0,11.0,13.0,10.6,11.0,1,13.0,-0.4999999999999985,4.0,0.0,0.0,3.0,5.0,13.0,0.0,1.0,13.0,13.0,13.0,-1.2272727272727273,6.443393206790659,1.4494936383393322,0.0,1.0,0.0,1,22,0,0.0,0.0,11.0
2024,Saudi Arabian Grand Prix,2,22,TSU,Yuki Tsunoda,RB,10.0,14,0.0,Finished,2024-01-15,-4.0,13.333333333333334,1.3333333333333333,-4.0,0.0,0.0,12.4,1.2,-1.0,0.0,0.0,13.8,0.7,-4.5,0.0,0.0,11.0,11.0,16.0,10.844444444444445,11.0,1,16.0,-2.0000000000000027,2.7878787878787876,0.0,0.0,2.0,5.0,14.333333333333334,0.0,1.0,13.0,14.333333333333334,14.333333333333334,-1.3478260869565217,6.321742392526791,1.441808144182286,0.0,10.0,25.0,0,23,1,0.0,0.0,11.0
2024,Australian Grand Prix,3,22,TSU,Yuki Tsunoda,RB,9.0,8,4.0,Finished,2024-01-29,1.0,12.0,1.3333333333333333,-3.3333333333333335,0.0,0.0,12.6,1.2,-2.2,0.0,0.0,13.2,0.7,-3.1,0.0,0.0,11.0,11.0,13.0,10.044444444444444,11.0,1,13.0,3.0,2.909090909090909,0.0,0.0,2.0,5.0,14.0,0.0,1.0,13.0,14.333333333333334,14.0,-1.4583333333333333,6.206442421889684,1.4347631078716605,0.0,12.0,50.0,0,24,2,0.0,0.0,11.0
2024,Japanese Grand Prix,4,22,TSU,Yuki Tsunoda,RB,14.0,10,1.0,Finished,2024-02-12,4.0,12.0,1.3333333333333333,-2.3333333333333335,0.0,0.0,12.4,1.6,-3.0,0.0,0.0,12.1,1.1,-1.3,0.0,0.0,12.0,12.0,20.0,10.377777777777778,12.0,1,20.0,-3.0,2.2222222222222223,0.0,0.0,2.0,5.0,14.0,4.0,1.0,8.0,13.666666666666666,14.0,-1.36,6.095626847721788,1.409372583556794,4.0,11.0,46.0,0,25,3,0.0,0.0,15.0
2024,Chinese Grand Prix,5,22,TSU,Yuki Tsunoda,RB,16.0,19,0.0,Finished,2024-02-26,-3.0,10.666666666666666,1.6666666666666667,0.3333333333333333,0.0,0.0,10.8,1.8,-1.0,0.0,0.0,11.9,1.2,-0.8,0.0,0.0,10.0,8.0,18.0,10.068965517241379,8.0,0,18.0,-2.0000000000000004,2.7083333333333335,0.0,0.0,3.0,5.0,14.0,5.0,1.0,8.0,16.0,14.0,-1.1538461538461537,6.06427115285791,1.380806971368712,5.0,11.0,70.0,0,26,4,0.0,0.0,16.0
2024,Miami Grand Prix,6,22,TSU,Yuki Tsunoda,RB,9.0,7,6.0,Finished,2024-03-11,2.0,12.333333333333334,1.6666666666666667,0.6666666666666666,0.0,0.0,13.0,1.0,-1.2,0.0,0.0,12.3,1.2,-0.5,0.0,0.0,11.0,11.0,16.0,10.755555555555556,11.0,1,16.0,5.499999999999998,2.8125000000000004,0.0,0.0,2.0,5.0,14.636363636363637,5.0,1.0,8.0,17.666666666666668,14.636363636363637,-1.2222222222222223,5.957111673217104,1.371060307941113,5.0,11.0,95.0,0,27,5,0.0,0.0,16.0
2024,Emilia Romagna Grand Prix,7,22,TSU,Yuki Tsunoda,RB,9.0,10,1.0,Finished,2024-03-25,-1.0,12.0,2.3333333333333335,1.0,0.0,0.0,11.6,2.2,0.0,0.0,0.0,12.0,1.7,-0.5,0.0,0.0,10.0,8.0,13.0,10.931034482758621,8.0,0,13.0,-1.4999999999999993,2.9696969696969697,0.0,0.0,3.0,5.0,13.923076923076923,11.0,1.0,7.0,12.0,13.923076923076923,-1.1071428571428572,5.877384689949331,1.3470938683717875,11.0,10.0,107.0,0,28,6,0.0,0.0,22.0
2024,Monaco Grand Prix,8,22,TSU,Yuki Tsunoda,RB,12.0,8,4.0,Finished,2024-04-08,4.0,12.0,2.3333333333333335,-0.6666666666666666,0.0,0.0,10.8,2.4,0.6,0.0,0.0,11.7,1.8,-0.8,0.0,0.0,15.0,15.0,12.0,10.4,15.0,1,12.0,-4.500000000000002,2.9420289855072466,0.0,0.0,4.0,5.0,13.533333333333333,12.0,1.0,7.0,11.666666666666666,13.533333333333333,-1.103448275862069,5.771511485528397,1.3351251142900016,12.0,10.0,131.0,0,29,7,0.0,0.0,23.0
2024,Canadian Grand Prix,9,22,TSU,Yuki Tsunoda,RB,11.0,14,0.0,Finished,2024-04-22,-3.0,8.333333333333334,3.6666666666666665,1.6666666666666667,0.0,0.0,10.8,2.4,1.2,0.0,0.0,11.6,2.0,-0.9,0.0,0.0,14.0,14.0,8.0,9.933333333333334,14.0,1,8.0,0.5000000000000006,4.0740740740740735,0.0,0.0,4.0,5.0,12.882352941176471,20.0,1.0,7.0,9.333333333333334,12.882352941176471,-0.9333333333333333,5.747163218273104,1.3111337643264886,16.0,10.0,135.0,0,30,8,0.0,0.0,27.0
2024,Spanish Grand Prix,10,22,TSU,Yuki Tsunoda,RB,15.0,19,0.0,Finished,2024-05-06,-4.0,10.666666666666666,1.6666666666666667,0.0,0.0,0.0,11.6,2.2,-0.2,0.0,0.0,11.2,2.0,-0.6,0.0,0.0,9.0,9.0,15.0,9.795454545454545,9.0,1,15.0,2.0,1.9135802469135803,0.0,0.0,3.0,5.0,13.052631578947368,20.0,1.0,7.0,12.333333333333334,13.052631578947368,-1.0,5.662743740155179,1.3064735353697203,16.0,10.0,160.0,0,31,9,0.0,0.0,27.0
2024,Austrian Grand Prix,11,22,TSU,Yuki Tsunoda,RB,14.0,15,0.0,Finished,2024-05-20,-1.0,13.666666666666666,1.3333333333333333,-1.0,0.0,0.0,11.6,2.2,-0.4,0.0,0.0,12.3,1.6,-0.8,0.0,0.0,17.0,17.0,9.0,10.044444444444444,17.0,1,9.0,5.500000000000001,1.5802469135802468,0.0,0.0,3.0,5.0,13.142857142857142,22.0,1.0,7.0,14.333333333333334,13.142857142857142,-1.09375,5.5958473946772465,1.3027556123894166,16.0,10.0,185.0,0,32,10,0.0,0.0,27.0
2024,British Grand Prix,12,22,TSU,Yuki Tsunoda,RB,12.0,10,1.0,Finished,2024-06-03,2.0,16.0,0.0,-2.6666666666666665,0.0,0.0,13.2,1.0,-1.0,0.0,0.0,12.4,1.6,-0.5,0.0,0.0,16.0,16.0,13.0,10.6,16.0,1,13.0,0.4999999999999999,0.0,0.0,0.0,2.0,5.0,13.217391304347826,22.0,1.0,7.0,12.333333333333334,13.217391304347826,-1.0909090909090908,5.507742484242275,1.2935811998927675,16.0,10.0,195.0,0,33,11,0.0,0.0,27.0
2024,Hungarian Grand Prix,13,22,TSU,Yuki Tsunoda,RB,12.0,9,2.0,Finished,2024-06-17,3.0,14.666666666666666,0.3333333333333333,-1.0,0.0,0.0,13.2,1.0,-0.4,0.0,0.0,12.0,1.7,0.1,0.0,0.0,15.0,15.0,12.0,10.444444444444445,15.0,1,12.0,-4.5,0.40476190476190477,0.0,0.0,2.0,5.0,13.04,23.0,1.0,7.0,11.666666666666666,13.04,-1.0,5.44949260913066,1.2781591284027087,17.0,12.0,212.0,0,34,12,0.0,0.0,28.0
2024,Belgian Grand Prix,14,22,TSU,Yuki Tsunoda,RB,19.0,17,0.0,Finished,2024-07-01,2.0,11.333333333333334,1.0,1.3333333333333333,0.0,0.0,13.4,0.6,-0.6,0.0,0.0,12.1,1.5,0.3,0.0,0.0,10.0,10.0,11.0,10.355555555555556,10.0,1,11.0,-2.9999999999999987,1.1666666666666667,0.0,0.0,2.0,5.0,12.814814814814815,25.0,1.0,7.0,10.666666666666666,12.814814814814815,-0.8857142857142857,5.411161822465445,1.261420515942851,19.0,12.0,220.0,0,35,13,0.0,0.0,30.0
2024,Dutch Grand Prix,15,22,TSU,Yuki Tsunoda,RB,12.0,17,0.0,Finished,2024-07-15,-5.0,12.0,1.0,2.3333333333333335,0.0,0.0,14.0,0.6,0.4,0.0,0.0,12.8,1.4,0.1,0.0,0.0,13.0,13.0,13.0,11.022222222222222,13.0,1,13.0,3.4999999999999982,1.2,0.0,0.0,2.0,5.0,12.96551724137931,25.0,1.0,7.0,13.666666666666666,12.96551724137931,-0.8055555555555556,5.354941346587918,1.249992168277772,19.0,12.0,230.0,0,36,14,0.0,0.0,30.0
2024,Italian Grand Prix,16,22,TSU,Yuki Tsunoda,RB,14.0,20,0.0,Finished,2024-07-29,-6.0,14.333333333333334,0.6666666666666666,0.0,0.0,0.0,13.6,0.6,0.2,0.0,0.0,12.6,1.4,-0.1,0.0,0.0,20.0,20.0,12.0,10.977777777777778,20.0,1,12.0,4.000000000000001,0.8222222222222221,0.0,0.0,2.0,5.0,13.064516129032258,25.0,1.0,7.0,14.0,13.064516129032258,-0.918918918918919,5.324880689213078,1.2515516315051918,19.0,12.0,248.0,0,37,15,0.0,0.0,30.0
2024,Azerbaijan Grand Prix,17,22,TSU,Yuki Tsunoda,RB,11.0,20,0.0,Finished,2024-08-12,-9.0,18.0,0.0,-3.0,0.0,0.0,14.6,0.6,-0.8,0.0,0.0,13.9,0.8,-0.9,0.0,0.0,10.0,10.0,13.0,11.28888888888889,10.0,1,13.0,1.4999999999999958,0.0,0.0,0.0,2.0,5.0,13.272727272727273,25.0,1.0,7.0,15.0,13.272727272727273,-1.0526315789473684,5.316711889886163,1.253703781553301,19.0,12.0,256.0,0,38,16,0.0,0.0,30.0
2024,Singapore Grand Prix,18,22,TSU,Yuki Tsunoda,RB,11.0,12,0.0,Finished,2024-08-26,-1.0,19.0,0.0,-6.666666666666667,0.0,0.0,16.6,0.4,-3.0,0.0,0.0,14.9,0.7,-1.7,0.0,0.0,19.0,19.0,18.0,10.227272727272727,19.0,1,18.0,1.4999999999999998,0.0,0.0,0.0,1.0,5.0,13.6,25.0,1.0,7.0,17.0,13.6,-1.2564102564102564,5.398430321169628,1.2642925734792847,19.0,12.0,266.0,0,39,17,0.0,0.0,30.0
2024,United States Grand Prix,19,22,TSU,Yuki Tsunoda,RB,8.0,14,0.0,Finished,2024-09-09,-6.0,17.333333333333332,0.0,-5.333333333333333,0.0,0.0,17.2,0.0,-3.8,0.0,0.0,15.3,0.3,-2.2,0.0,0.0,10.0,10.0,9.0,10.688888888888888,10.0,1,9.0,-4.0,0.0,0.0,0.0,0.0,5.0,13.432432432432432,27.0,1.0,7.0,13.0,13.432432432432432,-1.25,5.328924459723171,1.2576852591423024,19.0,12.0,284.0,0,40,18,0.0,0.0,30.0
2024,Mexico City Grand Prix,20,22,TSU,Yuki Tsunoda,RB,2.0,20,0.0,Finished,2024-09-23,-18.0,15.333333333333334,0.0,-5.333333333333333,0.0,0.0,16.6,0.0,-5.4,0.0,0.0,15.3,0.3,-2.5,0.0,0.0,13.0,13.0,16.0,9.733333333333333,13.0,1,16.0,-3.000000000000002,0.0,0.0,0.0,0.0,5.0,13.512820512820513,27.0,1.0,7.0,13.0,13.512820512820513,-1.3658536585365855,5.313925561959706,1.2649503883231137,19.0,12.0,296.0,0,41,19,0.0,0.0,30.0
2024,São Paulo Grand Prix,21,22,TSU,Yuki Tsunoda,RB,4.0,8,4.0,Finished,2024-10-07,-4.0,15.333333333333334,0.0,-8.333333333333334,0.0,0.0,17.2,0.0,-8.0,0.0,0.0,15.4,0.3,-3.9,0.0,0.0,9.0,9.0,9.0,10.666666666666666,9.0,1,9.0,3.999999999999999,0.0,0.0,0.0,0.0,5.0,13.560975609756097,29.0,1.0,7.0,15.0,13.560975609756097,-1.7619047619047619,5.842692011558369,1.3935626806646266,19.0,12.0,304.0,0,42,20,0.0,0.0,30.0
2024,Las Vegas Grand Prix,22,22,TSU,Yuki Tsunoda,RB,7.0,9,2.0,Finished,2024-10-21,-2.0,14.0,1.3333333333333333,-9.333333333333334,0.0,0.0,14.8,0.8,-7.6,0.0,0.0,14.7,0.7,-4.2,0.0,0.0,18.0,18.0,16.0,10.6,18.0,1,16.0,-2.999999999999999,1.6862745098039216,0.0,0.0,1.0,5.0,13.488372093023257,33.0,1.0,7.0,11.0,13.488372093023257,-1.813953488372093,5.782798029103576,1.398363548556147,23.0,12.0,325.0,0,43,21,0.0,0.0,34.0
2024,Qatar Grand Prix,23,22,TSU,Yuki Tsunoda,RB,12.0,13,0.0,Finished,2024-11-04,-1.0,12.333333333333334,2.0,-8.0,0.0,0.0,12.6,1.2,-6.2,0.0,0.0,14.6,0.8,-4.6,0.0,0.0,15.0,15.0,14.0,10.227272727272727,15.0,1,14.0,-5.500000000000001,2.444444444444444,0.0,0.0,2.0,5.0,13.4,35.0,1.0,7.0,13.0,13.4,-1.8181818181818181,5.715229459971563,1.3921507406344165,25.0,11.0,333.0,0,44,22,0.0,0.0,36.0
2024,Abu Dhabi Grand Prix,24,22,TSU,Yuki Tsunoda,RB,18.0,13,0.0,Finished,2024-11-18,5.0,10.0,2.0,-2.3333333333333335,0.0,0.0,12.8,1.2,-6.2,0.0,0.0,15.0,0.6,-5.0,0.0,0.0,8.0,8.0,17.0,9.977777777777778,8.0,1,17.0,2.5,2.5,0.0,0.0,2.0,5.0,13.46808510638298,35.0,1.0,7.0,14.666666666666666,13.46808510638298,-1.8,5.651226737299047,1.3834362797314295,25.0,12.0,358.0,0,45,23,0.0,0.0,36.0
2025,Australian Grand Prix,1,22,TSU,Yuki Tsunoda,Racing Bulls,9.0,12,0.0,Finished,2025-01-01,-3.0,11.666666666666666,0.6666666666666666,0.6666666666666666,0.0,0.0,12.6,1.2,-4.0,0.0,0.0,14.6,0.6,-4.7,0.0,0.0,9.5,8.0,19.0,10.191489361702128,8.0,2,19.0,2.000000000000001,0.8518518518518517,0.0,0.0,2.0,5.0,19.0,0.0,1.0,19.0,19.0,19.0,-1.6521739130434783,5.677313101985041,1.3682357198745676,0.0,1.0,0.0,1,46,0,0.0,0.0,36.0
2025,Chinese Grand Prix,2,22,TSU,Yuki Tsunoda,Racing Bulls,8.0,19,0.0,Finished,2025-01-15,-11.0,12.666666666666666,0.0,0.3333333333333333,0.0,0.0,11.0,1.2,-1.0,0.0,0.0,14.1,0.6,-4.5,0.0,0.0,19.0,19.0,15.0,10.516129032258064,19.0,1,15.0,-0.5,0.0,0.0,0.0,2.0,5.0,15.333333333333334,0.0,1.0,12.0,15.333333333333334,15.333333333333334,-1.6808510638297873,5.618704720681214,1.364656236472981,0.0,11.0,25.0,0,47,1,0.0,0.0,36.0
2025,Japanese Grand Prix,3,22,TSU,Yuki Tsunoda,Red Bull Racing,13.0,12,0.0,Finished,2025-01-29,1.0,14.666666666666666,0.0,-3.0,0.0,0.0,13.2,0.4,-2.4,0.0,0.0,14.0,0.6,-5.0,0.0,0.0,11.0,10.0,5.75,10.096153846153847,10.0,2,1.0,2.9999999999999973,0.0,0.0,0.0,1.0,5.0,9.25,30.0,1.0,2.0,7.333333333333333,5.395833333333333,-1.875,5.719042473046571,1.3802073796946088,0.0,13.0,43.0,0,48,0,0.0,0.0,36.0
2025,Bahrain Grand Prix,4,22,TSU,Yuki Tsunoda,Red Bull Racing,10.0,9,2.0,Finished,2025-02-12,1.0,14.333333333333334,0.0,-4.333333333333333,0.0,0.0,13.8,0.0,-1.8,0.0,0.0,13.2,0.6,-4.0,0.0,0.0,12.5,11.0,1.5,10.115384615384615,11.0,2,1.0,2.8756056441497367e-15,0.0,0.0,0.0,0.0,5.0,8.333333333333334,55.0,1.0,1.0,5.666666666666667,5.418367346938775,-1.816326530612245,5.6740398210760254,1.369532593520083,0.0,14.0,61.0,0,49,1,0.0,0.0,36.0
2025,Saudi Arabian Grand Prix,5,22,TSU,Yuki Tsunoda,Red Bull Racing,20.0,20,0.0,Finished,2025-02-26,0.0,13.333333333333334,0.6666666666666666,-3.0,0.0,0.0,13.0,0.4,-1.4,0.0,0.0,12.9,0.8,-3.8,0.0,0.0,12.5,11.0,1.5,10.173076923076923,11.0,2,1.0,-5.000000000000002,0.8771929824561403,0.0,0.0,1.0,5.0,8.125,65.0,1.0,1.0,5.333333333333333,5.46,-1.76,5.62994906998387,1.358505578013318,2.0,15.0,77.0,0,50,2,0.0,0.0,38.0
2025,Miami Grand Prix,6,22,TSU,Yuki Tsunoda,Red Bull Racing,10.0,10,1.0,Finished,2025-03-12,0.0,13.666666666666666,0.6666666666666666,0.6666666666666666,0.0,0.0,14.4,0.4,-2.4,0.0,0.0,13.5,0.8,-3.2,0.0,0.0,9.0,7.0,2.5,10.173076923076923,7.0,2,1.0,3.999999999999995,0.894736842105263,0.0,0.0,1.0,5.0,8.7,83.0,1.0,1.0,9.333333333333334,5.568627450980392,-1.7254901960784315,5.578811455399972,1.3505423500597422,2.0,16.0,90.0,0,51,3,0.0,0.0,38.0
2025,Emilia Romagna Grand Prix,7,22,TSU,Yuki Tsunoda,Red Bull Racing,19.0,10,1.0,Finished,2025-03-26,9.0,13.0,1.0,0.3333333333333333,0.0,0.0,14.0,0.6,-1.8,0.0,0.0,12.5,0.9,-1.4,0.0,0.0,10.0,10.0,4.5,10.558823529411764,10.0,1,1.0,0.5000000000000014,1.3333333333333333,0.0,0.0,2.0,5.0,8.416666666666666,96.0,1.0,1.0,5.333333333333333,5.596153846153846,-1.6923076923076923,5.529026654539326,1.3420528992718799,3.0,15.0,114.0,0,52,4,0.0,0.0,39.0
2025,Monaco Grand Prix,8,22,TSU,Yuki Tsunoda,Red Bull Racing,17.0,17,0.0,Finished,2025-04-09,0.0,13.333333333333334,0.6666666666666666,3.0,0.0,0.0,12.2,0.8,2.2,0.0,0.0,12.7,0.6,-0.1,0.0,0.0,11.5,8.0,11.0,10.26923076923077,8.0,2,1.0,-5.000000000000002,0.8833333333333332,0.0,0.0,3.0,5.0,8.0,122.0,1.0,1.0,5.0,5.59433962264151,-1.490566037735849,5.6691562304938685,1.3261651087195803,4.0,15.0,128.0,0,53,5,0.0,0.0,40.0
2025,Spanish Grand Prix,9,22,TSU,Yuki Tsunoda,Red Bull Racing,19.0,14,0.0,Finished,2025-04-23,5.0,12.333333333333334,0.6666666666666666,3.0,0.0,0.0,13.2,0.8,2.0,0.0,0.0,13.5,0.4,0.1,0.0,0.0,14.0,9.0,3.5,9.470588235294118,9.0,2,1.0,3.4999999999999987,0.9,0.0,0.0,3.0,5.0,8.3125,134.0,1.0,1.0,7.333333333333333,5.685185185185185,-1.462962962962963,5.619081248217903,1.3190962075293,4.0,14.0,148.0,0,54,6,0.0,0.0,40.0
2025,Canadian Grand Prix,10,22,TSU,Yuki Tsunoda,Red Bull Racing,17.0,12,0.0,Finished,2025-05-07,5.0,13.666666666666666,0.3333333333333333,4.666666666666667,0.0,0.0,14.2,0.4,2.8,0.0,0.0,13.6,0.4,0.7,0.0,0.0,14.0,14.0,6.5,10.038461538461538,14.0,2,1.0,2.000000000000001,0.4583333333333333,0.0,0.0,2.0,5.0,8.444444444444445,144.0,1.0,1.0,7.666666666666667,5.754545454545455,-1.3454545454545455,5.634609263189555,1.3078399128469491,4.0,15.0,168.0,0,55,7,0.0,0.0,40.0
2025,Austrian Grand Prix,11,22,TSU,Yuki Tsunoda,Red Bull Racing,18.0,16,0.0,Finished,2025-05-21,2.0,14.333333333333334,0.0,3.3333333333333335,0.0,0.0,12.6,0.4,3.8,0.0,0.0,13.5,0.4,0.7,0.0,0.0,16.0,15.0,4.0,9.634615384615385,15.0,2,1.0,-2.500000000000001,0.0,0.0,0.0,2.0,5.0,8.3,162.0,1.0,1.0,6.333333333333333,5.776785714285714,-1.2321428571428572,5.64717490570147,1.29639039059373,4.0,16.0,180.0,0,56,8,0.0,0.0,40.0
2025,British Grand Prix,12,22,TSU,Yuki Tsunoda,Red Bull Racing,12.0,15,0.0,Finished,2025-06-04,-3.0,14.0,0.0,4.0,0.0,0.0,13.8,0.2,4.2,0.0,0.0,13.9,0.4,1.2,0.0,0.0,13.0,10.0,6.5,10.576923076923077,10.0,2,1.0,1.0,0.0,0.0,0.0,1.0,5.0,9.181818181818182,162.0,1.0,1.0,12.666666666666666,5.991228070175438,-1.1754385964912282,5.612876799370557,1.2884204760773117,4.0,17.0,198.0,0,57,9,0.0,0.0,40.0
2025,Belgian Grand Prix,13,22,TSU,Yuki Tsunoda,Red Bull Racing,7.0,13,0.0,Finished,2025-06-18,-6.0,14.333333333333334,0.0,1.3333333333333333,0.0,0.0,14.8,0.0,1.8,0.0,0.0,13.5,0.4,2.0,0.0,0.0,13.5,10.0,4.0,10.134615384615385,10.0,2,1.0,1.4999999999999991,0.0,0.0,0.0,0.0,5.0,9.25,172.0,1.0,1.0,13.333333333333334,6.060344827586207,-1.206896551724138,5.568579209292379,1.2861002291422918,4.0,17.0,216.0,0,58,10,0.0,0.0,40.0
2025,Hungarian Grand Prix,14,22,TSU,Yuki Tsunoda,Red Bull Racing,20.0,18,0.0,Finished,2025-07-02,2.0,14.666666666666666,0.0,-2.3333333333333335,0.0,0.0,14.0,0.0,0.6,0.0,0.0,13.6,0.4,1.3,0.0,0.0,12.0,9.0,4.0,9.884615384615385,9.0,2,1.0,-1.5000000000000033,0.0,0.0,0.0,0.0,5.0,9.192307692307692,184.0,1.0,1.0,7.333333333333333,6.101694915254237,-1.2881355932203389,5.5555217870264055,1.2918442930551344,4.0,18.0,241.0,0,59,11,0.0,0.0,40.0
2025,Dutch Grand Prix,15,22,TSU,Yuki Tsunoda,Red Bull Racing,11.0,10,1.0,Finished,2025-07-16,1.0,15.333333333333334,0.0,-2.3333333333333335,0.0,0.0,14.8,0.0,0.0,0.0,0.0,14.5,0.2,1.4,0.0,0.0,15.0,13.0,3.0,10.403846153846153,13.0,2,1.0,1.4999999999999998,0.0,0.0,0.0,0.0,5.0,9.5,186.0,1.0,1.0,10.333333333333334,6.225,-1.2333333333333334,5.524572739570206,1.2845992691232628,4.0,18.0,259.0,0,60,12,0.0,0.0,40.0
2025,Italian Grand Prix,16,22,TSU,Yuki Tsunoda,Red Bull Racing,10.0,13,0.0,Finished,2025-07-30,-3.0,13.666666666666666,0.3333333333333333,-1.0,0.0,0.0,14.4,0.2,-0.8,0.0,0.0,13.5,0.3,1.5,0.0,0.0,20.0,20.0,4.25,10.673076923076923,20.0,2,1.0,-1.4999999999999971,0.4959349593495935,0.0,0.0,1.0,5.0,9.266666666666667,205.0,1.0,1.0,7.0,6.221311475409836,-1.1967213114754098,5.485798854409287,1.2772014668971985,5.0,19.0,283.0,0,61,13,0.0,0.0,41.0
2025,Azerbaijan Grand Prix,17,22,TSU,Yuki Tsunoda,Red Bull Racing,7.0,6,8.0,Finished,2025-08-13,1.0,13.666666666666666,0.3333333333333333,0.0,0.0,0.0,13.8,0.2,-1.8,0.0,0.0,13.8,0.2,1.2,0.0,0.0,15.0,10.0,5.75,10.884615384615385,10.0,2,1.0,-2.4999999999999987,0.5040650406504065,0.0,0.0,1.0,5.0,9.125,230.0,1.0,1.0,5.333333333333333,6.233870967741935,-1.2258064516129032,5.445465416405577,1.2756630268152789,5.0,19.0,298.0,0,62,14,0.0,0.0,41.0
2025,Singapore Grand Prix,18,22,TSU,Yuki Tsunoda,Red Bull Racing,16.0,12,0.0,Finished,2025-08-27,4.0,9.666666666666666,3.0,-0.3333333333333333,0.0,0.0,12.0,1.8,-1.0,0.0,0.0,13.4,0.9,0.4,0.0,0.0,15.5,12.0,6.5,10.07843137254902,12.0,2,2.0,-1.9999999999999996,3.857142857142857,0.0,0.0,2.0,5.0,8.794117647058824,263.0,1.0,1.0,2.6666666666666665,6.190476190476191,-1.1904761904761905,5.40864643152038,1.2673191692467822,13.0,18.0,290.0,0,63,15,0.0,0.0,49.0
2025,United States Grand Prix,19,22,TSU,Yuki Tsunoda,Red Bull Racing,10.0,7,6.0,Finished,2025-09-10,3.0,10.333333333333334,2.6666666666666665,0.6666666666666666,0.0,0.0,11.8,1.8,1.0,0.0,0.0,12.9,0.9,0.8,0.0,0.0,12.0,10.0,4.25,10.365384615384615,10.0,2,1.0,-0.5000000000000014,3.4829931972789114,0.0,0.0,2.0,5.0,8.694444444444445,281.0,1.0,1.0,5.0,6.203125,-1.109375,5.404634071280352,1.2585467189920072,13.0,18.0,302.0,0,64,16,0.0,0.0,49.0
2025,Mexico City Grand Prix,20,22,TSU,Yuki Tsunoda,Red Bull Racing,8.0,11,0.0,Finished,2025-09-24,-3.0,8.333333333333334,4.666666666666667,2.6666666666666665,0.0,0.0,9.6,3.0,1.2,0.0,0.0,12.2,1.5,0.6,0.0,0.0,16.5,13.0,11.0,10.288461538461538,13.0,2,1.0,0.5000000000000006,5.515151515151516,0.0,0.0,3.0,5.0,8.447368421052632,312.0,1.0,1.0,3.3333333333333335,6.1692307692307695,-1.0461538461538462,5.386414534591775,1.2489746715669554,19.0,15.0,306.0,0,65,17,0.0,0.0,55.0
2025,São Paulo Grand Prix,21,22,TSU,Yuki Tsunoda,Red Bull Racing,15.0,17,0.0,Finished,2025-10-08,-2.0,10.0,2.0,1.3333333333333333,0.0,0.0,9.8,2.8,0.4,0.0,0.0,12.1,1.5,-0.2,0.0,0.0,8.5,8.0,4.25,10.0,8.0,2,1.0,-0.5000000000000019,2.4,0.0,0.0,2.0,5.0,8.375,327.0,1.0,1.0,5.0,6.181818181818182,-1.0757575757575757,5.350228193726106,1.2485693314253687,19.0,17.0,326.0,0,66,18,0.0,0.0,55.0
2025,Las Vegas Grand Prix,22,22,TSU,Yuki Tsunoda,Red Bull Racing,19.0,14,0.0,Finished,2025-10-22,5.0,11.666666666666666,2.0,-0.6666666666666666,0.0,0.0,10.6,2.8,0.6,0.0,0.0,12.2,1.5,-0.6,0.0,0.0,13.5,9.0,4.75,10.173076923076923,9.0,2,1.0,4.999999999999997,2.436363636363636,0.0,0.0,2.0,5.0,8.452380952380953,342.0,1.0,1.0,7.666666666666667,6.2388059701492535,-1.0895522388059702,5.310741953767145,1.24579217722499,19.0,17.0,351.0,0,67,19,0.0,0.0,55.0
2025,Qatar Grand Prix,23,22,TSU,Yuki Tsunoda,Red Bull Racing,16.0,10,1.0,Finished,2025-11-05,6.0,14.0,0.0,0.0,0.0,0.0,12.2,1.2,1.4,0.0,0.0,12.1,1.5,0.2,0.0,0.0,14.0,13.0,7.5,10.196078431372548,13.0,2,1.0,1.5,0.0,0.0,0.0,1.0,5.0,8.409090909090908,367.0,1.0,1.0,6.0,6.257352941176471,-1.0,5.322439122146463,1.2377658216775638,19.0,17.0,369.0,0,68,20,0.0,0.0,55.0
2025,Abu Dhabi Grand Prix,24,22,TSU,Yuki Tsunoda,Red Bull Racing,10.0,14,0.0,Finished,2025-11-19,-4.0,13.666666666666666,0.3333333333333333,3.0,0.0,0.0,11.8,1.4,1.8,0.0,0.0,11.8,1.6,1.4,0.0,0.0,10.5,8.0,7.25,10.115384615384615,8.0,2,1.0,-3.5000000000000004,0.41071428571428564,0.0,0.0,2.0,5.0,8.282608695652174,393.0,1.0,1.0,4.0,6.246376811594203,-0.8985507246376812,5.349944825268628,1.228352335770898,20.0,17.0,380.0,0,69,21,0.0,0.0,56.0
2023,Bahrain Grand Prix,1,1,VER,Max Verstappen,Red Bull Racing,1.0,1,25.0,Finished,2023-01-01,0.0,11.333333333333334,2.0,0.3333333333333333,0.0,0.0,11.4,2.2,0.2,0.0,0.0,11.5,2.0,0.1,0.0,0.0,10.0,8.0,2.0,10.653061224489797,8.0,0,2.0,-5.909437655256903e-17,0.864957264957265,0.0,0.0,2.0,5.0,2.0,18.0,1.0,2.0,2.0,2.0,0.0,0.0,1.013313220561811,0.0,1.0,0.0,1,0,0,0.0,0.0,0.0
2023,Saudi Arabian Grand Prix,2,1,VER,Max Verstappen,Red Bull Racing,13.0,2,18.0,Finished,2023-01-15,11.0,1.0,25.0,0.0,1.0,0.0,1.0,25.0,0.0,1.0,0.0,1.0,25.0,0.0,1.0,0.0,10.0,8.0,1.0,10.693877551020408,8.0,0,1.0,-5.909437655256903e-17,1.0,1.0,1.0,1.0,1.0,1.3333333333333333,68.0,1.0,1.0,1.3333333333333333,1.3333333333333333,0.0,0.0,0.5,25.0,1.0,0.0,1,1,1,1.0,1.0,25.0
2023,Australian Grand Prix,3,1,VER,Max Verstappen,Red Bull Racing,4.0,1,25.0,Finished,2023-01-29,3.0,1.5,21.5,5.5,2.0,0.0,1.5,21.5,5.5,2.0,0.0,1.5,21.5,5.5,2.0,0.0,10.0,8.0,6.0,10.142857142857142,8.0,0,6.0,0.9999999999999998,1.0,1.0,2.0,2.0,2.0,2.4,94.0,1.0,1.0,3.0,2.4,5.5,7.7781745930520225,0.3214285714285714,43.0,1.0,0.0,1,2,2,2.0,1.0,43.0
2023,Azerbaijan Grand Prix,4,1,VER,Max Verstappen,Red Bull Racing,2.0,2,18.0,Finished,2023-02-12,0.0,1.3333333333333333,22.666666666666668,4.666666666666667,3.0,0.0,1.3333333333333333,22.666666666666668,4.666666666666667,3.0,0.0,1.3333333333333333,22.666666666666668,4.666666666666667,3.0,0.0,10.0,8.0,1.0,11.10204081632653,8.0,0,1.0,1.1011533127023753e-16,1.0,2.0,3.0,3.0,3.0,2.0,144.0,1.0,1.0,2.6666666666666665,2.0,4.666666666666667,5.686240703077327,0.28095238095238095,68.0,1.0,0.0,1,3,3,3.0,2.0,68.0
2023,Miami Grand Prix,5,1,VER,Max Verstappen,Red Bull Racing,9.0,1,25.0,Finished,2023-02-26,8.0,1.6666666666666667,20.333333333333332,4.666666666666667,3.0,0.0,1.5,21.5,3.5,4.0,0.0,1.5,21.5,3.5,4.0,0.0,10.0,8.0,2.0,10.63265306122449,8.0,0,2.0,-3.2853043354112167e-16,0.945736434108527,2.0,4.0,4.0,4.0,2.0,180.0,1.0,1.0,1.6666666666666667,2.0,3.5,5.196152422706632,0.3773809523809524,86.0,1.0,0.0,1,4,4,4.0,2.0,86.0
2023,Monaco Grand Prix,6,1,VER,Max Verstappen,Red Bull Racing,1.0,1,25.0,Finished,2023-03-12,0.0,1.3333333333333333,22.666666666666668,3.6666666666666665,3.0,0.0,1.4,22.2,4.4,5.0,0.0,1.4,22.2,4.4,5.0,0.0,10.0,8.0,17.0,10.346938775510203,8.0,0,17.0,1.1011533127023753e-16,1.021021021021021,3.0,5.0,5.0,5.0,3.272727272727273,205.0,1.0,1.0,6.666666666666667,3.272727272727273,4.4,4.929503017546495,0.3219047619047619,111.0,1.0,0.0,1,5,5,5.0,3.0,111.0
2023,Spanish Grand Prix,7,1,VER,Max Verstappen,Red Bull Racing,1.0,1,25.0,Finished,2023-03-26,0.0,1.3333333333333333,22.666666666666668,2.6666666666666665,3.0,0.0,1.4,22.2,4.4,5.0,0.0,1.3333333333333333,22.666666666666668,3.6666666666666665,6.0,0.0,10.0,8.0,4.0,9.854166666666666,8.0,0,4.0,-0.5,1.0,3.0,5.0,5.0,5.0,3.1538461538461537,242.0,1.0,1.0,7.333333333333333,3.1538461538461537,3.6666666666666665,4.760952285695233,0.3515873015873016,136.0,1.0,0.0,1,6,6,6.0,4.0,136.0
2023,Canadian Grand Prix,8,1,VER,Max Verstappen,Red Bull Racing,1.0,1,25.0,Finished,2023-04-09,0.0,1.0,25.0,2.6666666666666665,3.0,0.0,1.2,23.6,2.2,5.0,0.0,1.2857142857142858,23.0,3.142857142857143,7.0,0.0,10.0,8.0,6.0,10.244897959183673,8.0,0,6.0,-5.909437655256903e-17,1.0869565217391304,4.0,5.0,5.0,5.0,3.2,275.0,1.0,1.0,3.6666666666666665,3.2,3.142857142857143,4.561745697594706,0.3727891156462585,161.0,1.0,0.0,1,7,7,7.0,5.0,161.0
2023,Austrian Grand Prix,9,1,VER,Max Verstappen,Red Bull Racing,1.0,1,25.0,Finished,2023-04-23,0.0,1.0,25.0,0.0,3.0,0.0,1.2,23.6,1.6,5.0,0.0,1.25,23.25,2.75,8.0,0.0,10.0,8.0,3.0,9.959183673469388,8.0,0,3.0,-5.909437655256903e-17,1.075268817204301,4.0,5.0,5.0,5.0,3.0588235294117645,315.0,1.0,1.0,3.3333333333333335,3.0588235294117645,2.75,4.367084676466507,0.3886904761904762,186.0,1.0,0.0,1,8,8,8.0,6.0,186.0
2023,British Grand Prix,10,1,VER,Max Verstappen,Red Bull Racing,2.0,1,25.0,Finished,2023-05-07,1.0,1.0,25.0,0.0,3.0,0.0,1.0,25.0,1.6,5.0,0.0,1.2222222222222223,23.444444444444443,2.4444444444444446,9.0,0.0,10.0,8.0,6.0,10.816326530612244,8.0,0,6.0,-5.909437655256903e-17,1.066350710900474,5.0,5.0,5.0,5.0,3.1052631578947367,348.0,1.0,1.0,3.3333333333333335,3.1052631578947367,2.4444444444444446,4.18661889569349,0.40105820105820106,211.0,1.0,0.0,1,9,9,9.0,7.0,211.0
2023,Hungarian Grand Prix,11,1,VER,Max Verstappen,Red Bull Racing,1.0,1,25.0,Finished,2023-05-21,0.0,1.0,25.0,0.3333333333333333,3.0,0.0,1.0,25.0,0.2,5.0,0.0,1.2,23.6,2.3,10.0,0.0,10.0,8.0,3.0,10.224489795918368,8.0,0,3.0,-5.909437655256903e-17,1.059322033898305,5.0,5.0,5.0,5.0,3.0,388.0,1.0,1.0,3.3333333333333335,3.0,2.3,3.973523485382827,0.39428571428571424,236.0,1.0,0.0,1,10,10,10.0,8.0,236.0
2023,Belgian Grand Prix,12,1,VER,Max Verstappen,Red Bull Racing,5.0,1,25.0,Finished,2023-06-04,4.0,1.0,25.0,0.3333333333333333,3.0,0.0,1.0,25.0,0.2,5.0,0.0,1.2,23.6,2.3,10.0,0.0,10.0,8.0,2.0,10.46938775510204,8.0,0,2.0,-5.909437655256903e-17,1.053639846743295,5.0,5.0,5.0,5.0,2.869565217391304,431.0,1.0,1.0,2.0,2.869565217391304,2.090909090909091,3.832872172524032,0.4038961038961039,261.0,1.0,0.0,1,11,11,11.0,9.0,261.0
2023,Dutch Grand Prix,13,1,VER,Max Verstappen,Red Bull Racing,1.0,1,25.0,Finished,2023-06-18,0.0,1.0,25.0,1.6666666666666667,3.0,0.0,1.0,25.0,1.0,5.0,0.0,1.1,24.3,1.6,10.0,0.0,10.0,8.0,3.0,10.857142857142858,8.0,0,3.0,-5.909437655256903e-17,1.048951048951049,5.0,5.0,5.0,5.0,2.8,471.0,1.0,1.0,2.0,2.8,2.25,3.695820735518825,0.3841269841269841,286.0,1.0,0.0,1,12,12,12.0,10.0,286.0
2023,Italian Grand Prix,14,1,VER,Max Verstappen,Red Bull Racing,3.0,1,25.0,Finished,2023-07-02,2.0,1.0,25.0,1.3333333333333333,3.0,0.0,1.0,25.0,1.0,5.0,0.0,1.1,24.3,1.3,10.0,0.0,10.0,8.0,2.0,11.020408163265307,8.0,0,2.0,-5.909437655256903e-17,1.045016077170418,5.0,5.0,5.0,5.0,2.7037037037037037,514.0,1.0,1.0,2.0,2.7037037037037037,2.076923076923077,3.593084525899218,0.39304029304029303,311.0,1.0,0.0,1,13,13,13.0,11.0,311.0
2023,Singapore Grand Prix,15,1,VER,Max Verstappen,Red Bull Racing,11.0,5,10.0,Finished,2023-07-16,6.0,1.0,25.0,2.0,3.0,0.0,1.0,25.0,1.4,5.0,0.0,1.0,25.0,1.5,10.0,0.0,10.0,8.0,9.0,10.354166666666666,8.0,0,9.0,-5.909437655256903e-17,1.0416666666666667,5.0,5.0,5.0,5.0,2.8620689655172415,541.0,1.0,1.0,4.0,2.8620689655172415,2.0714285714285716,3.4521851655990905,0.38282312925170064,336.0,1.0,0.0,1,14,14,14.0,12.0,336.0
2023,Japanese Grand Prix,16,1,VER,Max Verstappen,Red Bull Racing,1.0,1,25.0,Finished,2023-07-30,0.0,2.3333333333333335,20.0,2.6666666666666665,2.0,0.0,1.8,22.0,2.4,4.0,0.0,1.4,23.5,1.3,9.0,0.0,10.0,8.0,19.0,10.63265306122449,8.0,0,19.0,1.9999999999999991,0.8670520231213873,4.0,4.0,5.0,5.0,3.4516129032258065,551.0,1.0,1.0,11.0,3.4516129032258065,2.3333333333333335,3.477820883144803,0.3850793650793651,346.0,1.0,0.0,1,15,15,14.0,12.0,346.0
2023,Qatar Grand Prix,17,1,VER,Max Verstappen,Red Bull Racing,1.0,1,25.0,Finished,2023-08-13,0.0,2.3333333333333335,20.0,2.6666666666666665,2.0,0.0,1.8,22.0,2.4,4.0,0.0,1.4,23.5,1.3,9.0,0.0,10.0,8.0,11.0,10.4375,8.0,0,11.0,8.042999111436189e-16,0.862533692722372,4.0,4.0,5.0,5.0,3.606060606060606,576.0,1.0,1.0,10.333333333333334,3.606060606060606,2.1875,3.410156399150436,0.39226190476190476,371.0,1.0,0.0,1,16,16,15.0,13.0,371.0
2023,United States Grand Prix,18,1,VER,Max Verstappen,Red Bull Racing,5.0,1,25.0,Finished,2023-08-27,4.0,2.3333333333333335,20.0,2.0,2.0,0.0,1.8,22.0,1.6,4.0,0.0,1.4,23.5,1.3,9.0,0.0,10.0,8.0,5.0,10.755102040816327,8.0,0,5.0,-2.0000000000000004,0.8585858585858587,4.0,4.0,5.0,5.0,3.5714285714285716,611.0,1.0,1.0,5.666666666666667,3.5714285714285716,2.0588235294117645,3.344222410278922,0.39859943977591034,396.0,1.0,0.0,1,17,17,16.0,14.0,396.0
2023,Mexico City Grand Prix,19,1,VER,Max Verstappen,Red Bull Racing,1.0,1,25.0,Finished,2023-09-10,0.0,1.0,25.0,1.3333333333333333,3.0,0.0,1.8,22.0,2.4,4.0,0.0,1.4,23.5,1.7,9.0,0.0,10.0,8.0,20.0,10.428571428571429,8.0,0,20.0,-5.909437655256903e-17,1.0688836104513064,4.0,4.0,5.0,5.0,3.945945945945946,636.0,1.0,1.0,8.666666666666666,3.945945945945946,2.1666666666666665,3.2764758686196758,0.38571428571428573,421.0,1.0,0.0,1,18,18,17.0,15.0,421.0
2023,São Paulo Grand Prix,20,1,VER,Max Verstappen,Red Bull Racing,1.0,1,25.0,Finished,2023-09-24,0.0,1.0,25.0,1.3333333333333333,3.0,0.0,1.8,22.0,2.0,4.0,0.0,1.4,23.5,1.7,9.0,0.0,10.0,8.0,4.0,10.346938775510203,8.0,0,4.0,-5.909437655256903e-17,1.0650224215246638,4.0,4.0,5.0,5.0,3.871794871794872,673.0,1.0,1.0,8.333333333333334,3.871794871794872,2.0526315789473686,3.2227263166891325,0.3917293233082707,446.0,1.0,0.0,1,19,19,18.0,16.0,446.0
2023,Las Vegas Grand Prix,21,1,VER,Max Verstappen,Red Bull Racing,1.0,1,25.0,Finished,2023-10-08,0.0,1.0,25.0,1.3333333333333333,3.0,0.0,1.0,25.0,0.8,5.0,0.0,1.4,23.5,1.6,9.0,0.0,10.0,8.0,3.0,10.46938775510204,8.0,0,3.0,-5.909437655256903e-17,1.0615711252653928,5.0,5.0,5.0,5.0,3.7804878048780486,713.0,1.0,1.0,2.6666666666666665,3.7804878048780486,1.95,3.1701734968294715,0.39714285714285713,471.0,1.0,0.0,1,20,20,19.0,17.0,471.0
2023,Abu Dhabi Grand Prix,22,1,VER,Max Verstappen,Red Bull Racing,1.0,1,25.0,Finished,2023-10-22,0.0,1.0,25.0,0.0,3.0,0.0,1.0,25.0,0.8,5.0,0.0,1.4,23.5,1.6,9.0,0.0,10.0,8.0,2.0,10.183673469387756,8.0,0,2.0,-5.909437655256903e-17,1.0584677419354838,5.0,5.0,5.0,5.0,3.6744186046511627,756.0,1.0,1.0,2.0,3.6744186046511627,1.8571428571428572,3.1190657942036792,0.4020408163265306,496.0,1.0,0.0,1,21,21,20.0,18.0,496.0
2024,Bahrain Grand Prix,1,1,VER,Max Verstappen,Red Bull Racing,1.0,1,25.0,Finished,2024-01-01,0.0,1.0,25.0,0.0,3.0,0.0,1.0,25.0,0.8,5.0,0.0,1.4,23.5,1.2,9.0,0.0,1.0,1.0,1.6666666666666667,10.294117647058824,1.0,1,1.0,-5.909437655256903e-17,1.055662188099808,5.0,5.0,5.0,5.0,2.0,18.0,1.0,2.0,1.6666666666666667,3.577777777777778,1.7727272727272727,3.069540343777537,0.4064935064935065,0.0,1.0,0.0,1,22,22,21.0,19.0,521.0
2024,Saudi Arabian Grand Prix,2,1,VER,Max Verstappen,Red Bull Racing,1.0,1,25.0,Finished,2024-01-15,0.0,1.0,25.0,0.0,3.0,0.0,1.0,25.0,0.0,5.0,0.0,1.4,23.5,1.2,9.0,0.0,2.0,2.0,1.6666666666666667,10.352941176470589,2.0,1,1.0,-5.909437655256903e-17,1.0531135531135531,5.0,5.0,5.0,5.0,1.6666666666666667,61.0,1.0,1.0,1.6666666666666667,3.4893617021276597,1.6956521739130435,3.0216609311120095,0.41055900621118013,25.0,1.0,0.0,1,23,23,22.0,20.0,546.0
2024,Australian Grand Prix,3,1,VER,Max Verstappen,Red Bull Racing,1.0,19,0.0,Finished,2024-01-29,-18.0,1.0,25.0,0.0,3.0,0.0,1.0,25.0,0.0,5.0,0.0,1.4,23.5,1.0,9.0,0.0,1.0,1.0,4.0,9.862745098039216,1.0,1,1.0,-5.909437655256903e-17,1.0507880910683012,5.0,5.0,5.0,5.0,2.2,96.0,1.0,1.0,2.6666666666666665,3.4693877551020407,1.625,2.9754429703096674,0.4142857142857143,50.0,1.0,0.0,1,24,24,23.0,21.0,571.0
2024,Japanese Grand Prix,4,1,VER,Max Verstappen,Red Bull Racing,1.0,1,25.0,Finished,2024-02-12,0.0,7.0,16.666666666666668,-6.0,2.0,0.0,4.6,20.0,-3.6,4.0,0.0,2.8,22.5,-1.4,9.0,0.0,1.0,1.0,7.333333333333333,10.27450980392157,1.0,1,1.0,8.999999999999996,0.7297139521307648,4.0,4.0,4.0,5.0,4.571428571428571,114.0,1.0,1.0,8.666666666666666,3.7450980392156863,0.84,4.887739763939975,0.7777142857142857,50.0,1.0,0.0,1,25,25,23.0,21.0,571.0
2024,Chinese Grand Prix,5,1,VER,Max Verstappen,Red Bull Racing,1.0,1,25.0,Finished,2024-02-26,0.0,7.0,16.666666666666668,-6.0,2.0,0.0,4.6,20.0,-3.6,4.0,0.0,2.8,22.5,-1.4,9.0,0.0,10.0,8.0,3.0,10.545454545454545,8.0,0,3.0,3.0909718754365563e-15,0.7270693512304252,4.0,4.0,4.0,5.0,4.0,154.0,1.0,1.0,2.0,3.6792452830188678,0.8076923076923077,4.791819952955084,0.7670329670329671,75.0,1.0,0.0,1,26,26,24.0,22.0,596.0
2024,Miami Grand Prix,6,1,VER,Max Verstappen,Red Bull Racing,1.0,2,18.0,Finished,2024-03-11,-1.0,7.0,16.666666666666668,-6.0,2.0,0.0,4.6,20.0,-3.6,4.0,0.0,2.8,22.5,-1.4,9.0,0.0,1.0,1.0,2.6666666666666665,10.333333333333334,1.0,1,1.0,-9.000000000000002,0.7246376811594203,4.0,4.0,4.0,5.0,3.8181818181818183,189.0,1.0,1.0,3.0,3.6545454545454548,0.7777777777777778,4.7013364166547476,0.7571428571428571,100.0,1.0,0.0,1,27,27,25.0,23.0,621.0
2024,Emilia Romagna Grand Prix,7,1,VER,Max Verstappen,Red Bull Racing,1.0,1,25.0,Finished,2024-03-25,0.0,1.3333333333333333,22.666666666666668,-0.3333333333333333,3.0,0.0,4.8,18.6,-3.8,4.0,0.0,2.9,21.8,-1.9,9.0,0.0,10.0,8.0,8.0,10.848484848484848,8.0,0,8.0,0.4999999999999999,0.9932185706833594,3.0,4.0,4.0,5.0,4.0,211.0,1.0,1.0,5.0,3.7017543859649122,0.7142857142857143,4.6256702646022445,0.7658163265306123,118.0,1.0,0.0,1,28,28,26.0,23.0,639.0
2024,Monaco Grand Prix,8,1,VER,Max Verstappen,Red Bull Racing,10.0,6,8.0,Finished,2024-04-08,4.0,1.3333333333333333,22.666666666666668,-0.3333333333333333,3.0,0.0,4.8,18.6,-3.8,4.0,0.0,2.9,21.8,-1.9,9.0,0.0,1.0,1.0,12.666666666666666,10.352941176470589,1.0,1,1.0,1.1011533127023753e-16,0.9899598393574297,3.0,4.0,4.0,5.0,4.866666666666666,236.0,1.0,1.0,9.666666666666666,3.9322033898305087,0.6896551724137931,4.544254207834187,0.7566502463054188,143.0,1.0,0.0,1,29,29,27.0,24.0,664.0
2024,Canadian Grand Prix,9,1,VER,Max Verstappen,Red Bull Racing,2.0,1,25.0,Finished,2024-04-22,1.0,3.0,17.0,1.0,2.0,0.0,2.2,20.2,0.6,4.0,0.0,3.4,20.1,-1.5,8.0,0.0,1.0,1.0,8.333333333333334,10.215686274509803,1.0,1,1.0,1.9999999999999991,0.7589285714285715,3.0,4.0,5.0,5.0,5.705882352941177,244.0,1.0,1.0,14.666666666666666,4.19672131147541,0.8,4.505934783800368,0.7496103896103896,151.0,1.0,0.0,1,30,30,27.0,24.0,672.0
2024,Spanish Grand Prix,10,1,VER,Max Verstappen,Red Bull Racing,2.0,1,25.0,Finished,2024-05-06,1.0,2.6666666666666665,19.333333333333332,1.6666666666666667,2.0,0.0,2.2,20.2,0.8,4.0,0.0,3.4,20.1,-1.4,8.0,0.0,1.0,1.0,4.333333333333333,9.64,1.0,1,1.0,7.919443076101804e-16,0.8598756575801051,3.0,4.0,5.0,5.0,5.578947368421052,273.0,1.0,1.0,9.0,4.2063492063492065,0.8064516129032258,4.430345019210954,0.73618209747242,176.0,1.0,0.0,1,31,31,28.0,25.0,697.0
2024,Austrian Grand Prix,11,1,VER,Max Verstappen,Red Bull Racing,1.0,5,10.0,Finished,2024-05-20,-4.0,2.6666666666666665,19.333333333333332,2.0,2.0,0.0,2.2,20.2,1.0,4.0,0.0,3.4,20.1,-1.3,8.0,0.0,1.0,1.0,3.6666666666666665,9.72549019607843,1.0,1,1.0,-2.4999999999999996,0.8568790397045244,3.0,4.0,5.0,5.0,5.428571428571429,304.0,1.0,1.0,5.333333333333333,4.2,0.8125,4.35843638727646,0.7235930735930736,201.0,1.0,0.0,1,32,32,29.0,26.0,722.0
2024,British Grand Prix,12,1,VER,Max Verstappen,Red Bull Racing,4.0,2,18.0,Finished,2024-06-03,2.0,2.3333333333333335,20.0,-0.6666666666666666,2.0,0.0,2.8,18.6,0.4,3.0,0.0,3.8,18.6,-1.7,7.0,0.0,1.0,1.0,8.0,10.745098039215685,1.0,1,1.0,1.9999999999999991,0.901639344262295,3.0,3.0,5.0,5.0,5.913043478260869,314.0,1.0,1.0,9.666666666666666,4.402985074626866,0.6666666666666666,4.370831347314452,0.7774235865144956,211.0,1.0,0.0,1,33,33,29.0,26.0,732.0
2024,Hungarian Grand Prix,13,1,VER,Max Verstappen,Red Bull Racing,2.0,5,10.0,Finished,2024-06-17,-3.0,2.6666666666666665,17.666666666666668,-0.3333333333333333,2.0,0.0,3.0,17.2,0.8,3.0,0.0,3.9,17.9,-1.5,7.0,0.0,1.0,1.0,3.6666666666666665,9.980392156862745,1.0,1,1.0,0.5000000000000004,0.800888888888889,2.0,3.0,5.0,5.0,5.8,338.0,1.0,1.0,8.666666666666666,4.405797101449275,0.7058823529411765,4.310167062533872,0.7663228927934811,229.0,1.0,0.0,1,34,34,30.0,26.0,750.0
2024,Belgian Grand Prix,14,1,VER,Max Verstappen,Red Bull Racing,9.0,5,10.0,Finished,2024-07-01,4.0,4.0,12.666666666666666,-1.6666666666666667,1.0,0.0,2.8,17.6,-0.6,3.0,0.0,2.5,18.9,0.0,7.0,0.0,1.0,1.0,3.6666666666666665,10.235294117647058,1.0,1,1.0,-8.321857029896217e-16,0.5833333333333333,2.0,3.0,5.0,5.0,5.851851851851852,352.0,1.0,1.0,6.666666666666667,4.464788732394366,0.6,4.292263902856476,0.7920470006184291,239.0,1.0,0.0,1,35,35,30.0,26.0,760.0
2024,Dutch Grand Prix,15,1,VER,Max Verstappen,Red Bull Racing,1.0,2,18.0,Finished,2024-07-15,-1.0,4.0,12.666666666666666,1.0,1.0,0.0,3.6,14.6,0.0,2.0,0.0,2.9,17.4,0.4,6.0,0.0,1.0,1.0,3.3333333333333335,10.568627450980392,1.0,1,1.0,1.5000000000000002,0.5922077922077922,1.0,2.0,5.0,5.0,5.827586206896552,370.0,1.0,1.0,6.333333333333333,4.493150684931507,0.6944444444444444,4.268284663451346,0.7839345839345839,249.0,1.0,0.0,1,36,36,30.0,26.0,770.0
2024,Italian Grand Prix,16,1,VER,Max Verstappen,Red Bull Racing,6.0,6,8.0,Finished,2024-07-29,0.0,4.0,12.666666666666666,0.0,1.0,0.0,3.8,13.2,-0.4,2.0,0.0,3.0,16.7,0.3,6.0,0.0,1.0,1.0,3.6666666666666665,10.764705882352942,1.0,1,1.0,-1.5000000000000002,0.5947546531302876,0.0,2.0,5.0,5.0,5.774193548387097,392.0,1.0,1.0,5.333333333333333,4.506666666666667,0.6486486486486487,4.217794422419114,0.7897741897741898,267.0,1.0,0.0,1,37,37,31.0,26.0,788.0
2024,Azerbaijan Grand Prix,17,1,VER,Max Verstappen,Red Bull Racing,5.0,5,10.0,Finished,2024-08-12,0.0,4.333333333333333,12.0,1.0,1.0,0.0,4.0,12.8,0.4,2.0,0.0,3.4,15.7,0.4,5.0,0.0,2.0,2.0,6.0,11.0,2.0,1,1.0,0.4999999999999992,0.5728643216080402,0.0,2.0,5.0,5.0,6.0606060606060606,400.0,1.0,1.0,9.666666666666666,4.662337662337662,0.631578947368421,4.161737245310457,0.7915470494417862,275.0,1.0,0.0,1,38,38,31.0,26.0,796.0
2024,Singapore Grand Prix,18,1,VER,Max Verstappen,Red Bull Racing,2.0,2,18.0,Finished,2024-08-26,0.0,4.333333333333333,12.0,-0.3333333333333333,1.0,0.0,4.6,11.2,0.0,1.0,0.0,3.8,14.2,0.4,4.0,0.0,5.0,5.0,8.0,10.24,5.0,1,5.0,1.5000000000000007,0.5806451612903225,0.0,1.0,5.0,5.0,6.142857142857143,411.0,1.0,1.0,10.0,4.734177215189874,0.6153846153846154,4.107857583598232,0.7926184926184927,285.0,1.0,0.0,1,39,39,31.0,26.0,806.0
2024,United States Grand Prix,19,1,VER,Max Verstappen,Red Bull Racing,2.0,4,12.0,Finished,2024-09-09,-2.0,4.333333333333333,12.0,0.0,1.0,0.0,4.0,12.8,0.6,2.0,0.0,3.4,15.2,0.0,5.0,0.0,1.0,1.0,4.333333333333333,10.490196078431373,1.0,1,1.0,-1.9999999999999996,0.5825242718446602,0.0,2.0,5.0,5.0,6.054054054054054,435.0,1.0,1.0,6.333333333333333,4.728395061728395,0.6,4.056018004309405,0.7894696969696969,303.0,1.0,0.0,1,40,40,32.0,26.0,824.0
2024,Mexico City Grand Prix,20,1,VER,Max Verstappen,Red Bull Racing,1.0,6,8.0,Finished,2024-09-23,-5.0,3.6666666666666665,13.333333333333334,-0.6666666666666666,1.0,0.0,3.8,13.2,-0.6,2.0,0.0,3.7,13.9,-0.3,4.0,0.0,1.0,1.0,12.666666666666666,10.372549019607844,1.0,1,1.0,-0.5000000000000004,0.6539074960127592,0.0,2.0,5.0,5.0,6.282051282051282,447.0,1.0,1.0,9.333333333333334,4.867469879518072,0.5365853658536586,4.025528294370876,0.8027346637102735,315.0,1.0,0.0,1,41,41,32.0,26.0,836.0
2024,São Paulo Grand Prix,21,1,VER,Max Verstappen,Red Bull Racing,12.0,1,25.0,Finished,2024-10-07,11.0,4.0,12.666666666666666,-2.3333333333333335,1.0,0.0,4.6,11.2,-1.4,1.0,0.0,4.2,12.2,-0.9,3.0,0.0,1.0,1.0,5.333333333333333,10.176470588235293,1.0,1,1.0,1.9999999999999996,0.6303317535545023,0.0,1.0,5.0,5.0,6.390243902439025,455.0,1.0,1.0,11.333333333333334,4.952941176470588,0.40476190476190477,4.066877053258217,0.8550505050505051,323.0,1.0,0.0,1,42,42,32.0,26.0,844.0
2024,Las Vegas Grand Prix,22,1,VER,Max Verstappen,Red Bull Racing,5.0,5,10.0,Finished,2024-10-21,0.0,3.6666666666666665,15.0,1.3333333333333333,1.0,0.0,3.6,14.6,0.8,2.0,0.0,3.8,13.7,0.6,4.0,0.0,1.0,1.0,4.666666666666667,10.27450980392157,1.0,1,1.0,-1.499999999999999,0.7422324510932107,1.0,2.0,5.0,5.0,6.348837209302325,481.0,1.0,1.0,7.333333333333333,4.9655172413793105,0.6511627906976745,4.330862230935591,0.8369545183498671,348.0,1.0,0.0,1,43,43,33.0,27.0,869.0
2024,Qatar Grand Prix,23,1,VER,Max Verstappen,Red Bull Racing,2.0,1,25.0,Finished,2024-11-04,1.0,4.0,14.333333333333334,2.0,1.0,0.0,3.6,14.6,0.8,2.0,0.0,4.1,12.9,0.4,3.0,0.0,1.0,1.0,9.666666666666666,10.38,1.0,1,1.0,-0.5000000000000006,0.7174819871065605,1.0,2.0,5.0,5.0,6.555555555555555,491.0,1.0,1.0,10.666666666666666,5.101123595505618,0.6363636363636364,4.2813327043291745,0.8368722186904005,358.0,1.0,0.0,1,44,44,33.0,27.0,879.0
2024,Abu Dhabi Grand Prix,24,1,VER,Max Verstappen,Red Bull Racing,12.0,6,8.0,Finished,2024-11-18,6.0,2.3333333333333335,20.0,4.0,2.0,0.0,3.4,16.0,1.0,2.0,0.0,3.7,14.4,0.8,4.0,0.0,1.0,1.0,7.666666666666667,10.196078431372548,1.0,1,1.0,8.042999111436189e-16,0.995575221238938,2.0,2.0,5.0,5.0,6.723404255319149,516.0,1.0,1.0,12.666666666666666,5.21978021978022,0.6444444444444445,4.232748706947014,0.8256824656824657,383.0,1.0,0.0,1,45,45,34.0,28.0,904.0
2025,Australian Grand Prix,1,1,VER,Max Verstappen,Red Bull Racing,5.0,2,18.0,Finished,2025-01-01,3.0,4.0,14.333333333333334,2.3333333333333335,1.0,0.0,3.8,15.2,2.6,2.0,0.0,3.8,14.2,1.0,4.0,0.0,10.0,1.0,9.2,10.132075471698114,1.0,2,1.0,0.4999999999999985,0.722953216374269,2.0,2.0,5.0,5.0,15.0,0.0,1.0,15.0,13.666666666666666,5.333333333333333,0.7608695652173914,4.259289364872949,0.8177662916793352,0.0,1.0,0.0,1,46,46,34.0,28.0,912.0
2025,Chinese Grand Prix,2,1,VER,Max Verstappen,Red Bull Racing,6.0,4,12.0,Finished,2025-01-15,2.0,3.0,17.0,3.3333333333333335,2.0,0.0,3.0,17.2,4.2,3.0,0.0,3.8,14.2,1.4,4.0,0.0,1.0,1.0,6.666666666666667,10.428571428571429,1.0,1,1.0,0.5000000000000009,0.8591397849462366,2.0,3.0,5.0,5.0,11.0,18.0,1.0,2.0,11.0,5.410526315789474,0.8085106382978723,4.2253803423985214,0.8074592074592075,18.0,2.0,7.0,1,47,47,35.0,28.0,930.0
2025,Japanese Grand Prix,3,1,VER,Max Verstappen,Red Bull Racing,1.0,1,25.0,Finished,2025-01-29,0.0,4.0,12.666666666666666,3.6666666666666665,1.0,0.0,3.6,14.6,2.4,2.0,0.0,3.6,14.6,1.6,4.0,0.0,1.0,1.0,7.0,10.132075471698114,1.0,2,1.0,-1.0000000000000013,0.6454352441613588,1.0,2.0,5.0,5.0,9.8,30.0,1.0,2.0,10.666666666666666,5.463917525773196,0.8333333333333334,4.183723951133819,0.8025419025419026,30.0,2.0,13.0,1,48,48,35.0,28.0,942.0
2025,Bahrain Grand Prix,4,1,VER,Max Verstappen,Red Bull Racing,8.0,6,8.0,Finished,2025-02-12,2.0,2.3333333333333335,18.333333333333332,1.6666666666666667,2.0,0.0,2.8,17.6,2.4,3.0,0.0,3.2,16.1,1.6,5.0,0.0,1.0,1.0,3.0,10.09433962264151,1.0,2,1.0,-0.4999999999999998,0.9289900034470872,2.0,3.0,5.0,5.0,8.428571428571429,57.0,1.0,1.0,7.333333333333333,5.454545454545454,0.8163265306122449,4.141625432664064,0.7963675780002311,55.0,2.0,6.0,1,49,49,36.0,29.0,967.0
2025,Saudi Arabian Grand Prix,5,1,VER,Max Verstappen,Red Bull Racing,1.0,2,18.0,Finished,2025-02-26,-1.0,3.6666666666666665,15.0,1.3333333333333333,1.0,0.0,3.8,14.2,2.6,2.0,0.0,3.6,15.1,1.8,4.0,0.0,1.5,1.0,5.2,10.358490566037736,1.0,2,1.0,0.9999999999999986,0.7692307692307693,1.0,2.0,5.0,5.0,9.444444444444445,65.0,1.0,1.0,11.666666666666666,5.603960396039604,0.84,4.1025626635266965,0.7937735597735598,63.0,3.0,16.0,1,50,50,36.0,29.0,975.0
2025,Miami Grand Prix,6,1,VER,Max Verstappen,Red Bull Racing,1.0,4,12.0,Finished,2025-03-12,-3.0,3.0,17.0,0.3333333333333333,2.0,0.0,3.0,16.2,1.2,3.0,0.0,3.4,15.7,1.9,5.0,0.0,1.5,1.0,4.0,10.169811320754716,1.0,2,1.0,0.5000000000000009,0.8731117824773414,1.0,3.0,5.0,5.0,8.818181818181818,84.0,1.0,1.0,10.666666666666666,5.611650485436893,0.803921568627451,4.069494356025757,0.7978172154642743,81.0,3.0,11.0,1,51,51,37.0,29.0,993.0
2025,Emilia Romagna Grand Prix,7,1,VER,Max Verstappen,Red Bull Racing,1.0,1,25.0,Finished,2025-03-26,0.0,4.0,12.666666666666666,-0.6666666666666666,1.0,0.0,3.4,15.0,0.0,2.0,0.0,3.2,16.1,2.1,5.0,0.0,1.0,1.0,6.333333333333333,10.542857142857143,1.0,1,1.0,-1.0000000000000013,0.6553897180762852,1.0,2.0,5.0,5.0,8.538461538461538,97.0,1.0,1.0,8.0,5.6380952380952385,0.7307692307692307,4.063782573963136,0.8209361151668844,93.0,3.0,24.0,1,52,52,37.0,29.0,1005.0
2025,Monaco Grand Prix,8,1,VER,Max Verstappen,Red Bull Racing,4.0,4,12.0,Finished,2025-04-09,0.0,2.3333333333333335,18.333333333333332,-1.3333333333333333,2.0,0.0,2.8,17.6,-0.4,3.0,0.0,3.2,16.1,1.0,5.0,0.0,3.5,1.0,12.2,10.39622641509434,1.0,2,1.0,-0.4999999999999998,0.9433656957928802,2.0,3.0,5.0,5.0,8.6,122.0,1.0,1.0,9.333333333333334,5.700934579439252,0.7169811320754716,4.025769675528691,0.8148807167675092,118.0,3.0,14.0,1,53,53,38.0,30.0,1030.0
2025,Spanish Grand Prix,9,1,VER,Max Verstappen,Red Bull Racing,2.0,5,10.0,Finished,2025-04-23,-3.0,3.0,16.333333333333332,-1.0,1.0,0.0,3.4,15.0,-0.4,2.0,0.0,3.1,16.3,1.0,5.0,0.0,1.0,1.0,5.6,9.557692307692308,1.0,2,1.0,-7.610440505822326e-16,0.8464491362763914,1.0,2.0,5.0,5.0,8.647058823529411,134.0,1.0,1.0,11.666666666666666,5.761467889908257,0.7037037037037037,3.9888033370292217,0.8146051479384814,130.0,3.0,22.0,1,54,54,38.0,30.0,1042.0
2025,Canadian Grand Prix,10,1,VER,Max Verstappen,Red Bull Racing,2.0,2,18.0,Finished,2025-05-07,0.0,3.3333333333333335,15.666666666666666,-1.0,1.0,0.0,3.2,15.4,-1.4,2.0,0.0,3.5,14.8,0.6,4.0,0.0,1.0,1.0,7.6,10.075471698113208,1.0,2,1.0,1.9999999999999996,0.8190747782002534,1.0,2.0,5.0,5.0,8.631578947368421,144.0,1.0,1.0,10.333333333333334,5.8108108108108105,0.6363636363636364,3.983129406047444,0.830097175551721,140.0,3.0,32.0,1,55,55,38.0,30.0,1052.0
2025,Austrian Grand Prix,11,1,VER,Max Verstappen,Red Bull Racing,3.0,20,0.0,Finished,2025-05-21,-17.0,3.6666666666666665,13.333333333333334,-1.0,1.0,0.0,3.2,15.4,-1.2,2.0,0.0,3.1,15.8,0.0,5.0,0.0,3.0,1.0,6.4,9.754716981132075,1.0,2,1.0,-0.9999999999999996,0.6978193146417445,1.0,2.0,5.0,5.0,8.666666666666666,162.0,1.0,1.0,10.0,5.867256637168142,0.625,3.9476690475634997,0.827178773607345,158.0,3.0,26.0,1,56,56,39.0,30.0,1070.0
2025,British Grand Prix,12,1,VER,Max Verstappen,Red Bull Racing,1.0,5,10.0,Finished,2025-06-04,-4.0,9.0,9.333333333333334,-6.666666666666667,1.0,0.0,6.4,13.0,-4.0,2.0,0.0,4.9,14.0,-2.0,4.0,0.0,1.5,1.0,8.2,10.660377358490566,1.0,2,1.0,7.4999999999999964,0.497196261682243,1.0,2.0,4.0,5.0,9.434782608695652,162.0,1.0,1.0,17.0,6.069565217391304,0.3157894736842105,4.555835718915286,0.9003861635440582,158.0,3.0,44.0,1,57,57,39.0,30.0,1070.0
2025,Belgian Grand Prix,13,1,VER,Max Verstappen,Red Bull Racing,4.0,4,12.0,Finished,2025-06-18,0.0,9.0,9.333333333333334,-7.0,1.0,0.0,7.2,10.0,-4.8,1.0,0.0,5.0,13.8,-2.6,4.0,0.0,3.0,1.0,5.8,10.18867924528302,1.0,2,1.0,1.5000000000000024,0.5012345679012347,0.0,1.0,4.0,5.0,9.4,172.0,1.0,1.0,11.0,6.119658119658119,0.2413793103448276,4.551114553399081,0.927965712448471,168.0,3.0,52.0,1,58,58,39.0,30.0,1080.0
2025,Hungarian Grand Prix,14,1,VER,Max Verstappen,Red Bull Racing,9.0,9,2.0,Finished,2025-07-02,0.0,9.666666666666666,7.333333333333333,-7.0,0.0,0.0,7.2,10.0,-4.8,1.0,0.0,5.3,12.5,-2.6,3.0,0.0,3.0,1.0,6.8,10.037735849056604,1.0,2,1.0,-8.0,0.3962148962148962,0.0,1.0,4.0,5.0,9.518518518518519,184.0,1.0,1.0,11.666666666666666,6.201680672268908,0.23728813559322035,4.511819661392261,0.9257968020679885,180.0,3.0,65.0,1,59,59,39.0,30.0,1092.0
2025,Dutch Grand Prix,15,1,VER,Max Verstappen,Red Bull Racing,2.0,2,18.0,Finished,2025-07-16,0.0,6.0,8.0,-1.3333333333333333,0.0,0.0,8.0,8.4,-4.2,1.0,0.0,5.6,11.9,-2.8,3.0,0.0,1.5,1.0,4.4,10.39622641509434,1.0,2,1.0,1.999999999999999,0.43875685557586835,0.0,1.0,4.0,5.0,9.517241379310345,187.0,1.0,1.0,12.333333333333334,6.256198347107438,0.23333333333333334,4.47352538592675,0.9253668553668554,182.0,3.0,81.0,1,60,60,39.0,30.0,1094.0
2025,Italian Grand Prix,16,1,VER,Max Verstappen,Red Bull Racing,1.0,1,25.0,Finished,2025-07-30,0.0,5.0,10.666666666666666,0.0,1.0,0.0,8.0,8.4,-4.2,1.0,0.0,5.6,11.9,-2.7,3.0,0.0,3.5,1.0,6.0,10.716981132075471,1.0,2,1.0,-0.9999999999999982,0.5851318944844124,0.0,1.0,4.0,5.0,9.387096774193548,205.0,1.0,1.0,8.333333333333334,6.276422764227642,0.22950819672131148,4.436189966712993,0.9211258686668523,200.0,3.0,88.0,1,61,61,40.0,30.0,1112.0
2025,Azerbaijan Grand Prix,17,1,VER,Max Verstappen,Red Bull Racing,1.0,1,25.0,Finished,2025-08-13,0.0,4.0,15.0,0.0,2.0,0.0,4.2,13.4,-0.8,2.0,0.0,5.3,13.2,-2.4,4.0,0.0,3.5,2.0,5.8,10.79245283018868,2.0,2,1.0,-3.999999999999999,0.8179419525065963,1.0,2.0,5.0,5.0,9.030303030303031,238.0,1.0,1.0,6.666666666666667,6.232,0.22580645161290322,4.399774043522696,0.9143335159464192,225.0,3.0,78.0,1,62,62,41.0,31.0,1137.0
2025,Singapore Grand Prix,18,1,VER,Max Verstappen,Red Bull Racing,2.0,2,18.0,Finished,2025-08-27,0.0,1.3333333333333333,22.666666666666668,0.0,3.0,0.0,3.4,16.4,0.0,3.0,0.0,5.3,13.2,-2.4,4.0,0.0,3.5,2.0,7.6,10.115384615384615,2.0,2,2.0,-0.5,1.2289156626506026,2.0,3.0,5.0,5.0,8.885714285714286,263.0,1.0,1.0,6.333333333333333,6.2362204724409445,0.2222222222222222,4.364240481696541,0.9077567934710792,250.0,3.0,53.0,1,63,63,42.0,32.0,1162.0
2025,United States Grand Prix,19,1,VER,Max Verstappen,Red Bull Racing,1.0,1,25.0,Finished,2025-09-10,0.0,1.3333333333333333,22.666666666666668,0.0,3.0,0.0,3.0,17.6,0.0,4.0,0.0,5.1,13.8,-2.4,5.0,0.0,2.5,1.0,4.8,10.30188679245283,1.0,2,1.0,0.4999999999999999,1.2293785310734464,2.0,4.0,5.0,5.0,8.64864864864865,287.0,1.0,1.0,7.0,6.209302325581396,0.21875,4.329554212911496,0.9039897602397603,268.0,3.0,47.0,1,64,64,43.0,32.0,1180.0
2025,Mexico City Grand Prix,20,1,VER,Max Verstappen,Red Bull Racing,4.0,3,15.0,Finished,2025-09-24,1.0,1.3333333333333333,22.666666666666668,0.0,3.0,0.0,1.4,22.2,0.0,5.0,0.0,4.7,15.3,-2.1,6.0,0.0,3.5,1.0,11.0,10.30188679245283,1.0,2,1.0,1.1011533127023753e-16,1.22268326417704,3.0,5.0,5.0,5.0,8.512820512820513,312.0,1.0,1.0,6.333333333333333,6.206106870229007,0.2153846153846154,4.295682089655218,0.8977745331591486,293.0,3.0,32.0,1,65,65,44.0,33.0,1205.0
2025,São Paulo Grand Prix,21,1,VER,Max Verstappen,Red Bull Racing,19.0,3,15.0,Finished,2025-10-08,16.0,2.0,19.333333333333332,0.3333333333333333,3.0,0.0,1.6,21.6,0.2,5.0,0.0,4.8,15.0,-2.0,6.0,0.0,1.0,1.0,6.8,10.132075471698114,1.0,2,1.0,0.4999999999999996,1.0459016393442622,3.0,5.0,5.0,5.0,8.585365853658537,327.0,1.0,1.0,10.333333333333334,6.2631578947368425,0.22727272727272727,4.263604306021101,0.8932627978082524,308.0,3.0,37.0,1,66,66,45.0,33.0,1220.0
2025,Las Vegas Grand Prix,22,1,VER,Max Verstappen,Red Bull Racing,1.0,1,25.0,Finished,2025-10-22,0.0,2.3333333333333335,18.333333333333332,5.666666666666667,3.0,0.0,2.0,19.6,3.4,5.0,0.0,3.1,16.5,1.3,7.0,0.0,3.0,1.0,6.6,10.245283018867925,1.0,2,1.0,1.0000000000000002,0.9946018893387314,2.0,5.0,5.0,5.0,8.581395348837209,342.0,1.0,1.0,11.333333333333334,6.296296296296297,0.4626865671641791,4.649302190094426,0.8821693232140994,323.0,3.0,47.0,1,67,67,46.0,33.0,1235.0
2025,Qatar Grand Prix,23,1,VER,Max Verstappen,Red Bull Racing,2.0,1,25.0,Finished,2025-11-05,1.0,2.3333333333333335,18.333333333333332,5.666666666666667,3.0,0.0,2.0,19.6,3.4,5.0,0.0,2.7,18.0,1.7,8.0,0.0,1.0,1.0,8.0,10.192307692307692,1.0,2,1.0,-1.0,0.9894179894179893,2.0,5.0,5.0,5.0,8.444444444444445,368.0,1.0,1.0,8.333333333333334,6.2846715328467155,0.45588235294117646,4.614816577682594,0.8765491861080097,348.0,3.0,40.0,1,68,68,47.0,34.0,1260.0
2025,Abu Dhabi Grand Prix,24,1,VER,Max Verstappen,Red Bull Racing,1.0,1,25.0,Finished,2025-11-19,0.0,1.6666666666666667,21.666666666666668,5.666666666666667,3.0,0.0,1.8,21.0,3.6,5.0,0.0,2.4,19.3,1.8,9.0,0.0,3.5,1.0,8.6,10.18867924528302,1.0,2,1.0,-1.0000000000000004,1.1634241245136188,3.0,5.0,5.0,5.0,8.404255319148936,393.0,1.0,1.0,8.333333333333334,6.302158273381295,0.463768115942029,4.581226749864532,0.868676492589536,373.0,2.0,27.0,1,69,69,48.0,35.0,1285.0
2023,Bahrain Grand Prix,1,24,ZHO,Guanyu Zhou,Alfa Romeo,17.0,16,0.0,Finished,2023-01-01,1.0,11.333333333333334,2.0,0.3333333333333333,0.0,0.0,11.4,2.2,0.2,0.0,0.0,11.5,2.0,0.1,0.0,0.0,10.0,8.0,8.0,8.0,8.0,0,8.0,-5.909437655256903e-17,0.864957264957265,0.0,0.0,2.0,5.0,8.0,4.0,1.0,8.0,8.0,8.0,0.0,0.0,1.013313220561811,0.0,1.0,0.0,1,0,0,0.0,0.0,0.0
2023,Saudi Arabian Grand Prix,2,24,ZHO,Guanyu Zhou,Alfa Romeo,10.0,13,0.0,Finished,2023-01-15,-3.0,16.0,0.0,1.0,0.0,0.0,16.0,0.0,1.0,0.0,0.0,16.0,0.0,1.0,0.0,0.0,10.0,8.0,18.0,18.0,8.0,0,18.0,-5.909437655256903e-17,0.864957264957265,0.0,0.0,0.0,1.0,14.0,4.0,1.0,8.0,14.0,14.0,1.0,0.0,0.8888888888888888,0.0,11.0,25.0,0,1,1,0.0,0.0,0.0
2023,Australian Grand Prix,3,24,ZHO,Guanyu Zhou,Alfa Romeo,17.0,10,1.0,Finished,2023-01-29,7.0,14.5,0.0,-1.0,0.0,0.0,14.5,0.0,-1.0,0.0,0.0,14.5,0.0,-1.0,0.0,0.0,10.0,8.0,12.0,12.0,8.0,0,12.0,-3.0000000000000036,0.864957264957265,0.0,0.0,0.0,2.0,13.4,4.0,1.0,8.0,14.333333333333334,13.4,-1.0,2.8284271247461903,1.0353535353535355,0.0,14.0,43.0,0,2,2,0.0,0.0,0.0
2023,Azerbaijan Grand Prix,4,24,ZHO,Guanyu Zhou,Alfa Romeo,16.0,19,0.0,Finished,2023-02-12,-3.0,13.0,0.3333333333333333,1.6666666666666667,0.0,0.0,13.0,0.3333333333333333,1.6666666666666667,0.0,0.0,13.0,0.3333333333333333,1.6666666666666667,0.0,0.0,10.0,8.0,18.0,18.0,8.0,0,18.0,-3.000000000000002,1.0,0.0,0.0,1.0,3.0,13.571428571428571,5.0,1.0,8.0,13.333333333333334,13.571428571428571,1.6666666666666667,5.033222956847167,0.8754208754208754,1.0,15.0,67.0,0,3,3,0.0,0.0,1.0
2023,Miami Grand Prix,5,24,ZHO,Guanyu Zhou,Alfa Romeo,16.0,16,0.0,Finished,2023-02-26,0.0,14.0,0.3333333333333333,0.3333333333333333,0.0,0.0,14.5,0.25,0.5,0.0,0.0,14.5,0.25,0.5,0.0,0.0,10.0,8.0,13.0,13.0,8.0,0,13.0,2.999999999999997,1.3333333333333333,0.0,0.0,1.0,4.0,14.11111111111111,5.0,1.0,8.0,16.666666666666668,14.11111111111111,0.5,4.725815626252608,0.9359774212715389,1.0,15.0,85.0,0,4,4,0.0,0.0,1.0
2023,Monaco Grand Prix,6,24,ZHO,Guanyu Zhou,Alfa Romeo,19.0,13,0.0,Finished,2023-03-12,6.0,15.0,0.3333333333333333,1.3333333333333333,0.0,0.0,14.8,0.2,0.4,0.0,0.0,14.8,0.2,0.4,0.0,0.0,10.0,8.0,11.0,11.0,8.0,0,11.0,3.0000000000000013,1.6666666666666665,0.0,0.0,1.0,5.0,14.0,5.0,1.0,8.0,13.333333333333334,14.0,0.4,4.09878030638384,0.9370172311348781,1.0,16.0,110.0,0,5,5,0.0,0.0,1.0
2023,Spanish Grand Prix,7,24,ZHO,Guanyu Zhou,Alfa Romeo,9.0,10,1.0,Finished,2023-03-26,-1.0,16.0,0.0,1.0,0.0,0.0,14.2,0.2,1.4,0.0,0.0,14.5,0.16666666666666666,1.3333333333333333,0.0,0.0,10.0,8.0,19.0,19.0,8.0,0,19.0,-3.0,0.0,0.0,0.0,1.0,5.0,14.307692307692308,5.0,1.0,8.0,14.333333333333334,14.307692307692308,1.3333333333333333,4.320493798938574,0.8891810259457319,1.0,16.0,135.0,0,6,6,0.0,0.0,1.0
2023,Canadian Grand Prix,8,24,ZHO,Guanyu Zhou,Alfa Romeo,19.0,16,0.0,Finished,2023-04-09,3.0,13.0,0.3333333333333333,1.6666666666666667,0.0,0.0,13.6,0.4,1.8,0.0,0.0,13.857142857142858,0.2857142857142857,1.0,0.0,0.0,10.0,8.0,11.0,11.0,8.0,0,11.0,-3.000000000000002,1.1666666666666667,0.0,0.0,2.0,5.0,13.8,6.0,1.0,8.0,13.333333333333334,13.8,1.0,4.041451884327381,0.9050123079534844,2.0,16.0,159.0,0,7,7,0.0,0.0,2.0
2023,Austrian Grand Prix,9,24,ZHO,Guanyu Zhou,Alfa Romeo,15.0,14,0.0,Finished,2023-04-23,1.0,13.0,0.3333333333333333,2.6666666666666665,0.0,0.0,14.8,0.2,1.0,0.0,0.0,14.125,0.25,1.25,0.0,0.0,10.0,8.0,16.0,16.0,8.0,0,16.0,1.4999999999999984,1.3333333333333333,0.0,0.0,1.0,5.0,14.058823529411764,6.0,1.0,8.0,14.333333333333334,14.058823529411764,1.25,3.8078865529319543,0.8918857694592989,2.0,17.0,184.0,0,8,8,0.0,0.0,2.0
2023,British Grand Prix,10,24,ZHO,Guanyu Zhou,Alfa Romeo,19.0,15,0.0,Finished,2023-05-07,4.0,13.333333333333334,0.3333333333333333,1.0,0.0,0.0,13.8,0.2,1.8,0.0,0.0,14.11111111111111,0.2222222222222222,1.2222222222222223,0.0,0.0,10.0,8.0,13.0,13.0,8.0,0,13.0,2.0000000000000018,1.5,0.0,0.0,1.0,5.0,14.0,6.0,1.0,8.0,14.333333333333334,14.0,1.2222222222222223,3.5629263877386586,0.8900095728527102,2.0,17.0,209.0,0,9,9,0.0,0.0,2.0
2023,Hungarian Grand Prix,11,24,ZHO,Guanyu Zhou,Alfa Romeo,16.0,16,0.0,Finished,2023-05-21,0.0,15.0,0.0,2.6666666666666665,0.0,0.0,13.6,0.2,2.6,0.0,0.0,14.2,0.2,1.5,0.0,0.0,10.0,8.0,12.0,12.0,8.0,0,12.0,-0.5000000000000017,0.0,0.0,0.0,1.0,5.0,13.952380952380953,6.0,1.0,8.0,13.333333333333334,13.952380952380953,1.5,3.4721111093332766,0.8760086155674391,2.0,17.0,234.0,0,10,10,0.0,0.0,2.0
2023,Belgian Grand Prix,12,24,ZHO,Guanyu Zhou,Alfa Romeo,15.0,13,0.0,Finished,2023-06-04,2.0,15.0,0.0,1.6666666666666667,0.0,0.0,14.2,0.2,1.4,0.0,0.0,14.2,0.2,1.4,0.0,0.0,10.0,8.0,12.0,12.0,8.0,0,12.0,1.0,0.0,0.0,0.0,1.0,5.0,13.956521739130435,6.0,1.0,8.0,13.333333333333334,13.956521739130435,1.3636363636363635,3.3248376583745345,0.881932966023875,2.0,17.0,259.0,0,11,11,0.0,0.0,2.0
2023,Dutch Grand Prix,13,24,ZHO,Guanyu Zhou,Alfa Romeo,17.0,18,0.0,Finished,2023-06-18,-1.0,14.666666666666666,0.0,2.0,0.0,0.0,14.8,0.0,2.0,0.0,0.0,14.2,0.2,1.9,0.0,0.0,10.0,8.0,16.0,16.0,8.0,0,16.0,-0.9999999999999998,0.0,0.0,0.0,0.0,5.0,14.0,6.0,1.0,8.0,13.666666666666666,14.0,1.4166666666666667,3.175426480542942,0.8761468855218855,2.0,17.0,284.0,0,12,12,0.0,0.0,2.0
2023,Italian Grand Prix,14,24,ZHO,Guanyu Zhou,Alfa Romeo,16.0,14,0.0,Finished,2023-07-02,2.0,15.666666666666666,0.0,0.3333333333333333,0.0,0.0,15.2,0.0,1.2,0.0,0.0,15.0,0.1,1.1,0.0,0.0,10.0,8.0,10.0,10.0,8.0,0,10.0,1.0,0.0,0.0,0.0,0.0,5.0,14.0,7.0,1.0,8.0,14.666666666666666,14.0,1.2307692307692308,3.1132471299766253,0.8856740481740482,2.0,17.0,309.0,0,13,13,0.0,0.0,2.0
2023,Singapore Grand Prix,15,24,ZHO,Guanyu Zhou,Alfa Romeo,19.0,13,0.0,Finished,2023-07-16,6.0,15.0,0.0,1.0,0.0,0.0,15.2,0.0,1.4,0.0,0.0,14.5,0.1,1.6,0.0,0.0,10.0,8.0,17.0,17.0,8.0,0,17.0,0.5000000000000003,0.0,0.0,0.0,0.0,5.0,14.10344827586207,7.0,1.0,8.0,13.666666666666666,14.10344827586207,1.2857142857142858,2.9981679387604343,0.8812351455733809,2.0,16.0,334.0,0,14,14,0.0,0.0,2.0
2023,Japanese Grand Prix,16,24,ZHO,Guanyu Zhou,Alfa Romeo,18.0,13,0.0,Finished,2023-07-30,5.0,15.0,0.0,2.3333333333333335,0.0,0.0,14.8,0.0,1.8,0.0,0.0,14.2,0.1,2.2,0.0,0.0,10.0,8.0,20.0,20.0,8.0,0,20.0,-2.4999999999999996,0.0,0.0,0.0,0.0,5.0,14.258064516129032,7.0,1.0,8.0,16.666666666666668,14.258064516129032,1.6,3.135055251278904,0.8658194692018222,2.0,17.0,344.0,0,15,15,0.0,0.0,2.0
2023,Qatar Grand Prix,17,24,ZHO,Guanyu Zhou,Alfa Romeo,17.0,12,0.0,Finished,2023-08-13,5.0,13.333333333333334,0.0,4.333333333333333,0.0,0.0,14.2,0.0,2.8,0.0,0.0,14.2,0.1,2.1,0.0,0.0,10.0,8.0,8.0,8.0,8.0,0,8.0,-0.5000000000000016,0.0,0.0,0.0,0.0,5.0,14.030303030303031,11.0,1.0,8.0,13.666666666666666,14.030303030303031,1.8125,3.1457643480294792,0.8544689102714451,2.0,16.0,369.0,0,16,16,0.0,0.0,2.0
2023,United States Grand Prix,18,24,ZHO,Guanyu Zhou,Alfa Romeo,11.0,15,0.0,Finished,2023-08-27,-4.0,12.666666666666666,0.0,5.333333333333333,0.0,0.0,14.0,0.0,3.4,0.0,0.0,14.4,0.0,2.7,0.0,0.0,10.0,8.0,14.0,14.0,8.0,0,14.0,-0.5,0.0,0.0,0.0,0.0,5.0,13.971428571428572,11.0,1.0,8.0,11.333333333333334,13.971428571428572,2.0,3.142451272494134,0.843421719471164,2.0,17.0,394.0,0,17,17,0.0,0.0,2.0
2023,Mexico City Grand Prix,19,24,ZHO,Guanyu Zhou,Alfa Romeo,10.0,16,0.0,Finished,2023-09-10,-6.0,13.333333333333334,0.0,2.0,0.0,0.0,13.4,0.0,2.8,0.0,0.0,14.3,0.0,2.0,0.0,0.0,10.0,8.0,15.0,15.0,8.0,0,15.0,1.0000000000000007,0.0,0.0,0.0,0.0,5.0,14.027027027027026,11.0,1.0,8.0,14.666666666666666,14.027027027027026,1.6666666666666667,3.360672201667224,0.866009401722766,2.0,17.0,419.0,0,18,18,0.0,0.0,2.0
2023,São Paulo Grand Prix,20,24,ZHO,Guanyu Zhou,Alfa Romeo,17.0,17,0.0,Finished,2023-09-24,0.0,14.333333333333334,0.0,-1.6666666666666667,0.0,0.0,13.8,0.0,1.2,0.0,0.0,14.5,0.0,1.3,0.0,0.0,10.0,8.0,16.0,16.0,8.0,0,16.0,2.0,0.0,0.0,0.0,0.0,5.0,14.128205128205128,11.0,1.0,8.0,15.666666666666666,14.128205128205128,1.263157894736842,3.7094789281149256,0.896984983450276,2.0,18.0,444.0,0,19,19,0.0,0.0,2.0
2023,Las Vegas Grand Prix,21,24,ZHO,Guanyu Zhou,Alfa Romeo,17.0,15,0.0,Finished,2023-10-08,2.0,16.0,0.0,-3.3333333333333335,0.0,0.0,14.6,0.0,0.0,0.0,0.0,14.7,0.0,0.9,0.0,0.0,10.0,8.0,17.0,17.0,8.0,0,17.0,0.9999999999999978,0.0,0.0,0.0,0.0,5.0,14.268292682926829,11.0,1.0,8.0,16.666666666666668,14.268292682926829,1.2,3.62157279005741,0.8993579564999843,2.0,18.0,469.0,0,20,20,0.0,0.0,2.0
2023,Abu Dhabi Grand Prix,22,24,ZHO,Guanyu Zhou,Alfa Romeo,18.0,17,0.0,Finished,2023-10-22,1.0,16.0,0.0,-1.3333333333333333,0.0,0.0,15.0,0.0,-0.6,0.0,0.0,14.6,0.0,1.1,0.0,0.0,10.0,8.0,19.0,19.0,8.0,0,19.0,-0.4999999999999989,0.0,0.0,0.0,0.0,5.0,14.395348837209303,11.0,1.0,8.0,17.0,14.395348837209303,1.2380952380952381,3.5341867792288784,0.8962139268253819,2.0,18.0,494.0,0,21,21,0.0,0.0,2.0
2024,Bahrain Grand Prix,1,24,ZHO,Guanyu Zhou,Kick Sauber,13.0,11,0.0,Finished,2024-01-01,2.0,16.333333333333332,0.0,1.0,0.0,0.0,16.0,0.0,-1.4,0.0,0.0,15.0,0.0,1.0,0.0,0.0,16.0,16.0,19.0,11.275862068965518,16.0,1,19.0,4.926229453657312e-17,0.0,0.0,0.0,0.0,5.0,19.0,0.0,1.0,19.0,19.0,19.0,1.2272727272727273,3.449386669868775,0.8961467866108311,0.0,1.0,0.0,1,22,0,0.0,0.0,2.0
2024,Saudi Arabian Grand Prix,2,24,ZHO,Guanyu Zhou,Kick Sauber,19.0,18,0.0,Finished,2024-01-15,1.0,14.333333333333334,0.0,1.6666666666666667,0.0,0.0,15.2,0.0,-0.2,0.0,0.0,14.3,0.0,1.3,0.0,0.0,13.0,13.0,17.0,11.620689655172415,13.0,1,17.0,-1.9999999999999996,0.0,0.0,0.0,0.0,5.0,15.666666666666666,0.0,1.0,11.0,15.666666666666666,15.666666666666666,1.2608695652173914,3.3739293426932,0.8913453735283726,0.0,10.0,25.0,0,23,1,0.0,0.0,2.0
2024,Australian Grand Prix,3,24,ZHO,Guanyu Zhou,Kick Sauber,19.0,16,0.0,Finished,2024-01-29,3.0,15.333333333333334,0.0,1.3333333333333333,0.0,0.0,15.6,0.0,1.2,0.0,0.0,14.7,0.0,1.2,0.0,0.0,10.0,10.0,15.0,10.689655172413794,10.0,1,15.0,0.4999999999999984,0.0,0.0,0.0,0.0,5.0,16.0,0.0,1.0,11.0,16.666666666666668,16.0,1.25,3.3001976225411243,0.8917059829646904,0.0,12.0,50.0,0,24,2,0.0,0.0,2.0
2024,Japanese Grand Prix,4,24,ZHO,Guanyu Zhou,Kick Sauber,20.0,18,0.0,Finished,2024-02-12,2.0,15.0,0.0,2.0,0.0,0.0,15.4,0.0,1.8,0.0,0.0,15.0,0.0,0.9,0.0,0.0,13.0,13.0,14.0,11.448275862068966,13.0,1,14.0,2.5,0.0,0.0,0.0,0.0,5.0,15.714285714285714,0.0,1.0,11.0,15.0,15.714285714285714,1.32,3.249615361854384,0.8880377436461028,0.0,14.0,50.0,0,25,3,0.0,0.0,2.0
2024,Chinese Grand Prix,5,24,ZHO,Guanyu Zhou,Kick Sauber,17.0,14,0.0,Finished,2024-02-26,3.0,17.333333333333332,0.0,2.0,0.0,0.0,16.0,0.0,1.8,0.0,0.0,15.5,0.0,0.6,0.0,0.0,10.0,8.0,20.0,10.941176470588236,8.0,0,20.0,-6.658766580694421e-16,0.0,0.0,0.0,0.0,5.0,16.444444444444443,0.0,1.0,11.0,17.333333333333332,16.444444444444443,1.3461538461538463,3.1867514203942258,0.8868494787805934,0.0,14.0,75.0,0,26,4,0.0,0.0,2.0
2024,Miami Grand Prix,6,24,ZHO,Guanyu Zhou,Kick Sauber,18.0,15,0.0,Finished,2024-03-11,3.0,16.0,0.0,2.6666666666666665,0.0,0.0,15.4,0.0,2.2,0.0,0.0,15.7,0.0,0.4,0.0,0.0,16.0,16.0,17.0,11.517241379310345,16.0,1,17.0,-0.9999999999999992,0.0,0.0,0.0,0.0,5.0,16.272727272727273,0.0,1.0,11.0,17.0,16.272727272727273,1.4074074074074074,3.1410343624508257,0.8828097861508595,0.0,14.0,100.0,0,27,5,0.0,0.0,2.0
2024,Emilia Romagna Grand Prix,7,24,ZHO,Guanyu Zhou,Kick Sauber,18.0,15,0.0,Finished,2024-03-25,3.0,15.666666666666666,0.0,2.6666666666666665,0.0,0.0,16.2,0.0,2.4,0.0,0.0,15.7,0.0,1.1,0.0,0.0,10.0,8.0,18.0,12.294117647058824,8.0,0,18.0,-1.4999999999999998,0.0,0.0,0.0,0.0,5.0,16.307692307692307,0.0,1.0,11.0,16.666666666666668,16.307692307692307,1.4642857142857142,3.0969775332200653,0.8794763539387046,0.0,15.0,118.0,0,28,6,0.0,0.0,2.0
2024,Monaco Grand Prix,8,24,ZHO,Guanyu Zhou,Kick Sauber,20.0,16,0.0,Finished,2024-04-08,4.0,14.666666666666666,0.0,3.0,0.0,0.0,15.6,0.0,2.8,0.0,0.0,15.6,0.0,2.0,0.0,0.0,13.0,13.0,13.0,11.413793103448276,13.0,1,13.0,0.5000000000000004,0.0,0.0,0.0,0.0,5.0,16.0,0.0,1.0,11.0,15.333333333333334,16.0,1.5172413793103448,3.054512933527004,0.8763728136032503,0.0,15.0,143.0,0,29,7,0.0,0.0,2.0
2024,Canadian Grand Prix,9,24,ZHO,Guanyu Zhou,Kick Sauber,20.0,15,0.0,Finished,2024-04-22,5.0,15.333333333333334,0.0,3.3333333333333335,0.0,0.0,15.6,0.0,3.0,0.0,0.0,15.5,0.0,2.4,0.0,0.0,16.0,16.0,13.0,11.0,16.0,1,13.0,0.499999999999999,0.0,0.0,0.0,0.0,5.0,15.823529411764707,0.0,1.0,11.0,14.0,15.823529411764707,1.6,3.0354230518081455,0.8725572118799673,0.0,17.0,151.0,0,30,8,0.0,0.0,2.0
2024,Spanish Grand Prix,10,24,ZHO,Guanyu Zhou,Kick Sauber,17.0,13,0.0,Finished,2024-05-06,4.0,15.333333333333334,0.0,4.0,0.0,0.0,15.0,0.0,3.6,0.0,0.0,15.5,0.0,2.7,0.0,0.0,10.0,10.0,16.0,11.035714285714286,10.0,1,16.0,4.353454662371719e-16,0.0,0.0,0.0,0.0,5.0,15.789473684210526,0.0,1.0,11.0,14.666666666666666,15.789473684210526,1.7096774193548387,3.0462386466711893,0.8674516796995075,0.0,18.0,176.0,0,31,9,0.0,0.0,2.0
2024,Austrian Grand Prix,11,24,ZHO,Guanyu Zhou,Kick Sauber,19.0,17,0.0,Finished,2024-05-20,2.0,14.666666666666666,0.0,4.333333333333333,0.0,0.0,14.8,0.0,3.8,0.0,0.0,15.1,0.0,3.0,0.0,0.0,14.0,14.0,16.0,10.96551724137931,14.0,1,16.0,-1.5000000000000033,0.0,0.0,0.0,0.0,5.0,15.666666666666666,0.0,1.0,11.0,15.0,15.666666666666666,1.78125,3.023930096051569,0.8629132591533424,0.0,18.0,201.0,0,32,10,0.0,0.0,2.0
2024,British Grand Prix,12,24,ZHO,Guanyu Zhou,Kick Sauber,15.0,18,0.0,Finished,2024-06-03,-3.0,15.0,0.0,3.6666666666666665,0.0,0.0,15.2,0.0,3.6,0.0,0.0,15.7,0.0,3.0,0.0,0.0,15.0,15.0,15.0,12.241379310344827,15.0,1,15.0,0.9999999999999992,0.0,0.0,0.0,0.0,5.0,15.695652173913043,0.0,1.0,11.0,16.0,15.695652173913043,1.7878787878787878,2.9765497618633026,0.8625219482699077,0.0,18.0,211.0,0,33,11,0.0,0.0,2.0
2024,Hungarian Grand Prix,13,24,ZHO,Guanyu Zhou,Kick Sauber,19.0,19,0.0,Finished,2024-06-17,0.0,16.0,0.0,1.0,0.0,0.0,15.8,0.0,2.4,0.0,0.0,15.7,0.0,2.6,0.0,0.0,16.0,16.0,16.0,12.827586206896552,16.0,1,16.0,2.5000000000000013,0.0,0.0,0.0,0.0,5.0,15.8,0.0,1.0,11.0,16.333333333333332,15.8,1.6470588235294117,3.043944340481621,0.8702418909678515,0.0,18.0,229.0,0,34,12,0.0,0.0,2.0
2024,Belgian Grand Prix,14,24,ZHO,Guanyu Zhou,Kick Sauber,18.0,20,0.0,Finished,2024-07-01,-2.0,18.0,0.0,-0.3333333333333333,0.0,0.0,16.4,0.0,1.6,0.0,0.0,16.0,0.0,2.3,0.0,0.0,13.0,13.0,16.0,11.758620689655173,13.0,1,16.0,0.9999999999999984,0.0,0.0,0.0,0.0,5.0,15.925925925925926,0.0,1.0,11.0,17.0,15.925925925925926,1.6,3.0117417278535217,0.8725206940830559,0.0,18.0,239.0,0,35,13,0.0,0.0,2.0
2024,Dutch Grand Prix,15,24,ZHO,Guanyu Zhou,Kick Sauber,19.0,20,0.0,Finished,2024-07-15,-1.0,19.0,0.0,-1.6666666666666667,0.0,0.0,17.4,0.0,0.2,0.0,0.0,16.2,0.0,1.9,0.0,0.0,18.0,18.0,19.0,11.862068965517242,18.0,1,19.0,0.9999999999999988,0.0,0.0,0.0,0.0,5.0,16.17241379310345,0.0,1.0,11.0,18.333333333333332,16.17241379310345,1.5,3.028436654683167,0.8775237742181756,0.0,18.0,249.0,0,36,14,0.0,0.0,2.0
2024,Italian Grand Prix,16,24,ZHO,Guanyu Zhou,Kick Sauber,20.0,18,0.0,Finished,2024-07-29,2.0,19.666666666666668,0.0,-1.0,0.0,0.0,18.8,0.0,-0.8,0.0,0.0,16.8,0.0,1.5,0.0,0.0,14.0,14.0,16.0,12.758620689655173,14.0,1,16.0,0.4999999999999989,0.0,0.0,0.0,0.0,5.0,16.29032258064516,0.0,1.0,11.0,18.333333333333332,16.29032258064516,1.4324324324324325,3.0142305130141565,0.8808339424825493,0.0,18.0,267.0,0,37,15,0.0,0.0,2.0
2024,Azerbaijan Grand Prix,17,24,ZHO,Guanyu Zhou,Kick Sauber,18.0,14,0.0,Finished,2024-08-12,4.0,19.333333333333332,0.0,-0.3333333333333333,0.0,0.0,19.0,0.0,-0.8,0.0,0.0,17.1,0.0,1.4,0.0,0.0,19.0,19.0,18.0,12.724137931034482,19.0,1,18.0,-0.9999999999999992,0.0,0.0,0.0,0.0,5.0,16.393939393939394,0.0,1.0,11.0,17.333333333333332,16.393939393939394,1.4473684210526316,2.974643911653625,0.8802104928683467,0.0,18.0,275.0,0,38,16,0.0,0.0,2.0
2024,Singapore Grand Prix,18,24,ZHO,Guanyu Zhou,Kick Sauber,20.0,15,0.0,Finished,2024-08-26,5.0,17.333333333333332,0.0,1.6666666666666667,0.0,0.0,18.2,0.0,0.6,0.0,0.0,17.0,0.0,1.5,0.0,0.0,13.0,13.0,16.0,11.892857142857142,13.0,1,16.0,-2.9999999999999987,0.0,0.0,0.0,0.0,5.0,16.314285714285713,0.0,1.0,11.0,16.0,16.314285714285713,1.5128205128205128,2.9635664402682016,0.8765343803656498,0.0,19.0,285.0,0,39,17,0.0,0.0,2.0
2024,United States Grand Prix,19,24,ZHO,Guanyu Zhou,Kick Sauber,15.0,19,0.0,Finished,2024-09-09,-4.0,15.666666666666666,0.0,3.6666666666666665,0.0,0.0,17.4,0.0,1.6,0.0,0.0,16.9,0.0,1.6,0.0,0.0,15.0,15.0,17.0,11.586206896551724,15.0,1,17.0,-1.4999999999999998,0.0,0.0,0.0,0.0,5.0,16.2972972972973,0.0,1.0,11.0,16.0,16.2972972972973,1.6,2.9768336301410026,0.8724781637136513,0.0,18.0,303.0,0,40,18,0.0,0.0,2.0
2024,Mexico City Grand Prix,20,24,ZHO,Guanyu Zhou,Kick Sauber,18.0,15,0.0,Finished,2024-09-23,3.0,16.0,0.0,1.6666666666666667,0.0,0.0,17.2,0.0,1.2,0.0,0.0,17.3,0.0,0.7,0.0,0.0,16.0,16.0,14.0,11.0,16.0,1,14.0,2.5000000000000013,0.0,0.0,0.0,0.0,5.0,16.307692307692307,0.0,1.0,11.0,16.666666666666668,16.307692307692307,1.4634146341463414,3.0667373622109353,0.8801616231352695,0.0,19.0,315.0,0,41,19,0.0,0.0,2.0
2024,São Paulo Grand Prix,21,24,ZHO,Guanyu Zhou,Kick Sauber,17.0,15,0.0,Finished,2024-10-07,2.0,16.333333333333332,0.0,1.3333333333333333,0.0,0.0,16.2,0.0,2.0,0.0,0.0,17.5,0.0,0.6,0.0,0.0,17.0,17.0,13.0,12.03448275862069,17.0,1,13.0,5.146174426702842e-16,0.0,0.0,0.0,0.0,5.0,16.195121951219512,0.0,1.0,11.0,14.0,16.195121951219512,1.5,3.0383724783299972,0.8780023864942043,0.0,18.0,323.0,0,42,20,0.0,0.0,2.0
2024,Las Vegas Grand Prix,22,24,ZHO,Guanyu Zhou,Kick Sauber,12.0,13,0.0,Finished,2024-10-21,-1.0,16.333333333333332,0.0,0.3333333333333333,0.0,0.0,15.6,0.0,2.0,0.0,0.0,17.3,0.0,0.6,0.0,0.0,15.0,15.0,18.0,12.0,15.0,1,18.0,-1.999999999999999,0.0,0.0,0.0,0.0,5.0,16.209302325581394,0.0,1.0,11.0,15.333333333333334,16.209302325581394,1.5116279069767442,3.0029516671756697,0.8769635713044166,0.0,19.0,348.0,0,43,21,0.0,0.0,2.0
2024,Qatar Grand Prix,23,24,ZHO,Guanyu Zhou,Kick Sauber,17.0,8,4.0,Finished,2024-11-04,9.0,14.333333333333334,0.0,1.3333333333333333,0.0,0.0,15.4,0.0,1.0,0.0,0.0,16.8,0.0,0.8,0.0,0.0,12.0,12.0,11.0,11.464285714285714,12.0,1,11.0,-0.9999999999999996,0.0,0.0,0.0,0.0,5.0,16.022222222222222,0.0,1.0,11.0,14.0,16.022222222222222,1.4545454545454546,2.991884724916413,0.8797598537747707,0.0,19.0,358.0,0,44,22,0.0,0.0,2.0
2024,Abu Dhabi Grand Prix,24,24,ZHO,Guanyu Zhou,Kick Sauber,15.0,14,0.0,Finished,2024-11-18,1.0,12.0,1.3333333333333333,3.3333333333333335,0.0,0.0,14.0,0.8,1.8,0.0,0.0,15.7,0.4,1.7,0.0,0.0,17.0,17.0,18.0,11.241379310344827,17.0,1,18.0,-3.4999999999999987,10.0,0.0,0.0,1.0,5.0,15.893617021276595,4.0,1.0,8.0,12.333333333333334,15.893617021276595,1.6222222222222222,3.1643532219288213,0.8700861780118746,4.0,17.0,379.0,0,45,23,0.0,0.0,6.0
